using System;

namespace Dubzer.WhatwgUrl.Uts46;

internal class IdnaMappingTable
{
    /// <summary>
    /// This flag is used in <see cref="MainRefs"/> table
    /// </summary>
    internal const uint RefBoolPackFlag = 0b1000000000000000;
    
    internal static ReadOnlySpan<uint> MainRefs =>
    [
        0x8000, 0x0000, 0x0040, 0x0080, 0x00C0, 0x0100, 0x0140, 0x0180, 0x01C0, 0x0200, 0x0240, 0x0280, 0x8000, 0x02C0,
        0x0300, 0x0340, 0x0380, 0x03C0, 0x0400, 0x0440, 0x0480, 0x04C0, 0x0500, 0x8001, 0x8002, 0x0540, 0x8000, 0x8003,
        0x8004, 0x8005, 0x8006, 0x8007, 0x8008, 0x8009, 0x800A, 0x800B, 0x8000, 0x0580, 0x800C, 0x05C0, 0x0600, 0x0640,
        0x800D, 0x800E, 0x800F, 0x0680, 0x8010, 0x8011, 0x8012, 0x8013, 0x8014, 0x8015, 0x8016, 0x8017, 0x8018, 0x8019,
        0x06C0, 0x801A, 0x0700, 0x0740, 0x0780, 0x07C0, 0x0800, 0x801B, 0x8000, 0x8000, 0x801C, 0x0840, 0x8000, 0x801D,
        0x8000, 0x8000, 0x8000, 0x801E, 0x801F, 0x8020, 0x8021, 0x8022, 0x8023, 0x0880, 0x8000, 0x8000, 0x8000, 0x8000,
        0x8000, 0x8000, 0x8000, 0x8000, 0x8000, 0x8000, 0x8024, 0x8025, 0x8026, 0x8027, 0x8028, 0x8029, 0x08C0, 0x8025,
        0x802A, 0x802B, 0x802C, 0x802D, 0x802E, 0x802F, 0x8030, 0x8031, 0x8032, 0x8033, 0x8000, 0x8034, 0x8000, 0x8035,
        0x8036, 0x8037, 0x0900, 0x8038, 0x0940, 0x0980, 0x09C0, 0x8000, 0x0A00, 0x0A40, 0x0A80, 0x0AC0, 0x0B00, 0x0B40,
        0x0B80, 0x0BC0, 0x0C00, 0x0C40, 0x0C80, 0x8039, 0x0CC0, 0x0D00, 0x0D40, 0x8000, 0x0D80, 0x8000, 0x8000, 0x8000,
        0x0DC0, 0x8000, 0x8000, 0x8000, 0x803A, 0x0E00, 0x0E40, 0x0E80, 0x8000, 0x8000, 0x8000, 0x8000, 0x8000, 0x8000,
        0x8000, 0x8000, 0x8000, 0x8000, 0x8000, 0x8000, 0x8000, 0x8000, 0x8000, 0x8000, 0x8000, 0x8000, 0x8000, 0x8000,
        0x0EC0, 0x0F00, 0x8000, 0x0F40, 0x8000, 0x8028, 0x803B, 0x8000, 0x0F80, 0x0FC0, 0x1000, 0x1040, 0x803C, 0x1080,
        0x803D, 0x803E, 0x8000, 0x803F, 0x10C0, 0x1100, 0x1140, 0x1180, 0x11C0, 0x1200, 0x1240, 0x8040, 0x1280, 0x12C0,
        0x1300, 0x1340, 0x1380, 0x8041, 0x13C0, 0x1400, 0x1440, 0x1480, 0x14C0, 0x1500, 0x1540, 0x1580, 0x8000, 0x8000,
        0x8000, 0x8000, 0x8000, 0x8000, 0x8000, 0x8000, 0x8000, 0x8000, 0x8000, 0x8000, 0x8000, 0x8000, 0x8000, 0x8000,
        0x8000, 0x8000, 0x8000, 0x8000, 0x8000, 0x8000, 0x8000, 0x8000, 0x8000, 0x8000, 0x8000, 0x8000, 0x8000, 0x8000,
        0x8000, 0x8000, 0x8000, 0x8000, 0x8000, 0x8000, 0x8000, 0x8000, 0x8000, 0x8000, 0x8000, 0x8000, 0x8000, 0x8000,
        0x8000, 0x8000, 0x8000, 0x8000, 0x8000, 0x8000, 0x8000, 0x8000, 0x8000, 0x8000, 0x8000, 0x8000, 0x8000, 0x8000,
        0x8000, 0x8000, 0x8000, 0x8000, 0x8000, 0x8000, 0x8000, 0x8000, 0x8000, 0x8000, 0x8000, 0x8000, 0x8000, 0x8000,
        0x8000, 0x8000, 0x8000, 0x8000, 0x8000, 0x8000, 0x8000, 0x8000, 0x8000, 0x8000, 0x8000, 0x8000, 0x8000, 0x8000,
        0x8000, 0x8000, 0x8000, 0x8000, 0x8000, 0x8000, 0x8000, 0x8000, 0x8000, 0x8000, 0x8000, 0x8000, 0x8000, 0x8000,
        0x8000, 0x8000, 0x8000, 0x8000, 0x8000, 0x8000, 0x8000, 0x8000, 0x8000, 0x8000, 0x8000, 0x8000, 0x8000, 0x8000,
        0x8000, 0x8000, 0x8000, 0x8000, 0x8000, 0x8000, 0x8000, 0x8000, 0x8000, 0x8000, 0x8000, 0x8000, 0x8000, 0x8000,
        0x8000, 0x8000, 0x8000, 0x8000, 0x8000, 0x8000, 0x8000, 0x8000, 0x8000, 0x8000, 0x8000, 0x8000, 0x8000, 0x8000,
        0x8000, 0x8000, 0x8000, 0x8000, 0x8000, 0x8000, 0x8000, 0x8000, 0x8000, 0x8000, 0x8000, 0x8000, 0x8000, 0x8000,
        0x8000, 0x8000, 0x8000, 0x8000, 0x8000, 0x8000, 0x8000, 0x8000, 0x8000, 0x8000, 0x8000, 0x8000, 0x8000, 0x8000,
        0x8000, 0x8000, 0x8000, 0x8000, 0x8000, 0x8000, 0x8000, 0x8000, 0x8000, 0x8000, 0x8000, 0x8000, 0x8000, 0x8000,
        0x8000, 0x8000, 0x8000, 0x8000, 0x8000, 0x8000, 0x8000, 0x8000, 0x8000, 0x8000, 0x8000, 0x8000, 0x8000, 0x8000,
        0x8000, 0x8000, 0x8000, 0x8000, 0x8000, 0x8000, 0x8000, 0x8000, 0x8000, 0x8000, 0x8000, 0x8000, 0x8000, 0x8000,
        0x8000, 0x8000, 0x8000, 0x8000, 0x8000, 0x8000, 0x8000, 0x8000, 0x8000, 0x8000, 0x8000, 0x8000, 0x8000, 0x8000,
        0x8000, 0x8000, 0x8000, 0x8000, 0x8000, 0x8000, 0x8000, 0x8000, 0x8000, 0x8000, 0x8000, 0x8000, 0x8000, 0x8000,
        0x8000, 0x8000, 0x8000, 0x8000, 0x8000, 0x8000, 0x8000, 0x8000, 0x8000, 0x8000, 0x8000, 0x8000, 0x8000, 0x8000,
        0x8000, 0x8000, 0x8000, 0x8000, 0x8000, 0x8000, 0x8000, 0x8000, 0x8000, 0x8000, 0x8000, 0x8000, 0x8000, 0x8000,
        0x8000, 0x8000, 0x8000, 0x8000, 0x8000, 0x8000, 0x8000, 0x8000, 0x8000, 0x8000, 0x8000, 0x8000, 0x8000, 0x8000,
        0x8000, 0x8000, 0x8000, 0x8000, 0x8000, 0x8000, 0x8000, 0x8000, 0x8000, 0x8000, 0x8000, 0x8000, 0x8000, 0x8000,
        0x8000, 0x8000, 0x8000, 0x8000, 0x8000, 0x8000, 0x8000, 0x8000, 0x8000, 0x8000, 0x8000, 0x8000, 0x8000, 0x8000,
        0x8000, 0x8000, 0x8000, 0x8000, 0x8000, 0x8000, 0x8000, 0x8000, 0x8000, 0x8000, 0x8000, 0x8000, 0x8000, 0x8000,
        0x8000, 0x8000, 0x8000, 0x8000, 0x8000, 0x8000, 0x8000, 0x8000, 0x8000, 0x8000, 0x8000, 0x8000, 0x8000, 0x8000,
        0x8000, 0x8000, 0x8000, 0x8000, 0x8000, 0x8000, 0x8000, 0x8000, 0x8000, 0x8000, 0x8000, 0x8000, 0x8000, 0x8000,
        0x8000, 0x8000, 0x8000, 0x8000, 0x8000, 0x8000, 0x8000, 0x8000, 0x8000, 0x8000, 0x8000, 0x8000, 0x8000, 0x8000,
        0x8000, 0x8000, 0x8000, 0x8000, 0x8000, 0x8000, 0x8000, 0x8000, 0x8000, 0x8000, 0x8000, 0x8000, 0x8000, 0x8000,
        0x8000, 0x8000, 0x8000, 0x8000, 0x8000, 0x8000, 0x8000, 0x8000, 0x8000, 0x8000, 0x8000, 0x8000, 0x8000, 0x8000,
        0x8000, 0x8000, 0x8000, 0x8000, 0x8000, 0x8000, 0x8000, 0x8000, 0x8000, 0x8000, 0x8000, 0x8000, 0x8000, 0x8000,
        0x8000, 0x8000, 0x8000, 0x8000, 0x8000, 0x8000, 0x8000, 0x8000, 0x8000, 0x8000, 0x8000, 0x8000, 0x8000, 0x8000,
        0x8000, 0x8000, 0x8000, 0x8000, 0x8000, 0x8000, 0x8000, 0x8000, 0x8000, 0x8000, 0x8000, 0x8000, 0x8000, 0x8000,
        0x8000, 0x8000, 0x8000, 0x8000, 0x8000, 0x8000, 0x8000, 0x8000, 0x8000, 0x8000, 0x8000, 0x8000, 0x8000, 0x8000,
        0x8042, 0x8043, 0x8000, 0x8000, 0x8000, 0x8000, 0x8044, 0x15C0, 0x1600, 0x8045, 0x1640, 0x1680, 0x16C0, 0x1700,
        0x8046, 0x8045, 0x8000, 0x8047, 0x8000, 0x8048, 0x8000, 0x8049, 0x804A, 0x804B, 0x8000, 0x804C, 0x804D, 0x1740,
        0x1780, 0x804E, 0x8000, 0x8000, 0x8000, 0x8000, 0x8000, 0x8000, 0x8000, 0x8000, 0x8000, 0x8000, 0x8000, 0x8000,
        0x8000, 0x8000, 0x8000, 0x8000, 0x8000, 0x8000, 0x8000, 0x8000, 0x8000, 0x8000, 0x8000, 0x8000, 0x8000, 0x8000,
        0x8000, 0x8000, 0x8000, 0x8000, 0x8000, 0x8000, 0x8000, 0x8000, 0x8000, 0x8000, 0x8000, 0x8000, 0x8000, 0x8000,
        0x8000, 0x8000, 0x8000, 0x8000, 0x8000, 0x8000, 0x8000, 0x8000, 0x8000, 0x8000, 0x8000, 0x8000, 0x8000, 0x8000,
        0x8000, 0x8000, 0x8000, 0x8000, 0x8000, 0x8000, 0x8000, 0x8000, 0x8000, 0x8000, 0x8000, 0x8000, 0x8000, 0x8000,
        0x8000, 0x8000, 0x8000, 0x8000, 0x8000, 0x8000, 0x8000, 0x8000, 0x8000, 0x8000, 0x8000, 0x8000, 0x8000, 0x8000,
        0x8000, 0x8000, 0x8000, 0x8000, 0x8000, 0x8000, 0x8000, 0x8000, 0x8000, 0x8000, 0x8000, 0x8000, 0x8000, 0x8000,
        0x8000, 0x8000, 0x8000, 0x8000, 0x8000, 0x8000, 0x8000, 0x8000, 0x8000, 0x8000, 0x8000, 0x8000, 0x8000, 0x8000,
        0x8000, 0x8000, 0x8000, 0x8000, 0x8000, 0x8000, 0x8000, 0x8000, 0x8000, 0x8000, 0x8000, 0x8000, 0x8000, 0x8000,
        0x8000, 0x8000, 0x8000, 0x8000, 0x8000, 0x8000, 0x8000, 0x8000, 0x8000, 0x8000, 0x8000, 0x8000, 0x8000, 0x8000,
        0x8000, 0x8000, 0x8000, 0x8000, 0x8000, 0x8000, 0x8000, 0x8000, 0x8000, 0x8000, 0x8000, 0x8000, 0x8000, 0x8000,
        0x8000, 0x8000, 0x8000, 0x8000, 0x8000, 0x8000, 0x8000, 0x8000, 0x8000, 0x8000, 0x8000, 0x8000, 0x8000, 0x8000,
        0x8000, 0x8000, 0x8000, 0x8000, 0x8000, 0x8000, 0x8000, 0x8000, 0x8041, 0x804F, 0x8050, 0x8050, 0x8050, 0x8050,
        0x8050, 0x8050, 0x8050, 0x8050, 0x8050, 0x8050, 0x8050, 0x8050, 0x8050, 0x8050, 0x8050, 0x8050, 0x8050, 0x8050,
        0x8050, 0x8050, 0x8050, 0x8050, 0x8050, 0x8050, 0x8050, 0x8050, 0x8050, 0x8050, 0x8050, 0x8050, 0x8050, 0x8050,
        0x8050, 0x8050, 0x8050, 0x8050, 0x8050, 0x8050, 0x8050, 0x8050, 0x8050, 0x8050, 0x8050, 0x8050, 0x8050, 0x8050,
        0x8050, 0x8050, 0x8050, 0x8050, 0x8050, 0x8050, 0x8050, 0x8050, 0x8050, 0x8050, 0x8050, 0x8050, 0x8050, 0x8050,
        0x8050, 0x8050, 0x8050, 0x8050, 0x8050, 0x8050, 0x8050, 0x8050, 0x8050, 0x8050, 0x8050, 0x8050, 0x8050, 0x8050,
        0x8050, 0x8050, 0x8050, 0x8050, 0x8050, 0x8050, 0x8050, 0x8050, 0x8050, 0x8050, 0x8050, 0x8050, 0x8050, 0x8050,
        0x8050, 0x8050, 0x8050, 0x8050, 0x8050, 0x8050, 0x8050, 0x8050, 0x8050, 0x8050, 0x8050, 0x8050, 0x8050, 0x8050,
        0x8050, 0x8050, 0x8050, 0x8050, 0x8050, 0x8050, 0x8050, 0x8050, 0x8050, 0x8050, 0x8050, 0x8050, 0x8050, 0x8050,
        0x8050, 0x8050, 0x8050, 0x8050, 0x8050, 0x8050, 0x8050, 0x8050, 0x8050, 0x8050, 0x8050, 0x8050, 0x8050, 0x8050,
        0x8050, 0x8050, 0x17C0, 0x1800, 0x1840, 0x1880, 0x18C0, 0x1900, 0x1940, 0x1980, 0x19C0, 0x1A00, 0x1A40, 0x1A80,
        0x1AC0, 0x1B00, 0x1B40, 0x1B80, 0x1BC0, 0x1C00, 0x1C40, 0x1C80, 0x1CC0, 0x1D00, 0x1D40, 0x1D80, 0x1DC0, 0x1E00,
        0x1E40, 0x1E80, 0x8051, 0x8052, 0x8000, 0x8053, 0x8054, 0x8000, 0x8055, 0x8056, 0x8050, 0x8050, 0x8057, 0x8058,
        0x8059, 0x805A, 0x805B, 0x805C, 0x1EC0, 0x8000, 0x1F00, 0x1F40, 0x805D, 0x1F80, 0x1FC0, 0x8050, 0x8000, 0x8000,
        0x8000, 0x8000, 0x804A, 0x805E, 0x2000, 0x8050, 0x805F, 0x803B, 0x8060, 0x8061, 0x8062, 0x8050, 0x8063, 0x8064,
        0x8065, 0x8066, 0x801C, 0x8067, 0x8068, 0x8069, 0x806A, 0x8050, 0x8000, 0x806B, 0x2040, 0x806C, 0x806D, 0x8050,
        0x8050, 0x8050, 0x8050, 0x806E, 0x806F, 0x8070, 0x805D, 0x8071, 0x8072, 0x8073, 0x8000, 0x8074, 0x8075, 0x8076,
        0x8077, 0x8078, 0x8000, 0x8079, 0x807A, 0x807B, 0x807C, 0x807D, 0x807E, 0x807F, 0x8050, 0x8050, 0x8000, 0x8080,
        0x8000, 0x8081, 0x8050, 0x8050, 0x8082, 0x803F, 0x8000, 0x8083, 0x8084, 0x8085, 0x8086, 0x8087, 0x8050, 0x8050,
        0x8088, 0x8050, 0x2080, 0x8089, 0x808A, 0x808B, 0x808C, 0x808D, 0x8000, 0x808E, 0x808F, 0x8025, 0x8085, 0x8050,
        0x8050, 0x8050, 0x8090, 0x8091, 0x8092, 0x8050, 0x8093, 0x8094, 0x8095, 0x8050, 0x8050, 0x8050, 0x8050, 0x8096,
        0x8097, 0x8098, 0x8099, 0x809A, 0x8000, 0x8000, 0x8000, 0x8000, 0x8000, 0x8000, 0x8000, 0x8000, 0x8000, 0x8000,
        0x8000, 0x8000, 0x8000, 0x8000, 0x8098, 0x8050, 0x8000, 0x809B, 0x8000, 0x8000, 0x8000, 0x809C, 0x8050, 0x8050,
        0x8050, 0x8050, 0x8050, 0x8050, 0x8050, 0x8050, 0x8050, 0x8050, 0x8050, 0x8050, 0x8050, 0x8050, 0x8050, 0x8050,
        0x8050, 0x8050, 0x8050, 0x8050, 0x8050, 0x8050, 0x8050, 0x8050, 0x8050, 0x8050, 0x8050, 0x8050, 0x8050, 0x8050,
        0x8050, 0x8050, 0x8050, 0x8050, 0x8050, 0x8050, 0x8050, 0x8050, 0x8050, 0x8050, 0x809D, 0x809E, 0x8000, 0x8000,
        0x8000, 0x8000, 0x8000, 0x8000, 0x8000, 0x8000, 0x8000, 0x8000, 0x8000, 0x8000, 0x8000, 0x8000, 0x8000, 0x8000,
        0x809F, 0x80A0, 0x8050, 0x8050, 0x8050, 0x8050, 0x8050, 0x8050, 0x8050, 0x8050, 0x8050, 0x8050, 0x8050, 0x8050,
        0x8050, 0x8050, 0x8050, 0x8050, 0x8050, 0x8050, 0x8050, 0x8050, 0x8050, 0x8050, 0x8050, 0x8050, 0x8050, 0x8050,
        0x8050, 0x8050, 0x8050, 0x8050, 0x8050, 0x8050, 0x8050, 0x8050, 0x8050, 0x8050, 0x8050, 0x8050, 0x8050, 0x8050,
        0x8050, 0x8050, 0x8050, 0x8050, 0x8050, 0x8050, 0x8050, 0x8050, 0x8050, 0x8050, 0x8050, 0x8050, 0x8050, 0x8050,
        0x8050, 0x8050, 0x8050, 0x8050, 0x8050, 0x8050, 0x8050, 0x8050, 0x8000, 0x8000, 0x8000, 0x8000, 0x8000, 0x8000,
        0x8000, 0x8000, 0x8000, 0x8087, 0x8050, 0x8050, 0x8050, 0x8050, 0x8050, 0x8050, 0x8050, 0x8050, 0x8050, 0x8050,
        0x8050, 0x8050, 0x8050, 0x8050, 0x8050, 0x8050, 0x8050, 0x8050, 0x8050, 0x8050, 0x8050, 0x8050, 0x8050, 0x8050,
        0x8050, 0x8050, 0x8050, 0x8050, 0x8050, 0x8050, 0x8050, 0x8050, 0x8050, 0x8050, 0x8050, 0x8050, 0x8050, 0x8050,
        0x8050, 0x8050, 0x8050, 0x8050, 0x8050, 0x8050, 0x8050, 0x8050, 0x8050, 0x8050, 0x8050, 0x8050, 0x8050, 0x8050,
        0x8050, 0x8050, 0x8050, 0x8050, 0x8050, 0x8050, 0x8050, 0x8050, 0x8050, 0x8050, 0x8050, 0x8050, 0x8050, 0x8050,
        0x8050, 0x8050, 0x8050, 0x8050, 0x8050, 0x8050, 0x8050, 0x8050, 0x8050, 0x8050, 0x8050, 0x8050, 0x8050, 0x8050,
        0x8050, 0x8050, 0x8050, 0x8050, 0x8050, 0x8050, 0x8050, 0x8050, 0x8050, 0x8050, 0x8050, 0x8050, 0x8050, 0x8050,
        0x8050, 0x8050, 0x8050, 0x8050, 0x8050, 0x8050, 0x8050, 0x8050, 0x8050, 0x8050, 0x8050, 0x8050, 0x8050, 0x8050,
        0x8050, 0x8050, 0x8050, 0x8050, 0x8050, 0x8050, 0x8050, 0x8050, 0x8050, 0x8050, 0x8050, 0x8050, 0x8050, 0x8050,
        0x8050, 0x8050, 0x8050, 0x8050, 0x8050, 0x8050, 0x8050, 0x8050, 0x8050, 0x8050, 0x8050, 0x8050, 0x8000, 0x8000,
        0x8000, 0x8000, 0x8000, 0x8000, 0x8000, 0x8000, 0x8025, 0x80A1, 0x80A2, 0x80A3, 0x8000, 0x80A4, 0x80A5, 0x8050,
        0x8050, 0x8050, 0x8050, 0x8050, 0x8050, 0x8050, 0x8050, 0x8050, 0x8050, 0x20C0, 0x80A6, 0x8050, 0x8000, 0x80A7,
        0x80A8, 0x80A9, 0x8000, 0x8000, 0x8000, 0x8000, 0x8000, 0x8000, 0x8000, 0x8000, 0x8000, 0x8000, 0x8000, 0x8000,
        0x8000, 0x8000, 0x8000, 0x8000, 0x8000, 0x8000, 0x8000, 0x8000, 0x8000, 0x8000, 0x8000, 0x8000, 0x8000, 0x8000,
        0x8000, 0x8000, 0x8000, 0x8000, 0x8000, 0x8000, 0x8000, 0x8000, 0x8000, 0x8000, 0x8000, 0x8000, 0x8000, 0x8000,
        0x8000, 0x8000, 0x8000, 0x8000, 0x8000, 0x8000, 0x8000, 0x8000, 0x8000, 0x8000, 0x8000, 0x8000, 0x8000, 0x8000,
        0x8000, 0x8000, 0x8000, 0x8000, 0x8000, 0x8000, 0x8000, 0x8000, 0x8000, 0x8000, 0x8000, 0x8000, 0x8000, 0x8000,
        0x8000, 0x8000, 0x8000, 0x8000, 0x8000, 0x8000, 0x8000, 0x8000, 0x8000, 0x8000, 0x8000, 0x8000, 0x8000, 0x8000,
        0x8000, 0x8000, 0x8000, 0x8000, 0x8000, 0x8000, 0x8000, 0x8000, 0x8000, 0x8000, 0x8000, 0x8000, 0x8000, 0x8045,
        0x8000, 0x8000, 0x8000, 0x8000, 0x8000, 0x8000, 0x8000, 0x8000, 0x8000, 0x8000, 0x8000, 0x8000, 0x8000, 0x8000,
        0x8000, 0x8000, 0x8000, 0x8000, 0x8000, 0x80A0, 0x806B, 0x8050, 0x8050, 0x8050, 0x8050, 0x8050, 0x8050, 0x8050,
        0x8050, 0x8050, 0x8050, 0x8050, 0x8050, 0x8050, 0x8050, 0x8050, 0x8050, 0x8050, 0x8050, 0x8050, 0x8050, 0x8050,
        0x8050, 0x8050, 0x8050, 0x8050, 0x8050, 0x8050, 0x8050, 0x8050, 0x8050, 0x8050, 0x8050, 0x8050, 0x8050, 0x8050,
        0x8050, 0x8050, 0x8050, 0x8050, 0x8050, 0x8050, 0x8050, 0x8050, 0x8050, 0x8050, 0x8050, 0x8050, 0x8050, 0x8050,
        0x8050, 0x8050, 0x8050, 0x8050, 0x8050, 0x8050, 0x8050, 0x8050, 0x8050, 0x8050, 0x8050, 0x8050, 0x8050, 0x8050,
        0x8050, 0x8050, 0x8050, 0x8050, 0x8050, 0x8050, 0x8050, 0x8050, 0x8050, 0x8050, 0x8050, 0x8050, 0x8050, 0x8050,
        0x8050, 0x8050, 0x8050, 0x8050, 0x8050, 0x8050, 0x8050, 0x8050, 0x8050, 0x8050, 0x8050, 0x8050, 0x8050, 0x8050,
        0x8050, 0x8050, 0x8050, 0x8050, 0x8050, 0x8050, 0x8050, 0x8050, 0x8050, 0x8050, 0x8050, 0x8050, 0x8050, 0x8050,
        0x8050, 0x8050, 0x8050, 0x8050, 0x8050, 0x8050, 0x8050, 0x8050, 0x8050, 0x8050, 0x8050, 0x8050, 0x8050, 0x8050,
        0x8050, 0x8050, 0x8050, 0x8050, 0x8050, 0x8050, 0x8050, 0x8050, 0x8050, 0x8050, 0x8050, 0x8050, 0x8050, 0x8050,
        0x8050, 0x8050, 0x8050, 0x8050, 0x8050, 0x80AA, 0x8000, 0x8000, 0x8000, 0x8000, 0x80AB, 0x80AC, 0x8000, 0x8000,
        0x8000, 0x8000, 0x8000, 0x8088, 0x8050, 0x8050, 0x8050, 0x8050, 0x8050, 0x8050, 0x8050, 0x8050, 0x8050, 0x8050,
        0x8050, 0x8050, 0x8050, 0x8050, 0x8050, 0x8050, 0x8050, 0x8050, 0x8050, 0x8050, 0x8050, 0x8050, 0x8050, 0x8050,
        0x8050, 0x8050, 0x8050, 0x8050, 0x8050, 0x8050, 0x8050, 0x8050, 0x8050, 0x8050, 0x8050, 0x8050, 0x8000, 0x80AD,
        0x2100, 0x8050, 0x8050, 0x8050, 0x8050, 0x8050, 0x8050, 0x8050, 0x8050, 0x8050, 0x8050, 0x8050, 0x8050, 0x8050,
        0x8050, 0x8050, 0x8050, 0x8050, 0x8050, 0x8050, 0x8050, 0x8050, 0x8050, 0x8050, 0x8050, 0x8050, 0x8050, 0x8050,
        0x8050, 0x8050, 0x8050, 0x8050, 0x8050, 0x8050, 0x8050, 0x8050, 0x8050, 0x8050, 0x8050, 0x8050, 0x8050, 0x8050,
        0x8050, 0x8050, 0x8050, 0x8050, 0x8050, 0x8050, 0x8050, 0x8050, 0x8050, 0x8050, 0x8050, 0x8050, 0x8050, 0x8050,
        0x8050, 0x8050, 0x8050, 0x8050, 0x8050, 0x8050, 0x8050, 0x8050, 0x8050, 0x8050, 0x8050, 0x8050, 0x8050, 0x8050,
        0x8050, 0x8050, 0x8050, 0x8050, 0x80AE, 0x8043, 0x8000, 0x809C, 0x8000, 0x8000, 0x8000, 0x802B, 0x80AF, 0x2140,
        0x2180, 0x21C0, 0x8000, 0x80B0, 0x8050, 0x80B1, 0x8000, 0x80B2, 0x8050, 0x8050, 0x2200, 0x2240, 0x2280, 0x22C0,
        0x2300, 0x2340, 0x2380, 0x23C0, 0x2400, 0x2440, 0x2480, 0x24C0, 0x2500, 0x2540, 0x2580, 0x25C0, 0x8000, 0x8000,
        0x8000, 0x8000, 0x8000, 0x8000, 0x8000, 0x8000, 0x8000, 0x8000, 0x80B3, 0x8050, 0x8050, 0x8050, 0x8050, 0x8050,
        0x8050, 0x8050, 0x8050, 0x8050, 0x8050, 0x8050, 0x8050, 0x8050, 0x8050, 0x8050, 0x8050, 0x8050, 0x80B4, 0x8050,
        0x8050, 0x8050, 0x2600, 0x2640, 0x80B5, 0x8050, 0x80B6, 0x80B7, 0x8050, 0x8050, 0x8050, 0x8050, 0x80B8, 0x80B9,
        0x8050, 0x8050, 0x8050, 0x8050, 0x8050, 0x8050, 0x8050, 0x80BA, 0x8050, 0x8050, 0x8050, 0x8050, 0x8050, 0x8050,
        0x8050, 0x8050, 0x8050, 0x8050, 0x8050, 0x80BB, 0x8000, 0x8000, 0x8000, 0x80BC, 0x2680, 0x80BD, 0x8050, 0x8050,
        0x8050, 0x8050, 0x8050, 0x8050, 0x8050, 0x8050, 0x8050, 0x8050, 0x8050, 0x80BE, 0x80BF, 0x8050, 0x80C0, 0x8050,
        0x8050, 0x8050, 0x26C0, 0x2700, 0x2740, 0x80C1, 0x8050, 0x8050, 0x8050, 0x8050, 0x802E, 0x8000, 0x80C2, 0x80C3,
        0x2780, 0x27C0, 0x2800, 0x80C4, 0x2840, 0x2880, 0x8050, 0x8050, 0x8000, 0x8000, 0x8000, 0x8000, 0x8000, 0x8000,
        0x8000, 0x8000, 0x8000, 0x8000, 0x8000, 0x8000, 0x8000, 0x8000, 0x8000, 0x80C5, 0x8000, 0x80C6, 0x8000, 0x80C7,
        0x80C8, 0x80C9, 0x80CA, 0x8050, 0x8000, 0x8000, 0x8000, 0x8000, 0x8000, 0x80CB, 0x80CC, 0x80CD, 0x8000, 0x8000,
        0x80CE, 0x28C0, 0x8050, 0x8050, 0x8050, 0x8050, 0x8050, 0x8050, 0x8050, 0x8050, 0x8050, 0x8050, 0x8050, 0x8050,
        0x8050, 0x8050, 0x8050, 0x8050, 0x8000, 0x8000, 0x8000, 0x8000, 0x8000, 0x8000, 0x8000, 0x8000, 0x8000, 0x8000,
        0x8000, 0x8000, 0x8000, 0x8000, 0x8000, 0x8000, 0x8000, 0x8000, 0x8000, 0x8000, 0x8000, 0x8000, 0x8000, 0x8000,
        0x8000, 0x8000, 0x8000, 0x8000, 0x8000, 0x8000, 0x8000, 0x8000, 0x8000, 0x8000, 0x8000, 0x8000, 0x8000, 0x8000,
        0x8000, 0x8000, 0x8000, 0x8000, 0x8000, 0x8000, 0x8000, 0x8000, 0x8000, 0x8000, 0x8000, 0x8000, 0x8000, 0x8000,
        0x8000, 0x8000, 0x8000, 0x8000, 0x8000, 0x8000, 0x8000, 0x8000, 0x8000, 0x8000, 0x8000, 0x8000, 0x8000, 0x8000,
        0x8000, 0x8000, 0x8000, 0x8000, 0x8000, 0x8000, 0x8000, 0x8000, 0x8000, 0x8000, 0x8000, 0x8000, 0x8000, 0x8000,
        0x8000, 0x8000, 0x8000, 0x8000, 0x8000, 0x8000, 0x8000, 0x8000, 0x8000, 0x8000, 0x8000, 0x8000, 0x8000, 0x8000,
        0x8000, 0x8000, 0x8000, 0x8000, 0x8000, 0x8000, 0x8000, 0x8000, 0x8000, 0x8000, 0x8000, 0x8000, 0x8000, 0x8000,
        0x8000, 0x8000, 0x8000, 0x8000, 0x8000, 0x8000, 0x8000, 0x8000, 0x8000, 0x8000, 0x8000, 0x8000, 0x8000, 0x8000,
        0x8000, 0x8000, 0x8000, 0x8000, 0x8000, 0x8000, 0x8000, 0x8000, 0x8000, 0x8000, 0x8000, 0x8000, 0x8000, 0x8000,
        0x8000, 0x8000, 0x8000, 0x8000, 0x8000, 0x8000, 0x8000, 0x8000, 0x8000, 0x8000, 0x8000, 0x8000, 0x8000, 0x8000,
        0x8000, 0x8000, 0x8000, 0x8000, 0x8000, 0x8000, 0x8000, 0x8000, 0x8000, 0x8000, 0x8000, 0x8000, 0x8000, 0x8000,
        0x8000, 0x8000, 0x8000, 0x8000, 0x8000, 0x8000, 0x8000, 0x8000, 0x8000, 0x8000, 0x8000, 0x8000, 0x8000, 0x8000,
        0x8000, 0x8000, 0x8000, 0x8000, 0x8000, 0x8000, 0x8000, 0x8000, 0x8000, 0x8000, 0x8000, 0x8000, 0x8000, 0x8000,
        0x8000, 0x8000, 0x8000, 0x8000, 0x8000, 0x8000, 0x8000, 0x8000, 0x8000, 0x8000, 0x8000, 0x8000, 0x8000, 0x8000,
        0x8000, 0x8000, 0x8000, 0x8000, 0x8000, 0x8000, 0x8000, 0x8000, 0x8000, 0x8000, 0x8000, 0x8000, 0x8000, 0x8000,
        0x8000, 0x8000, 0x8000, 0x8000, 0x8000, 0x8000, 0x8000, 0x8000, 0x8000, 0x8000, 0x8000, 0x8000, 0x8000, 0x8000,
        0x8000, 0x8000, 0x8000, 0x8000, 0x8000, 0x8000, 0x8000, 0x8000, 0x8000, 0x8000, 0x8000, 0x8000, 0x8000, 0x8000,
        0x8000, 0x8000, 0x8000, 0x8000, 0x8000, 0x8000, 0x8000, 0x8000, 0x8000, 0x8000, 0x8000, 0x8000, 0x8000, 0x8000,
        0x8000, 0x8000, 0x8000, 0x8000, 0x8000, 0x8000, 0x8000, 0x8000, 0x8000, 0x8000, 0x8000, 0x8000, 0x8000, 0x8000,
        0x8000, 0x8000, 0x8000, 0x8000, 0x8000, 0x8000, 0x8000, 0x8000, 0x8000, 0x8000, 0x8000, 0x8000, 0x8000, 0x8000,
        0x8000, 0x8000, 0x8000, 0x8000, 0x8000, 0x8000, 0x8000, 0x8000, 0x8000, 0x8000, 0x8000, 0x8000, 0x8000, 0x8000,
        0x8000, 0x8000, 0x8000, 0x8000, 0x8000, 0x8000, 0x8000, 0x8000, 0x8000, 0x8000, 0x8000, 0x8000, 0x8000, 0x8000,
        0x8000, 0x8000, 0x8000, 0x8000, 0x8000, 0x8000, 0x8000, 0x8000, 0x8000, 0x8000, 0x8000, 0x8000, 0x8000, 0x8000,
        0x8000, 0x8000, 0x8000, 0x8000, 0x8000, 0x8000, 0x8000, 0x8000, 0x8000, 0x8000, 0x8000, 0x8000, 0x8000, 0x8000,
        0x8000, 0x8000, 0x8000, 0x8000, 0x8000, 0x8000, 0x8000, 0x8000, 0x8000, 0x8000, 0x8000, 0x8000, 0x8000, 0x8000,
        0x8000, 0x8000, 0x8000, 0x8000, 0x8000, 0x8000, 0x8000, 0x8000, 0x8000, 0x8000, 0x8000, 0x8000, 0x8000, 0x8000,
        0x8000, 0x8000, 0x8000, 0x8000, 0x8000, 0x8000, 0x8000, 0x8000, 0x8000, 0x8000, 0x8000, 0x8000, 0x8000, 0x8000,
        0x8000, 0x8000, 0x8000, 0x8000, 0x8000, 0x8000, 0x8000, 0x8000, 0x8000, 0x8000, 0x8000, 0x8000, 0x8000, 0x8000,
        0x8000, 0x8000, 0x8000, 0x8000, 0x8000, 0x8000, 0x8000, 0x8000, 0x8000, 0x8000, 0x8000, 0x8000, 0x8000, 0x8000,
        0x8000, 0x8000, 0x8000, 0x8000, 0x8000, 0x8000, 0x8000, 0x8000, 0x8000, 0x8000, 0x8000, 0x8000, 0x8000, 0x8000,
        0x8000, 0x8000, 0x8000, 0x8000, 0x8000, 0x8000, 0x8000, 0x8000, 0x8000, 0x8000, 0x8000, 0x8000, 0x8000, 0x8000,
        0x8000, 0x8000, 0x8000, 0x8000, 0x8000, 0x8000, 0x8000, 0x8000, 0x8000, 0x8000, 0x8000, 0x8000, 0x8000, 0x8000,
        0x8000, 0x8000, 0x8000, 0x8000, 0x8000, 0x8000, 0x8000, 0x8000, 0x8000, 0x8000, 0x8000, 0x8000, 0x8000, 0x8000,
        0x8000, 0x8000, 0x8000, 0x8000, 0x8000, 0x8000, 0x8000, 0x8000, 0x8000, 0x8000, 0x8000, 0x8000, 0x8000, 0x8000,
        0x8000, 0x8000, 0x8000, 0x8000, 0x8000, 0x8000, 0x8000, 0x8000, 0x8000, 0x8000, 0x8000, 0x8000, 0x8000, 0x8000,
        0x8000, 0x8000, 0x8000, 0x8000, 0x8000, 0x8000, 0x8000, 0x8000, 0x8000, 0x8000, 0x8000, 0x8000, 0x8000, 0x8000,
        0x8000, 0x8000, 0x8000, 0x8000, 0x8000, 0x8000, 0x8000, 0x8000, 0x8000, 0x8000, 0x8000, 0x8000, 0x8000, 0x8000,
        0x8000, 0x8000, 0x8000, 0x8000, 0x8000, 0x8000, 0x8000, 0x8000, 0x8000, 0x8000, 0x8000, 0x8000, 0x8000, 0x8000,
        0x8000, 0x8000, 0x8000, 0x8000, 0x8000, 0x8000, 0x8000, 0x8000, 0x8000, 0x8000, 0x8000, 0x8000, 0x8000, 0x8000,
        0x8000, 0x8000, 0x8000, 0x8000, 0x8000, 0x8000, 0x8000, 0x8000, 0x8000, 0x8000, 0x8000, 0x8000, 0x8000, 0x8000,
        0x8000, 0x8000, 0x8000, 0x8000, 0x8000, 0x8000, 0x8000, 0x8000, 0x8000, 0x8000, 0x8000, 0x8000, 0x8000, 0x8000,
        0x8000, 0x8000, 0x8000, 0x8000, 0x8000, 0x8000, 0x8000, 0x8000, 0x8000, 0x8000, 0x8000, 0x8000, 0x8000, 0x8000,
        0x8000, 0x8000, 0x8000, 0x8000, 0x8000, 0x8000, 0x8000, 0x8000, 0x8000, 0x8000, 0x8000, 0x8000, 0x8000, 0x8000,
        0x8000, 0x8000, 0x8000, 0x8000, 0x8000, 0x8000, 0x8000, 0x8000, 0x8000, 0x8000, 0x8000, 0x8000, 0x8000, 0x8000,
        0x8000, 0x8000, 0x8000, 0x8000, 0x8000, 0x8000, 0x8000, 0x8000, 0x8000, 0x8000, 0x8000, 0x8000, 0x8000, 0x8000,
        0x8000, 0x8000, 0x8000, 0x8000, 0x8000, 0x8000, 0x8000, 0x8000, 0x8000, 0x8000, 0x8000, 0x8000, 0x8000, 0x8000,
        0x8000, 0x8000, 0x8000, 0x8000, 0x8000, 0x8000, 0x8000, 0x8000, 0x8000, 0x8000, 0x8000, 0x8000, 0x8000, 0x801C,
        0x8000, 0x8000, 0x8000, 0x8000, 0x8000, 0x8000, 0x8000, 0x8000, 0x8000, 0x8000, 0x8000, 0x8000, 0x8000, 0x8000,
        0x8000, 0x8000, 0x8000, 0x8000, 0x8000, 0x8000, 0x8000, 0x8000, 0x8000, 0x8000, 0x8000, 0x8000, 0x8000, 0x8000,
        0x8000, 0x8000, 0x8000, 0x8000, 0x8000, 0x8000, 0x8000, 0x8000, 0x8000, 0x8000, 0x8000, 0x8000, 0x8000, 0x8000,
        0x8000, 0x8000, 0x8000, 0x8000, 0x8000, 0x8000, 0x8000, 0x8000, 0x8000, 0x8000, 0x8000, 0x8000, 0x8000, 0x8000,
        0x8000, 0x8000, 0x8000, 0x8000, 0x8000, 0x8000, 0x8000, 0x8000, 0x8084, 0x8000, 0x8000, 0x8000, 0x80CF, 0x8000,
        0x8000, 0x8000, 0x8000, 0x8000, 0x8000, 0x8000, 0x8000, 0x8000, 0x8000, 0x8000, 0x8000, 0x8000, 0x8000, 0x8000,
        0x8000, 0x8000, 0x8000, 0x8000, 0x8000, 0x8000, 0x8000, 0x8000, 0x8000, 0x8000, 0x8000, 0x8000, 0x8000, 0x8000,
        0x8000, 0x8000, 0x8000, 0x8000, 0x8000, 0x8000, 0x8000, 0x8000, 0x8000, 0x8000, 0x8000, 0x8000, 0x8000, 0x8000,
        0x8000, 0x8000, 0x8000, 0x8000, 0x8000, 0x8000, 0x8000, 0x8000, 0x8000, 0x8000, 0x8000, 0x8000, 0x8000, 0x8000,
        0x8000, 0x8000, 0x8000, 0x8000, 0x8000, 0x8000, 0x8000, 0x8000, 0x8000, 0x8000, 0x8000, 0x8000, 0x8000, 0x8000,
        0x8000, 0x8000, 0x8000, 0x8000, 0x8000, 0x8000, 0x8000, 0x8000, 0x8000, 0x8000, 0x8000, 0x8000, 0x8000, 0x8000,
        0x8000, 0x8000, 0x8000, 0x8000, 0x80D0, 0x8000, 0x8000, 0x8000, 0x8000, 0x8000, 0x8000, 0x8000, 0x8000, 0x8000,
        0x8000, 0x8000, 0x8000, 0x8000, 0x8000, 0x8000, 0x8000, 0x8000, 0x8000, 0x8000, 0x8000, 0x8000, 0x8000, 0x8000,
        0x8000, 0x8000, 0x8000, 0x8000, 0x8000, 0x8000, 0x8000, 0x8000, 0x8000, 0x8000, 0x8000, 0x8000, 0x8000, 0x8000,
        0x8000, 0x8000, 0x8000, 0x8000, 0x8000, 0x8000, 0x8000, 0x8000, 0x8000, 0x8000, 0x8000, 0x8000, 0x8000, 0x8000,
        0x8000, 0x8000, 0x8000, 0x8000, 0x8000, 0x8000, 0x8000, 0x8000, 0x8000, 0x8000, 0x8000, 0x8000, 0x8000, 0x8000,
        0x8000, 0x8000, 0x8000, 0x8000, 0x8000, 0x8000, 0x8000, 0x8000, 0x8000, 0x8000, 0x8000, 0x8000, 0x8000, 0x8000,
        0x8000, 0x8000, 0x8000, 0x8000, 0x8000, 0x8000, 0x8000, 0x8000, 0x8000, 0x8000, 0x8000, 0x8000, 0x8000, 0x8000,
        0x8000, 0x8000, 0x8000, 0x8000, 0x8000, 0x8000, 0x8000, 0x8000, 0x8000, 0x8000, 0x8000, 0x8000, 0x8000, 0x8000,
        0x8000, 0x8000, 0x8000, 0x8000, 0x8000, 0x8000, 0x8000, 0x8000, 0x8000, 0x80D1, 0x8000, 0x8000, 0x8000, 0x8000,
        0x8000, 0x8000, 0x8000, 0x8000, 0x8000, 0x803F, 0x8050, 0x8050, 0x8050, 0x8050, 0x8050, 0x8050, 0x8050, 0x8050,
        0x8050, 0x8050, 0x8050, 0x8050, 0x8050, 0x8050, 0x8050, 0x8050, 0x8050, 0x8050, 0x8050, 0x8050, 0x8050, 0x8050,
        0x8050, 0x8050, 0x8050, 0x8050, 0x8050, 0x8050, 0x8050, 0x8050, 0x8050, 0x8050, 0x8050, 0x8050, 0x8050, 0x8050,
        0x8050, 0x8050, 0x2900, 0x2940, 0x2980, 0x29C0, 0x2A00, 0x2A40, 0x2A80, 0x2AC0, 0x2B00, 0x8050, 0x8050, 0x8050,
        0x8050, 0x8050, 0x8050, 0x8050, 0x8050, 0x8050, 0x8050, 0x8050, 0x8050, 0x8050, 0x8050, 0x8050, 0x8050, 0x8050,
        0x8050, 0x8050, 0x8050, 0x8050, 0x8050, 0x8050, 0x8000, 0x8000, 0x8000, 0x8000, 0x8000, 0x8000, 0x8000, 0x8000,
        0x8000, 0x8000, 0x8000, 0x8000, 0x8000, 0x8000, 0x8000, 0x8000, 0x8000, 0x8000, 0x8000, 0x8000, 0x8000, 0x8000,
        0x8000, 0x8000, 0x8000, 0x8000, 0x8000, 0x8000, 0x8000, 0x8000, 0x8000, 0x8000, 0x8000, 0x8000, 0x8000, 0x8000,
        0x8000, 0x8000, 0x8000, 0x8000, 0x8000, 0x8000, 0x8000, 0x8000, 0x8000, 0x8000, 0x8000, 0x8000, 0x8000, 0x8000,
        0x8000, 0x8000, 0x8000, 0x8000, 0x8000, 0x8000, 0x8000, 0x8000, 0x8000, 0x8000, 0x8000, 0x8000, 0x8000, 0x8000,
        0x8000, 0x8000, 0x8000, 0x8000, 0x8000, 0x8000, 0x8000, 0x8000, 0x8000, 0x8000, 0x8000, 0x8000, 0x8000, 0x80D2,
        0x8000, 0x8000, 0x8000, 0x8000, 0x8000, 0x8000, 0x8000, 0x8000, 0x8000, 0x8000, 0x8000, 0x8000, 0x8000, 0x8000,
        0x8000, 0x8000, 0x8000, 0x8000, 0x8000, 0x8000, 0x8000, 0x8000, 0x8000, 0x8000, 0x8000, 0x8000, 0x8000, 0x8000,
        0x8000, 0x8000, 0x8000, 0x8000, 0x8000, 0x8000, 0x8000, 0x8000, 0x8000, 0x8000, 0x8000, 0x8000, 0x8000, 0x8000,
        0x8000, 0x8000, 0x8000, 0x8000, 0x8000, 0x8000, 0x8000, 0x8000, 0x8000, 0x8000, 0x8000, 0x8000, 0x8000, 0x8000,
        0x8000, 0x8000, 0x8000, 0x8000, 0x8000, 0x8000, 0x8000, 0x8000, 0x809F, 0x8050, 0x8050, 0x8050, 0x8050, 0x8050,
        0x8050, 0x8050, 0x8050, 0x8050, 0x8050, 0x8050, 0x8050, 0x8050, 0x8050, 0x8050, 0x8050, 0x8050, 0x8050, 0x8050,
        0x8050, 0x8050, 0x8050, 0x8050, 0x8050, 0x8050, 0x8050, 0x8050, 0x8050, 0x8050, 0x8050, 0x8050, 0x8050, 0x8050,
        0x8050, 0x8050, 0x8050, 0x8050, 0x8050, 0x8050, 0x8050, 0x8050, 0x8050, 0x8050, 0x8050, 0x8050, 0x8050, 0x8050,
        0x8050, 0x8050, 0x8050, 0x8050, 0x8050, 0x8050, 0x8050, 0x8050, 0x8050, 0x8050, 0x8050, 0x8050, 0x8050, 0x8050,
        0x8050, 0x8050, 0x8050, 0x8050, 0x8050, 0x8050, 0x8050, 0x8050, 0x8050, 0x8050, 0x8050, 0x8050, 0x8050, 0x8050,
        0x8050, 0x8050, 0x8050, 0x8050, 0x8050, 0x8050, 0x8050, 0x8050, 0x8050, 0x8050, 0x8050, 0x8050, 0x8050, 0x8050,
        0x8050, 0x8050, 0x8050, 0x8050, 0x8050, 0x8050, 0x8050, 0x8050, 0x8050, 0x8050, 0x8050, 0x8050, 0x8050, 0x8050,
        0x8050, 0x8050, 0x8050, 0x8050, 0x8050, 0x8050, 0x8050, 0x8050, 0x8050, 0x8050, 0x8050, 0x8050, 0x8050, 0x8050,
        0x8050, 0x8050, 0x8050, 0x8050, 0x8050, 0x8050, 0x8050, 0x8050, 0x8050, 0x8050, 0x8050, 0x8050, 0x8050, 0x8050,
        0x8050, 0x8050, 0x8050, 0x8050, 0x8050, 0x8050, 0x8050, 0x8050, 0x8050, 0x8050, 0x8050, 0x8050, 0x8050, 0x8050,
        0x8050, 0x8050, 0x8050, 0x8050, 0x8050, 0x8050, 0x8050, 0x8050, 0x8050, 0x8050, 0x8050, 0x8050, 0x8050, 0x8050,
        0x8050, 0x8050, 0x8050, 0x8050, 0x8050, 0x8050, 0x8050, 0x8050, 0x8050, 0x8050, 0x8050, 0x8050, 0x8050, 0x8050,
        0x8050, 0x8050, 0x8050, 0x8050, 0x8050, 0x8050, 0x8050, 0x8050, 0x8050, 0x8050, 0x8050, 0x8050, 0x8050, 0x8050,
        0x8050, 0x8050, 0x8050, 0x8050, 0x8050, 0x8050, 0x8050, 0x8050, 0x8050, 0x8050, 0x8050, 0x8050, 0x8050, 0x8050,
        0x8050, 0x8050, 0x8050, 0x8050, 0x8050, 0x8050, 0x8050, 0x8050, 0x8050, 0x8050, 0x8050, 0x8050, 0x8050, 0x8050,
        0x8050, 0x8050, 0x8050, 0x8050, 0x8050, 0x8050, 0x8050, 0x8050, 0x8050, 0x8050, 0x8050, 0x8050, 0x8050, 0x8050,
        0x8050, 0x8050, 0x8050, 0x8050, 0x8050, 0x8050, 0x8050, 0x8050, 0x8050, 0x8050, 0x8050, 0x8050, 0x8050, 0x8050,
        0x8050, 0x8050, 0x8050, 0x8050, 0x8050, 0x8050, 0x8050, 0x8050, 0x8050, 0x8050, 0x8050, 0x8050, 0x8050, 0x8050,
        0x8050, 0x8050, 0x8050, 0x8050, 0x8050, 0x8050, 0x8050, 0x8050, 0x8050, 0x8050, 0x8050, 0x8050, 0x8050, 0x8050,
        0x8050, 0x8050, 0x8050, 0x8050, 0x8050, 0x8050, 0x8050, 0x8050, 0x8050, 0x8050, 0x8050, 0x8050, 0x8050, 0x8050,
        0x8050, 0x8050, 0x8050, 0x8050, 0x8050, 0x8050, 0x8050, 0x8050, 0x8050, 0x8050, 0x8050, 0x8050, 0x8050, 0x8050,
        0x8050, 0x8050, 0x8050, 0x8050, 0x8050, 0x8050, 0x8050, 0x8050, 0x8050, 0x8050, 0x8050, 0x8050, 0x8050, 0x8050,
        0x8050, 0x8050, 0x8050, 0x8050, 0x8050, 0x8050, 0x8050, 0x8050, 0x8050, 0x8050, 0x8050, 0x8050, 0x8050, 0x8050,
        0x8050, 0x8050, 0x8050, 0x8050, 0x8050, 0x8050, 0x8050, 0x8050, 0x8050, 0x8050, 0x8050, 0x8050, 0x8050, 0x8050,
        0x8050, 0x8050, 0x8050, 0x8050, 0x8050, 0x8050, 0x8050, 0x8050, 0x8050, 0x8050, 0x8050, 0x8050, 0x8050, 0x8050,
        0x8050, 0x8050, 0x8050, 0x8050, 0x8050, 0x8050, 0x8050, 0x8050, 0x8050, 0x8050, 0x8050, 0x8050, 0x8050, 0x8050,
        0x8050, 0x8050, 0x8050, 0x8050, 0x8050, 0x8050, 0x8050, 0x8050, 0x8050, 0x8050, 0x8050, 0x8050, 0x8050, 0x8050,
        0x8050, 0x8050, 0x8050, 0x8050, 0x8050, 0x8050, 0x8050, 0x8050, 0x8050, 0x8050, 0x8050, 0x8050, 0x8050, 0x8050,
        0x8050, 0x8050, 0x8050, 0x8050, 0x8050, 0x8050, 0x8050, 0x8050, 0x8050, 0x8050, 0x8050, 0x8050, 0x8050, 0x8050,
        0x8050, 0x8050, 0x8050, 0x8050, 0x8050, 0x8050, 0x8050, 0x8050, 0x8050, 0x8050, 0x8050, 0x8050, 0x8050, 0x8050,
        0x8050, 0x8050, 0x8050, 0x8050, 0x8050, 0x8050, 0x8050, 0x8050, 0x8050, 0x8050, 0x8050, 0x8050, 0x8050, 0x8050,
        0x8050, 0x8050, 0x8050, 0x8050, 0x8050, 0x8050, 0x8050, 0x8050, 0x8050, 0x8050, 0x8050, 0x8050, 0x8050, 0x8050,
        0x8050, 0x8050, 0x8050, 0x8050, 0x8050, 0x8050, 0x8050, 0x8050, 0x8050, 0x8050, 0x8050, 0x8050, 0x8050, 0x8050,
        0x8050, 0x8050, 0x8050, 0x8050, 0x8050, 0x8050, 0x8050, 0x8050, 0x8050, 0x8050, 0x8050, 0x8050, 0x8050, 0x8050,
        0x8050, 0x8050, 0x8050, 0x8050, 0x8050, 0x8050, 0x8050, 0x8050, 0x8050, 0x8050, 0x8050, 0x8050, 0x8050, 0x8050,
        0x8050, 0x8050, 0x8050, 0x8050, 0x8050, 0x8050, 0x8050, 0x8050, 0x8050, 0x8050, 0x8050, 0x8050, 0x8050, 0x8050,
        0x8050, 0x8050, 0x8050, 0x8050, 0x8050, 0x8050, 0x8050, 0x8050, 0x8050, 0x8050, 0x8050, 0x8050, 0x8050, 0x8050,
        0x8050, 0x8050, 0x8050, 0x8050, 0x8050, 0x8050, 0x8050, 0x8050, 0x8050, 0x8050, 0x8050, 0x8050, 0x8050, 0x8050,
        0x8050, 0x8050, 0x8050, 0x8050, 0x8050, 0x8050, 0x8050, 0x8050, 0x8050, 0x8050, 0x8050, 0x8050, 0x8050, 0x8050,
        0x8050, 0x8050, 0x8050, 0x8050, 0x8050, 0x8050, 0x8050, 0x8050, 0x8050, 0x8050, 0x8050, 0x8050, 0x8050, 0x8050,
        0x8050, 0x8050, 0x8050, 0x8050, 0x8050, 0x8050, 0x8050, 0x8050, 0x8050, 0x8050, 0x8050, 0x8050, 0x8050, 0x8050,
        0x8050, 0x8050, 0x8050, 0x8050, 0x8050, 0x8050, 0x8050, 0x8050, 0x8050, 0x8050, 0x8050, 0x8050, 0x8050, 0x8050,
        0x8050, 0x8050, 0x8050, 0x8050, 0x8050, 0x8050, 0x8050, 0x8050, 0x8050, 0x8050, 0x8050, 0x8050, 0x8050, 0x8050,
        0x8050, 0x8050, 0x8050, 0x8050, 0x8050, 0x8050, 0x8050, 0x8050, 0x8050, 0x8050, 0x8050, 0x8050, 0x8050, 0x8050,
        0x8050, 0x8050, 0x8050, 0x8050, 0x8050, 0x8050, 0x8050, 0x8050, 0x8050, 0x8050, 0x8050, 0x8050, 0x8050, 0x8050,
        0x8050, 0x8050, 0x8050, 0x8050, 0x8050, 0x8050, 0x8050, 0x8050, 0x8050, 0x8050, 0x8050, 0x8050, 0x8050, 0x8050,
        0x8050, 0x8050, 0x8050, 0x8050, 0x8050, 0x8050, 0x8050, 0x8050, 0x8050, 0x8050, 0x8050, 0x8050, 0x8050, 0x8050,
        0x8050, 0x8050, 0x8050, 0x8050, 0x8050, 0x8050, 0x8050, 0x8050, 0x8050, 0x8050, 0x8050, 0x8050, 0x8050, 0x8050,
        0x8050, 0x8050, 0x8050, 0x8050, 0x8050, 0x8050, 0x8050, 0x8050, 0x8050, 0x8050, 0x8050, 0x8050, 0x8050, 0x8050,
        0x8050, 0x8050, 0x8050, 0x8050, 0x8050, 0x8050, 0x8050, 0x8050, 0x8050, 0x8050, 0x8050, 0x8050, 0x8050, 0x8050,
        0x8050, 0x8050, 0x8050, 0x8050, 0x8050, 0x8050, 0x8050, 0x8050, 0x8050, 0x8050, 0x8050, 0x8050, 0x8050, 0x8050,
        0x8050, 0x8050, 0x8050, 0x8050, 0x8050, 0x8050, 0x8050, 0x8050, 0x8050, 0x8050, 0x8050, 0x8050, 0x8050, 0x8050,
        0x8050, 0x8050, 0x8050, 0x8050, 0x8050, 0x8050, 0x8050, 0x8050, 0x8050, 0x8050, 0x8050, 0x8050, 0x8050, 0x8050,
        0x8050, 0x8050, 0x8050, 0x8050, 0x8050, 0x8050, 0x8050, 0x8050, 0x8050, 0x8050, 0x8050, 0x8050, 0x8050, 0x8050,
        0x8050, 0x8050, 0x8050, 0x8050, 0x8050, 0x8050, 0x8050, 0x8050, 0x8050, 0x8050, 0x8050, 0x8050, 0x8050, 0x8050,
        0x8050, 0x8050, 0x8050, 0x8050, 0x8050, 0x8050, 0x8050, 0x8050, 0x8050, 0x8050, 0x8050, 0x8050, 0x8050, 0x8050,
        0x8050, 0x8050, 0x8050, 0x8050, 0x8050, 0x8050, 0x8050, 0x8050, 0x8050, 0x8050, 0x8050, 0x8050, 0x8050, 0x8050,
        0x8050, 0x8050, 0x8050, 0x8050, 0x8050, 0x8050, 0x8050, 0x8050, 0x8050, 0x8050, 0x8050, 0x8050, 0x8050, 0x8050,
        0x8050, 0x8050, 0x8050, 0x8050, 0x8050, 0x8050, 0x8050, 0x8050, 0x8050, 0x8050, 0x8050, 0x8050, 0x8050, 0x8050,
        0x8050, 0x8050, 0x8050, 0x8050, 0x8050, 0x8050, 0x8050, 0x8050, 0x8050, 0x8050, 0x8050, 0x8050, 0x8050, 0x8050,
        0x8050, 0x8050, 0x8050, 0x8050, 0x8050, 0x8050, 0x8050, 0x8050, 0x8050, 0x8050, 0x8050, 0x8050, 0x8050, 0x8050,
        0x8050, 0x8050, 0x8050, 0x8050, 0x8050, 0x8050, 0x8050, 0x8050, 0x8050, 0x8050, 0x8050, 0x8050, 0x8050, 0x8050,
        0x8050, 0x8050, 0x8050, 0x8050, 0x8050, 0x8050, 0x8050, 0x8050, 0x8050, 0x8050, 0x8050, 0x8050, 0x8050, 0x8050,
        0x8050, 0x8050, 0x8050, 0x8050, 0x8050, 0x8050, 0x8050, 0x8050, 0x8050, 0x8050, 0x8050, 0x8050, 0x8050, 0x8050,
        0x8050, 0x8050, 0x8050, 0x8050, 0x8050, 0x8050, 0x8050, 0x8050, 0x8050, 0x8050, 0x8050, 0x8050, 0x8050, 0x8050,
        0x8050, 0x8050, 0x8050, 0x8050, 0x8050, 0x8050, 0x8050, 0x8050, 0x8050, 0x8050, 0x8050, 0x8050, 0x8050, 0x8050,
        0x8050, 0x8050, 0x8050, 0x8050, 0x8050, 0x8050, 0x8050, 0x8050, 0x8050, 0x8050, 0x8050, 0x8050, 0x8050, 0x8050,
        0x8050, 0x8050, 0x8050, 0x8050, 0x8050, 0x8050, 0x8050, 0x8050, 0x8050, 0x8050, 0x8050, 0x8050, 0x8050, 0x8050,
        0x8050, 0x8050, 0x8050, 0x8050, 0x8050, 0x8050, 0x8050, 0x8050, 0x8050, 0x8050, 0x8050, 0x8050, 0x8050, 0x8050,
        0x8050, 0x8050, 0x8050, 0x8050, 0x8050, 0x8050, 0x8050, 0x8050, 0x8050, 0x8050, 0x8050, 0x8050, 0x8050, 0x8050,
        0x8050, 0x8050, 0x8050, 0x8050, 0x8050, 0x8050, 0x8050, 0x8050, 0x8050, 0x8050, 0x8050, 0x8050, 0x8050, 0x8050,
        0x8050, 0x8050, 0x8050, 0x8050, 0x8050, 0x8050, 0x8050, 0x8050, 0x8050, 0x8050, 0x8050, 0x8050, 0x8050, 0x8050,
        0x8050, 0x8050, 0x8050, 0x8050, 0x8050, 0x8050, 0x8050, 0x8050, 0x8050, 0x8050, 0x8050, 0x8050, 0x8050, 0x8050,
        0x8050, 0x8050, 0x8050, 0x8050, 0x8050, 0x8050, 0x8050, 0x8050, 0x8050, 0x8050, 0x8050, 0x8050, 0x8050, 0x8050,
        0x8050, 0x8050, 0x8050, 0x8050, 0x8050, 0x8050, 0x8050, 0x8050, 0x8050, 0x8050, 0x8050, 0x8050, 0x8050, 0x8050,
        0x8050, 0x8050, 0x8050, 0x8050, 0x8050, 0x8050, 0x8050, 0x8050, 0x8050, 0x8050, 0x8050, 0x8050, 0x8050, 0x8050,
        0x8050, 0x8050, 0x8050, 0x8050, 0x8050, 0x8050, 0x8050, 0x8050, 0x8050, 0x8050, 0x8050, 0x8050, 0x8050, 0x8050,
        0x8050, 0x8050, 0x8050, 0x8050, 0x8050, 0x8050, 0x8050, 0x8050, 0x8050, 0x8050, 0x8050, 0x8050, 0x8050, 0x8050,
        0x8050, 0x8050, 0x8050, 0x8050, 0x8050, 0x8050, 0x8050, 0x8050, 0x8050, 0x8050, 0x8050, 0x8050, 0x8050, 0x8050,
        0x8050, 0x8050, 0x8050, 0x8050, 0x8050, 0x8050, 0x8050, 0x8050, 0x8050, 0x8050, 0x8050, 0x8050, 0x8050, 0x8050,
        0x8050, 0x8050, 0x8050, 0x8050, 0x8050, 0x8050, 0x8050, 0x8050, 0x8050, 0x8050, 0x8050, 0x8050, 0x8050, 0x8050,
        0x8050, 0x8050, 0x8050, 0x8050, 0x8050, 0x8050, 0x8050, 0x8050, 0x8050, 0x8050, 0x8050, 0x8050, 0x8050, 0x8050,
        0x8050, 0x8050, 0x8050, 0x8050, 0x8050, 0x8050, 0x8050, 0x8050, 0x8050, 0x8050, 0x8050, 0x8050, 0x8050, 0x8050,
        0x8050, 0x8050, 0x8050, 0x8050, 0x8050, 0x8050, 0x8050, 0x8050, 0x8050, 0x8050, 0x8050, 0x8050, 0x8050, 0x8050,
        0x8050, 0x8050, 0x8050, 0x8050, 0x8050, 0x8050, 0x8050, 0x8050, 0x8050, 0x8050, 0x8050, 0x8050, 0x8050, 0x8050,
        0x8050, 0x8050, 0x8050, 0x8050, 0x8050, 0x8050, 0x8050, 0x8050, 0x8050, 0x8050, 0x8050, 0x8050, 0x8050, 0x8050,
        0x8050, 0x8050, 0x8050, 0x8050, 0x8050, 0x8050, 0x8050, 0x8050, 0x8050, 0x8050, 0x8050, 0x8050, 0x8050, 0x8050,
        0x8050, 0x8050, 0x8050, 0x8050, 0x8050, 0x8050, 0x8050, 0x8050, 0x8050, 0x8050, 0x8050, 0x8050, 0x8050, 0x8050,
        0x8050, 0x8050, 0x8050, 0x8050, 0x8050, 0x8050, 0x8050, 0x8050, 0x8050, 0x8050, 0x8050, 0x8050, 0x8050, 0x8050,
        0x8050, 0x8050, 0x8050, 0x8050, 0x8050, 0x8050, 0x8050, 0x8050, 0x8050, 0x8050, 0x8050, 0x8050, 0x8050, 0x8050,
        0x8050, 0x8050, 0x8050, 0x8050, 0x8050, 0x8050, 0x8050, 0x8050, 0x8050, 0x8050, 0x8050, 0x8050, 0x8050, 0x8050,
        0x8050, 0x8050, 0x8050, 0x8050, 0x8050, 0x8050, 0x8050, 0x8050, 0x8050, 0x8050, 0x8050, 0x8050, 0x8050, 0x8050,
        0x8050, 0x8050, 0x8050, 0x8050, 0x8050, 0x8050, 0x8050, 0x8050, 0x8050, 0x8050, 0x8050, 0x8050, 0x8050, 0x8050,
        0x8050, 0x8050, 0x8050, 0x8050, 0x8050, 0x8050, 0x8050, 0x8050, 0x8050, 0x8050, 0x8050, 0x8050, 0x8050, 0x8050,
        0x8050, 0x8050, 0x8050, 0x8050, 0x8050, 0x8050, 0x8050, 0x8050, 0x8050, 0x8050, 0x8050, 0x8050, 0x8050, 0x8050,
        0x8050, 0x8050, 0x8050, 0x8050, 0x8050, 0x8050, 0x8050, 0x8050, 0x8050, 0x8050, 0x8050, 0x8050, 0x8050, 0x8050,
        0x8050, 0x8050, 0x8050, 0x8050, 0x8050, 0x8050, 0x8050, 0x8050, 0x8050, 0x8050, 0x8050, 0x8050, 0x8050, 0x8050,
        0x8050, 0x8050, 0x8050, 0x8050, 0x8050, 0x8050, 0x8050, 0x8050, 0x8050, 0x8050, 0x8050, 0x8050, 0x8050, 0x8050,
        0x8050, 0x8050, 0x8050, 0x8050, 0x8050, 0x8050, 0x8050, 0x8050, 0x8050, 0x8050, 0x8050, 0x8050, 0x8050, 0x8050,
        0x8050, 0x8050, 0x8050, 0x8050, 0x8050, 0x8050, 0x8050, 0x8050, 0x8050, 0x8050, 0x8050, 0x8050, 0x8050, 0x8050,
        0x8050, 0x8050, 0x8050, 0x8050, 0x8050, 0x8050, 0x8050, 0x8050, 0x8050, 0x8050, 0x8050, 0x8050, 0x8050, 0x8050,
        0x8050, 0x8050, 0x8050, 0x8050, 0x8050, 0x8050, 0x8050, 0x8050, 0x8050, 0x8050, 0x8050, 0x8050, 0x8050, 0x8050,
        0x8050, 0x8050, 0x8050, 0x8050, 0x8050, 0x8050, 0x8050, 0x8050, 0x8050, 0x8050, 0x8050, 0x8050, 0x8050, 0x8050,
        0x8050, 0x8050, 0x8050, 0x8050, 0x8050, 0x8050, 0x8050, 0x8050, 0x8050, 0x8050, 0x8050, 0x8050, 0x8050, 0x8050,
        0x8050, 0x8050, 0x8050, 0x8050, 0x8050, 0x8050, 0x8050, 0x8050, 0x8050, 0x8050, 0x8050, 0x8050, 0x8050, 0x8050,
        0x8050, 0x8050, 0x8050, 0x8050, 0x8050, 0x8050, 0x8050, 0x8050, 0x8050, 0x8050, 0x8050, 0x8050, 0x8050, 0x8050,
        0x8050, 0x8050, 0x8050, 0x8050, 0x8050, 0x8050, 0x8050, 0x8050, 0x8050, 0x8050, 0x8050, 0x8050, 0x8050, 0x8050,
        0x8050, 0x8050, 0x8050, 0x8050, 0x8050, 0x8050, 0x8050, 0x8050, 0x8050, 0x8050, 0x8050, 0x8050, 0x8050, 0x8050,
        0x8050, 0x8050, 0x8050, 0x8050, 0x8050, 0x8050, 0x8050, 0x8050, 0x8050, 0x8050, 0x8050, 0x8050, 0x8050, 0x8050,
        0x8050, 0x8050, 0x8050, 0x8050, 0x8050, 0x8050, 0x8050, 0x8050, 0x8050, 0x8050, 0x8050, 0x8050, 0x8050, 0x8050,
        0x8050, 0x8050, 0x8050, 0x8050, 0x8050, 0x8050, 0x8050, 0x8050, 0x8050, 0x8050, 0x8050, 0x8050, 0x8050, 0x8050,
        0x8050, 0x8050, 0x8050, 0x8050, 0x8050, 0x8050, 0x8050, 0x8050, 0x8050, 0x8050, 0x8050, 0x8050, 0x8050, 0x8050,
        0x8050, 0x8050, 0x8050, 0x8050, 0x8050, 0x8050, 0x8050, 0x8050, 0x8050, 0x8050, 0x8050, 0x8050, 0x8050, 0x8050,
        0x8050, 0x8050, 0x8050, 0x8050, 0x8050, 0x8050, 0x8050, 0x8050, 0x8050, 0x8050, 0x8050, 0x8050, 0x8050, 0x8050,
        0x8050, 0x8050, 0x8050, 0x8050, 0x8050, 0x8050, 0x8050, 0x8050, 0x8050, 0x8050, 0x8050, 0x8050, 0x8050, 0x8050,
        0x8050, 0x8050, 0x8050, 0x8050, 0x8050, 0x8050, 0x8050, 0x8050, 0x8050, 0x8050, 0x8050, 0x8050, 0x8050, 0x8050,
        0x8050, 0x8050, 0x8050, 0x8050, 0x8050, 0x8050, 0x8050, 0x8050, 0x8050, 0x8050, 0x8050, 0x8050, 0x8050, 0x8050,
        0x8050, 0x8050, 0x8050, 0x8050, 0x8050, 0x8050, 0x8050, 0x8050, 0x8050, 0x8050, 0x8050, 0x8050, 0x8050, 0x8050,
        0x8050, 0x8050, 0x8050, 0x8050, 0x8050, 0x8050, 0x8050, 0x8050, 0x8050, 0x8050, 0x8050, 0x8050, 0x8050, 0x8050,
        0x8050, 0x8050, 0x8050, 0x8050, 0x8050, 0x8050, 0x8050, 0x8050, 0x8050, 0x8050, 0x8050, 0x8050, 0x8050, 0x8050,
        0x8050, 0x8050, 0x8050, 0x8050, 0x8050, 0x8050, 0x8050, 0x8050, 0x8050, 0x8050, 0x8050, 0x8050, 0x8050, 0x8050,
        0x8050, 0x8050, 0x8050, 0x8050, 0x8050, 0x8050, 0x8050, 0x8050, 0x8050, 0x8050, 0x8050, 0x8050, 0x8050, 0x8050,
        0x8050, 0x8050, 0x8050, 0x8050, 0x8050, 0x8050, 0x8050, 0x8050, 0x8050, 0x8050, 0x8050, 0x8050, 0x8050, 0x8050,
        0x8050, 0x8050, 0x8050, 0x8050, 0x8050, 0x8050, 0x8050, 0x8050, 0x8050, 0x8050, 0x8050, 0x8050, 0x8050, 0x8050,
        0x8050, 0x8050, 0x8050, 0x8050, 0x8050, 0x8050, 0x8050, 0x8050, 0x8050, 0x8050, 0x8050, 0x8050, 0x8050, 0x8050,
        0x8050, 0x8050, 0x8050, 0x8050, 0x8050, 0x8050, 0x8050, 0x8050, 0x8050, 0x8050, 0x8050, 0x8050, 0x8050, 0x8050,
        0x8050, 0x8050, 0x8050, 0x8050, 0x8050, 0x8050, 0x8050, 0x8050, 0x8050, 0x8050, 0x8050, 0x8050, 0x8050, 0x8050,
        0x8050, 0x8050, 0x8050, 0x8050, 0x8050, 0x8050, 0x8050, 0x8050, 0x8050, 0x8050, 0x8050, 0x8050, 0x8050, 0x8050,
        0x8050, 0x8050, 0x8050, 0x8050, 0x8050, 0x8050, 0x8050, 0x8050, 0x8050, 0x8050, 0x8050, 0x8050, 0x8050, 0x8050,
        0x8050, 0x8050, 0x8050, 0x8050, 0x8050, 0x8050, 0x8050, 0x8050, 0x8050, 0x8050, 0x8050, 0x8050, 0x8050, 0x8050,
        0x8050, 0x8050, 0x8050, 0x8050, 0x8050, 0x8050, 0x8050, 0x8050, 0x8050, 0x8050, 0x8050, 0x8050, 0x8050, 0x8050,
        0x8050, 0x8050, 0x8050, 0x8050, 0x8050, 0x8050, 0x8050, 0x8050, 0x8050, 0x8050, 0x8050, 0x8050, 0x8050, 0x8050,
        0x8050, 0x8050, 0x8050, 0x8050, 0x8050, 0x8050, 0x8050, 0x8050, 0x8050, 0x8050, 0x8050, 0x8050, 0x8050, 0x8050,
        0x8050, 0x8050, 0x8050, 0x8050, 0x8050, 0x8050, 0x8050, 0x8050, 0x8050, 0x8050, 0x8050, 0x8050, 0x8050, 0x8050,
        0x8050, 0x8050, 0x8050, 0x8050, 0x8050, 0x8050, 0x8050, 0x8050, 0x8050, 0x8050, 0x8050, 0x8050, 0x8050, 0x8050,
        0x8050, 0x8050, 0x8050, 0x8050, 0x8050, 0x8050, 0x8050, 0x8050, 0x8050, 0x8050, 0x8050, 0x8050, 0x8050, 0x8050,
        0x8050, 0x8050, 0x8050, 0x8050, 0x8050, 0x8050, 0x8050, 0x8050, 0x8050, 0x8050, 0x8050, 0x8050, 0x8050, 0x8050,
        0x8050, 0x8050, 0x8050, 0x8050, 0x8050, 0x8050, 0x8050, 0x8050, 0x8050, 0x8050, 0x8050, 0x8050, 0x8050, 0x8050,
        0x8050, 0x8050, 0x8050, 0x8050, 0x8050, 0x8050, 0x8050, 0x8050, 0x8050, 0x8050, 0x8050, 0x8050, 0x8050, 0x8050,
        0x8050, 0x8050, 0x8050, 0x8050, 0x8050, 0x8050, 0x8050, 0x8050, 0x8050, 0x8050, 0x8050, 0x8050, 0x8050, 0x8050,
        0x8050, 0x8050, 0x8050, 0x8050, 0x8050, 0x8050, 0x8050, 0x8050, 0x8050, 0x8050, 0x8050, 0x8050, 0x8050, 0x8050,
        0x8050, 0x8050, 0x8050, 0x8050, 0x8050, 0x8050, 0x8050, 0x8050, 0x8050, 0x8050, 0x8050, 0x8050, 0x8050, 0x8050,
        0x8050, 0x8050, 0x8050, 0x8050, 0x8050, 0x8050, 0x8050, 0x8050, 0x8050, 0x8050, 0x8050, 0x8050, 0x8050, 0x8050,
        0x8050, 0x8050, 0x8050, 0x8050, 0x8050, 0x8050, 0x8050, 0x8050, 0x8050, 0x8050, 0x8050, 0x8050, 0x8050, 0x8050,
        0x8050, 0x8050, 0x8050, 0x8050, 0x8050, 0x8050, 0x8050, 0x8050, 0x8050, 0x8050, 0x8050, 0x8050, 0x8050, 0x8050,
        0x8050, 0x8050, 0x8050, 0x8050, 0x8050, 0x8050, 0x8050, 0x8050, 0x8050, 0x8050, 0x8050, 0x8050, 0x8050, 0x8050,
        0x8050, 0x8050, 0x8050, 0x8050, 0x8050, 0x8050, 0x8050, 0x8050, 0x8050, 0x8050, 0x8050, 0x8050, 0x8050, 0x8050,
        0x8050, 0x8050, 0x8050, 0x8050, 0x8050, 0x8050, 0x8050, 0x8050, 0x8050, 0x8050, 0x8050, 0x8050, 0x8050, 0x8050,
        0x8050, 0x8050, 0x8050, 0x8050, 0x8050, 0x8050, 0x8050, 0x8050, 0x8050, 0x8050, 0x8050, 0x8050, 0x8050, 0x8050,
        0x8050, 0x8050, 0x8050, 0x8050, 0x8050, 0x8050, 0x8050, 0x8050, 0x8050, 0x8050, 0x8050, 0x8050, 0x8050, 0x8050,
        0x8050, 0x8050, 0x8050, 0x8050, 0x8050, 0x8050, 0x8050, 0x8050, 0x8050, 0x8050, 0x8050, 0x8050, 0x8050, 0x8050,
        0x8050, 0x8050, 0x8050, 0x8050, 0x8050, 0x8050, 0x8050, 0x8050, 0x8050, 0x8050, 0x8050, 0x8050, 0x8050, 0x8050,
        0x8050, 0x8050, 0x8050, 0x8050, 0x8050, 0x8050, 0x8050, 0x8050, 0x8050, 0x8050, 0x8050, 0x8050, 0x8050, 0x8050,
        0x8050, 0x8050, 0x8050, 0x8050, 0x8050, 0x8050, 0x8050, 0x8050, 0x8050, 0x8050, 0x8050, 0x8050, 0x8050, 0x8050,
        0x8050, 0x8050, 0x8050, 0x8050, 0x8050, 0x8050, 0x8050, 0x8050, 0x8050, 0x8050, 0x8050, 0x8050, 0x8050, 0x8050,
        0x8050, 0x8050, 0x8050, 0x8050, 0x8050, 0x8050, 0x8050, 0x8050, 0x8050, 0x8050, 0x8050, 0x8050, 0x8050, 0x8050,
        0x8050, 0x8050, 0x8050, 0x8050, 0x8050, 0x8050, 0x8050, 0x8050, 0x8050, 0x8050, 0x8050, 0x8050, 0x8050, 0x8050,
        0x8050, 0x8050, 0x8050, 0x8050, 0x8050, 0x8050, 0x8050, 0x8050, 0x8050, 0x8050, 0x8050, 0x8050, 0x8050, 0x8050,
        0x8050, 0x8050, 0x8050, 0x8050, 0x8050, 0x8050, 0x8050, 0x8050, 0x8050, 0x8050, 0x8050, 0x8050, 0x8050, 0x8050,
        0x8050, 0x8050, 0x8050, 0x8050, 0x8050, 0x8050, 0x8050, 0x8050, 0x8050, 0x8050, 0x8050, 0x8050, 0x8050, 0x8050,
        0x8050, 0x8050, 0x8050, 0x8050, 0x8050, 0x8050, 0x8050, 0x8050, 0x8050, 0x8050, 0x8050, 0x8050, 0x8050, 0x8050,
        0x8050, 0x8050, 0x8050, 0x8050, 0x8050, 0x8050, 0x8050, 0x8050, 0x8050, 0x8050, 0x8050, 0x8050, 0x8050, 0x8050,
        0x8050, 0x8050, 0x8050, 0x8050, 0x8050, 0x8050, 0x8050, 0x8050, 0x8050, 0x8050, 0x8050, 0x8050, 0x8050, 0x8050,
        0x8050, 0x8050, 0x8050, 0x8050, 0x8050, 0x8050, 0x8050, 0x8050, 0x8050, 0x8050, 0x8050, 0x8050, 0x8050, 0x8050,
        0x8050, 0x8050, 0x8050, 0x8050, 0x8050, 0x8050, 0x8050, 0x8050, 0x8050, 0x8050, 0x8050, 0x8050, 0x8050, 0x8050,
        0x8050, 0x8050, 0x8050, 0x8050, 0x8050, 0x8050, 0x8050, 0x8050, 0x8050, 0x8050, 0x8050, 0x8050, 0x8050, 0x8050,
        0x8050, 0x8050, 0x8050, 0x8050, 0x8050, 0x8050, 0x8050, 0x8050, 0x8050, 0x8050, 0x8050, 0x8050, 0x8050, 0x8050,
        0x8050, 0x8050, 0x8050, 0x8050, 0x8050, 0x8050, 0x8050, 0x8050, 0x8050, 0x8050, 0x8050, 0x8050, 0x8050, 0x8050,
        0x8050, 0x8050, 0x8050, 0x8050, 0x8050, 0x8050, 0x8050, 0x8050, 0x8050, 0x8050, 0x8050, 0x8050, 0x8050, 0x8050,
        0x8050, 0x8050, 0x8050, 0x8050, 0x8050, 0x8050, 0x8050, 0x8050, 0x8050, 0x8050, 0x8050, 0x8050, 0x8050, 0x8050,
        0x8050, 0x8050, 0x8050, 0x8050, 0x8050, 0x8050, 0x8050, 0x8050, 0x8050, 0x8050, 0x8050, 0x8050, 0x8050, 0x8050,
        0x8050, 0x8050, 0x8050, 0x8050, 0x8050, 0x8050, 0x8050, 0x8050, 0x8050, 0x8050, 0x8050, 0x8050, 0x8050, 0x8050,
        0x8050, 0x8050, 0x8050, 0x8050, 0x8050, 0x8050, 0x8050, 0x8050, 0x8050, 0x8050, 0x8050, 0x8050, 0x8050, 0x8050,
        0x8050, 0x8050, 0x8050, 0x8050, 0x8050, 0x8050, 0x8050, 0x8050, 0x8050, 0x8050, 0x8050, 0x8050, 0x8050, 0x8050,
        0x8050, 0x8050, 0x8050, 0x8050, 0x8050, 0x8050, 0x8050, 0x8050, 0x8050, 0x8050, 0x8050, 0x8050, 0x8050, 0x8050,
        0x8050, 0x8050, 0x8050, 0x8050, 0x8050, 0x8050, 0x8050, 0x8050, 0x8050, 0x8050, 0x8050, 0x8050, 0x8050, 0x8050,
        0x8050, 0x8050, 0x8050, 0x8050, 0x8050, 0x8050, 0x8050, 0x8050, 0x8050, 0x8050, 0x8050, 0x8050, 0x8050, 0x8050,
        0x8050, 0x8050, 0x8050, 0x8050, 0x8050, 0x8050, 0x8050, 0x8050, 0x8050, 0x8050, 0x8050, 0x8050, 0x8050, 0x8050,
        0x8050, 0x8050, 0x8050, 0x8050, 0x8050, 0x8050, 0x8050, 0x8050, 0x8050, 0x8050, 0x8050, 0x8050, 0x8050, 0x8050,
        0x8050, 0x8050, 0x8050, 0x8050, 0x8050, 0x8050, 0x8050, 0x8050, 0x8050, 0x8050, 0x8050, 0x8050, 0x8050, 0x8050,
        0x8050, 0x8050, 0x8050, 0x8050, 0x8050, 0x8050, 0x8050, 0x8050, 0x8050, 0x8050, 0x8050, 0x8050, 0x8050, 0x8050,
        0x8050, 0x8050, 0x8050, 0x8050, 0x8050, 0x8050, 0x8050, 0x8050, 0x8050, 0x8050, 0x8050, 0x8050, 0x8050, 0x8050,
        0x8050, 0x8050, 0x8050, 0x8050, 0x8050, 0x8050, 0x8050, 0x8050, 0x8050, 0x8050, 0x8050, 0x8050, 0x8050, 0x8050,
        0x8050, 0x8050, 0x8050, 0x8050, 0x8050, 0x8050, 0x8050, 0x8050, 0x8050, 0x8050, 0x8050, 0x8050, 0x8050, 0x8050,
        0x8050, 0x8050, 0x8050, 0x8050, 0x8050, 0x8050, 0x8050, 0x8050, 0x8050, 0x8050, 0x8050, 0x8050, 0x8050, 0x8050,
        0x8050, 0x8050, 0x8050, 0x8050, 0x8050, 0x8050, 0x8050, 0x8050, 0x8050, 0x8050, 0x8050, 0x8050, 0x8050, 0x8050,
        0x8050, 0x8050, 0x8050, 0x8050, 0x8050, 0x8050, 0x8050, 0x8050, 0x8050, 0x8050, 0x8050, 0x8050, 0x8050, 0x8050,
        0x8050, 0x8050, 0x8050, 0x8050, 0x8050, 0x8050, 0x8050, 0x8050, 0x8050, 0x8050, 0x8050, 0x8050, 0x8050, 0x8050,
        0x8050, 0x8050, 0x8050, 0x8050, 0x8050, 0x8050, 0x8050, 0x8050, 0x8050, 0x8050, 0x8050, 0x8050, 0x8050, 0x8050,
        0x8050, 0x8050, 0x8050, 0x8050, 0x8050, 0x8050, 0x8050, 0x8050, 0x8050, 0x8050, 0x8050, 0x8050, 0x8050, 0x8050,
        0x8050, 0x8050, 0x8050, 0x8050, 0x8050, 0x8050, 0x8050, 0x8050, 0x8050, 0x8050, 0x8050, 0x8050, 0x8050, 0x8050,
        0x8050, 0x8050, 0x8050, 0x8050, 0x8050, 0x8050, 0x8050, 0x8050, 0x8050, 0x8050, 0x8050, 0x8050, 0x8050, 0x8050,
        0x8050, 0x8050, 0x8050, 0x8050, 0x8050, 0x8050, 0x8050, 0x8050, 0x8050, 0x8050, 0x8050, 0x8050, 0x8050, 0x8050,
        0x8050, 0x8050, 0x8050, 0x8050, 0x8050, 0x8050, 0x8050, 0x8050, 0x8050, 0x8050, 0x8050, 0x8050, 0x8050, 0x8050,
        0x8050, 0x8050, 0x8050, 0x8050, 0x8050, 0x8050, 0x8050, 0x8050, 0x8050, 0x8050, 0x8050, 0x8050, 0x8050, 0x8050,
        0x8050, 0x8050, 0x8050, 0x8050, 0x8050, 0x8050, 0x8050, 0x8050, 0x8050, 0x8050, 0x8050, 0x8050, 0x8050, 0x8050,
        0x8050, 0x8050, 0x8050, 0x8050, 0x8050, 0x8050, 0x8050, 0x8050, 0x8050, 0x8050, 0x8050, 0x8050, 0x8050, 0x8050,
        0x8050, 0x8050, 0x8050, 0x8050, 0x8050, 0x8050, 0x8050, 0x8050, 0x8050, 0x8050, 0x8050, 0x8050, 0x8050, 0x8050,
        0x8050, 0x8050, 0x8050, 0x8050, 0x8050, 0x8050, 0x8050, 0x8050, 0x8050, 0x8050, 0x8050, 0x8050, 0x8050, 0x8050,
        0x8050, 0x8050, 0x8050, 0x8050, 0x8050, 0x8050, 0x8050, 0x8050, 0x8050, 0x8050, 0x8050, 0x8050, 0x8050, 0x8050,
        0x8050, 0x8050, 0x8050, 0x8050, 0x8050, 0x8050, 0x8050, 0x8050, 0x8050, 0x8050, 0x8050, 0x8050, 0x8050, 0x8050,
        0x8050, 0x8050, 0x8050, 0x8050, 0x8050, 0x8050, 0x8050, 0x8050, 0x8050, 0x8050, 0x8050, 0x8050, 0x8050, 0x8050,
        0x8050, 0x8050, 0x8050, 0x8050, 0x8050, 0x8050, 0x8050, 0x8050, 0x8050, 0x8050, 0x8050, 0x8050, 0x8050, 0x8050,
        0x8050, 0x8050, 0x8050, 0x8050, 0x8050, 0x8050, 0x8050, 0x8050, 0x8050, 0x8050, 0x8050, 0x8050, 0x8050, 0x8050,
        0x8050, 0x8050, 0x8050, 0x8050, 0x8050, 0x8050, 0x8050, 0x8050, 0x8050, 0x8050, 0x8050, 0x8050, 0x8050, 0x8050,
        0x8050, 0x8050, 0x8050, 0x8050, 0x8050, 0x8050, 0x8050, 0x8050, 0x8050, 0x8050, 0x8050, 0x8050, 0x8050, 0x8050,
        0x8050, 0x8050, 0x8050, 0x8050, 0x8050, 0x8050, 0x8050, 0x8050, 0x8050, 0x8050, 0x8050, 0x8050, 0x8050, 0x8050,
        0x8050, 0x8050, 0x8050, 0x8050, 0x8050, 0x8050, 0x8050, 0x8050, 0x8050, 0x8050, 0x8050, 0x8050, 0x8050, 0x8050,
        0x8050, 0x8050, 0x8050, 0x8050, 0x8050, 0x8050, 0x8050, 0x8050, 0x8050, 0x8050, 0x8050, 0x8050, 0x8050, 0x8050,
        0x8050, 0x8050, 0x8050, 0x8050, 0x8050, 0x8050, 0x8050, 0x8050, 0x8050, 0x8050, 0x8050, 0x8050, 0x8050, 0x8050,
        0x8050, 0x8050, 0x8050, 0x8050, 0x8050, 0x8050, 0x8050, 0x8050, 0x8050, 0x8050, 0x8050, 0x8050, 0x8050, 0x8050,
        0x8050, 0x8050, 0x8050, 0x8050, 0x8050, 0x8050, 0x8050, 0x8050, 0x8050, 0x8050, 0x8050, 0x8050, 0x8050, 0x8050,
        0x8050, 0x8050, 0x8050, 0x8050, 0x8050, 0x8050, 0x8050, 0x8050, 0x8050, 0x8050, 0x8050, 0x8050, 0x8050, 0x8050,
        0x8050, 0x8050, 0x8050, 0x8050, 0x8050, 0x8050, 0x8050, 0x8050, 0x8050, 0x8050, 0x8050, 0x8050, 0x8050, 0x8050,
        0x8050, 0x8050, 0x8050, 0x8050, 0x8050, 0x8050, 0x8050, 0x8050, 0x8050, 0x8050, 0x8050, 0x8050, 0x8050, 0x8050,
        0x8050, 0x8050, 0x8050, 0x8050, 0x8050, 0x8050, 0x8050, 0x8050, 0x8050, 0x8050, 0x8050, 0x8050, 0x8050, 0x8050,
        0x8050, 0x8050, 0x8050, 0x8050, 0x8050, 0x8050, 0x8050, 0x8050, 0x8050, 0x8050, 0x8050, 0x8050, 0x8050, 0x8050,
        0x8050, 0x8050, 0x8050, 0x8050, 0x8050, 0x8050, 0x8050, 0x8050, 0x8050, 0x8050, 0x8050, 0x8050, 0x8050, 0x8050,
        0x8050, 0x8050, 0x8050, 0x8050, 0x8050, 0x8050, 0x8050, 0x8050, 0x8050, 0x8050, 0x8050, 0x8050, 0x8050, 0x8050,
        0x8050, 0x8050, 0x8050, 0x8050, 0x8050, 0x8050, 0x8050, 0x8050, 0x8050, 0x8050, 0x8050, 0x8050, 0x8050, 0x8050,
        0x8050, 0x8050, 0x8050, 0x8050, 0x8050, 0x8050, 0x8050, 0x8050, 0x8050, 0x8050, 0x8050, 0x8050, 0x8050, 0x8050,
        0x8050, 0x8050, 0x8050, 0x8050, 0x8050, 0x8050, 0x8050, 0x8050, 0x8050, 0x8050, 0x8050, 0x8050, 0x8050, 0x8050,
        0x8050, 0x8050, 0x8050, 0x8050, 0x8050, 0x8050, 0x8050, 0x8050, 0x8050, 0x8050, 0x8050, 0x8050, 0x8050, 0x8050,
        0x8050, 0x8050, 0x8050, 0x8050, 0x8050, 0x8050, 0x8050, 0x8050, 0x8050, 0x8050, 0x8050, 0x8050, 0x8050, 0x8050,
        0x8050, 0x8050, 0x8050, 0x8050, 0x8050, 0x8050, 0x8050, 0x8050, 0x8050, 0x8050, 0x8050, 0x8050, 0x8050, 0x8050,
        0x8050, 0x8050, 0x8050, 0x8050, 0x8050, 0x8050, 0x8050, 0x8050, 0x8050, 0x8050, 0x8050, 0x8050, 0x8050, 0x8050,
        0x8050, 0x8050, 0x8050, 0x8050, 0x8050, 0x8050, 0x8050, 0x8050, 0x8050, 0x8050, 0x8050, 0x8050, 0x8050, 0x8050,
        0x8050, 0x8050, 0x8050, 0x8050, 0x8050, 0x8050, 0x8050, 0x8050, 0x8050, 0x8050, 0x8050, 0x8050, 0x8050, 0x8050,
        0x8050, 0x8050, 0x8050, 0x8050, 0x8050, 0x8050, 0x8050, 0x8050, 0x8050, 0x8050, 0x8050, 0x8050, 0x8050, 0x8050,
        0x8050, 0x8050, 0x8050, 0x8050, 0x8050, 0x8050, 0x8050, 0x8050, 0x8050, 0x8050, 0x8050, 0x8050, 0x8050, 0x8050,
        0x8050, 0x8050, 0x8050, 0x8050, 0x8050, 0x8050, 0x8050, 0x8050, 0x8050, 0x8050, 0x8050, 0x8050, 0x8050, 0x8050,
        0x8050, 0x8050, 0x8050, 0x8050, 0x8050, 0x8050, 0x8050, 0x8050, 0x8050, 0x8050, 0x8050, 0x8050, 0x8050, 0x8050,
        0x8050, 0x8050, 0x8050, 0x8050, 0x8050, 0x8050, 0x8050, 0x8050, 0x8050, 0x8050, 0x8050, 0x8050, 0x8050, 0x8050,
        0x8050, 0x8050, 0x8050, 0x8050, 0x8050, 0x8050, 0x8050, 0x8050, 0x8050, 0x8050, 0x8050, 0x8050, 0x8050, 0x8050,
        0x8050, 0x8050, 0x8050, 0x8050, 0x8050, 0x8050, 0x8050, 0x8050, 0x8050, 0x8050, 0x8050, 0x8050, 0x8050, 0x8050,
        0x8050, 0x8050, 0x8050, 0x8050, 0x8050, 0x8050, 0x8050, 0x8050, 0x8050, 0x8050, 0x8050, 0x8050, 0x8050, 0x8050,
        0x8050, 0x8050, 0x8050, 0x8050, 0x8050, 0x8050, 0x8050, 0x8050, 0x8050, 0x8050, 0x8050, 0x8050, 0x8050, 0x8050,
        0x8050, 0x8050, 0x8050, 0x8050, 0x8050, 0x8050, 0x8050, 0x8050, 0x8050, 0x8050, 0x8050, 0x8050, 0x8050, 0x8050,
        0x8050, 0x8050, 0x8050, 0x8050, 0x8050, 0x8050, 0x8050, 0x8050, 0x8050, 0x8050, 0x8050, 0x8050, 0x8050, 0x8050,
        0x8050, 0x8050, 0x8050, 0x8050, 0x8050, 0x8050, 0x8050, 0x8050, 0x8050, 0x8050, 0x8050, 0x8050, 0x8050, 0x8050,
        0x8050, 0x8050, 0x8050, 0x8050, 0x8050, 0x8050, 0x8050, 0x8050, 0x8050, 0x8050, 0x8050, 0x8050, 0x8050, 0x8050,
        0x8050, 0x8050, 0x8050, 0x8050, 0x8050, 0x8050, 0x8050, 0x8050, 0x8050, 0x8050, 0x8050, 0x8050, 0x8050, 0x8050,
        0x8050, 0x8050, 0x8050, 0x8050, 0x8050, 0x8050, 0x8050, 0x8050, 0x8050, 0x8050, 0x8050, 0x8050, 0x8050, 0x8050,
        0x8050, 0x8050, 0x8050, 0x8050, 0x8050, 0x8050, 0x8050, 0x8050, 0x8050, 0x8050, 0x8050, 0x8050, 0x8050, 0x8050,
        0x8050, 0x8050, 0x8050, 0x8050, 0x8050, 0x8050, 0x8050, 0x8050, 0x8050, 0x8050, 0x8050, 0x8050, 0x8050, 0x8050,
        0x8050, 0x8050, 0x8050, 0x8050, 0x8050, 0x8050, 0x8050, 0x8050, 0x8050, 0x8050, 0x8050, 0x8050, 0x8050, 0x8050,
        0x8050, 0x8050, 0x8050, 0x8050, 0x8050, 0x8050, 0x8050, 0x8050, 0x8050, 0x8050, 0x8050, 0x8050, 0x8050, 0x8050,
        0x8050, 0x8050, 0x8050, 0x8050, 0x8050, 0x8050, 0x8050, 0x8050, 0x8050, 0x8050, 0x8050, 0x8050, 0x8050, 0x8050,
        0x8050, 0x8050, 0x8050, 0x8050, 0x8050, 0x8050, 0x8050, 0x8050, 0x8050, 0x8050, 0x8050, 0x8050, 0x8050, 0x8050,
        0x8050, 0x8050, 0x8050, 0x8050, 0x8050, 0x8050, 0x8050, 0x8050, 0x8050, 0x8050, 0x8050, 0x8050, 0x8050, 0x8050,
        0x8050, 0x8050, 0x8050, 0x8050, 0x8050, 0x8050, 0x8050, 0x8050, 0x8050, 0x8050, 0x8050, 0x8050, 0x8050, 0x8050,
        0x8050, 0x8050, 0x8050, 0x8050, 0x8050, 0x8050, 0x8050, 0x8050, 0x8050, 0x8050, 0x8050, 0x8050, 0x8050, 0x8050,
        0x8050, 0x8050, 0x8050, 0x8050, 0x8050, 0x8050, 0x8050, 0x8050, 0x8050, 0x8050, 0x8050, 0x8050, 0x8050, 0x8050,
        0x8050, 0x8050, 0x8050, 0x8050, 0x8050, 0x8050, 0x8050, 0x8050, 0x8050, 0x8050, 0x8050, 0x8050, 0x8050, 0x8050,
        0x8050, 0x8050, 0x8050, 0x8050, 0x8050, 0x8050, 0x8050, 0x8050, 0x8050, 0x8050, 0x8050, 0x8050, 0x8050, 0x8050,
        0x8050, 0x8050, 0x8050, 0x8050, 0x8050, 0x8050, 0x8050, 0x8050, 0x8050, 0x8050, 0x8050, 0x8050, 0x8050, 0x8050,
        0x8050, 0x8050, 0x8050, 0x8050, 0x8050, 0x8050, 0x8050, 0x8050, 0x8050, 0x8050, 0x8050, 0x8050, 0x8050, 0x8050,
        0x8050, 0x8050, 0x8050, 0x8050, 0x8050, 0x8050, 0x8050, 0x8050, 0x8050, 0x8050, 0x8050, 0x8050, 0x8050, 0x8050,
        0x8050, 0x8050, 0x8050, 0x8050, 0x8050, 0x8050, 0x8050, 0x8050, 0x8050, 0x8050, 0x8050, 0x8050, 0x8050, 0x8050,
        0x8050, 0x8050, 0x8050, 0x8050, 0x8050, 0x8050, 0x8050, 0x8050, 0x8050, 0x8050, 0x8050, 0x8050, 0x8050, 0x8050,
        0x8050, 0x8050, 0x8050, 0x8050, 0x8050, 0x8050, 0x8050, 0x8050, 0x8050, 0x8050, 0x8050, 0x8050, 0x8050, 0x8050,
        0x8050, 0x8050, 0x8050, 0x8050, 0x8050, 0x8050, 0x8050, 0x8050, 0x8050, 0x8050, 0x8050, 0x8050, 0x8050, 0x8050,
        0x8050, 0x8050, 0x8050, 0x8050, 0x8050, 0x8050, 0x8050, 0x8050, 0x8050, 0x8050, 0x8050, 0x8050, 0x8050, 0x8050,
        0x8050, 0x8050, 0x8050, 0x8050, 0x8050, 0x8050, 0x8050, 0x8050, 0x8050, 0x8050, 0x8050, 0x8050, 0x8050, 0x8050,
        0x8050, 0x8050, 0x8050, 0x8050, 0x8050, 0x8050, 0x8050, 0x8050, 0x8050, 0x8050, 0x8050, 0x8050, 0x8050, 0x8050,
        0x8050, 0x8050, 0x8050, 0x8050, 0x8050, 0x8050, 0x8050, 0x8050, 0x8050, 0x8050, 0x8050, 0x8050, 0x8050, 0x8050,
        0x8050, 0x8050, 0x8050, 0x8050, 0x8050, 0x8050, 0x8050, 0x8050, 0x8050, 0x8050, 0x8050, 0x8050, 0x8050, 0x8050,
        0x8050, 0x8050, 0x8050, 0x8050, 0x8050, 0x8050, 0x8050, 0x8050, 0x8050, 0x8050, 0x8050, 0x8050, 0x8050, 0x8050,
        0x8050, 0x8050, 0x8050, 0x8050, 0x8050, 0x8050, 0x8050, 0x8050, 0x8050, 0x8050, 0x8050, 0x8050, 0x8050, 0x8050,
        0x8050, 0x8050, 0x8050, 0x8050, 0x8050, 0x8050, 0x8050, 0x8050, 0x8050, 0x8050, 0x8050, 0x8050, 0x8050, 0x8050,
        0x8050, 0x8050, 0x8050, 0x8050, 0x8050, 0x8050, 0x8050, 0x8050, 0x8050, 0x8050, 0x8050, 0x8050, 0x8050, 0x8050,
        0x8050, 0x8050, 0x8050, 0x8050, 0x8050, 0x8050, 0x8050, 0x8050, 0x8050, 0x8050, 0x8050, 0x8050, 0x8050, 0x8050,
        0x8050, 0x8050, 0x8050, 0x8050, 0x8050, 0x8050, 0x8050, 0x8050, 0x8050, 0x8050, 0x8050, 0x8050, 0x8050, 0x8050,
        0x8050, 0x8050, 0x8050, 0x8050, 0x8050, 0x8050, 0x8050, 0x8050, 0x8050, 0x8050, 0x8050, 0x8050, 0x8050, 0x8050,
        0x8050, 0x8050, 0x8050, 0x8050, 0x8050, 0x8050, 0x8050, 0x8050, 0x8050, 0x8050, 0x8050, 0x8050, 0x8050, 0x8050,
        0x8050, 0x8050, 0x8050, 0x8050, 0x8050, 0x8050, 0x8050, 0x8050, 0x8050, 0x8050, 0x8050, 0x8050, 0x8050, 0x8050,
        0x8050, 0x8050, 0x8050, 0x8050, 0x8050, 0x8050, 0x8050, 0x8050, 0x8050, 0x8050, 0x8050, 0x8050, 0x8050, 0x8050,
        0x8050, 0x8050, 0x8050, 0x8050, 0x8050, 0x8050, 0x8050, 0x8050, 0x8050, 0x8050, 0x8050, 0x8050, 0x8050, 0x8050,
        0x8050, 0x8050, 0x8050, 0x8050, 0x8050, 0x8050, 0x8050, 0x8050, 0x8050, 0x8050, 0x8050, 0x8050, 0x8050, 0x8050,
        0x8050, 0x8050, 0x8050, 0x8050, 0x8050, 0x8050, 0x8050, 0x8050, 0x8050, 0x8050, 0x8050, 0x8050, 0x8050, 0x8050,
        0x8050, 0x8050, 0x8050, 0x8050, 0x8050, 0x8050, 0x8050, 0x8050, 0x8050, 0x8050, 0x8050, 0x8050, 0x8050, 0x8050,
        0x8050, 0x8050, 0x8050, 0x8050, 0x8050, 0x8050, 0x8050, 0x8050, 0x8050, 0x8050, 0x8050, 0x8050, 0x8050, 0x8050,
        0x8050, 0x8050, 0x8050, 0x8050, 0x8050, 0x8050, 0x8050, 0x8050, 0x8050, 0x8050, 0x8050, 0x8050, 0x8050, 0x8050,
        0x8050, 0x8050, 0x8050, 0x8050, 0x8050, 0x8050, 0x8050, 0x8050, 0x8050, 0x8050, 0x8050, 0x8050, 0x8050, 0x8050,
        0x8050, 0x8050, 0x8050, 0x8050, 0x8050, 0x8050, 0x8050, 0x8050, 0x8050, 0x8050, 0x8050, 0x8050, 0x8050, 0x8050,
        0x8050, 0x8050, 0x8050, 0x8050, 0x8050, 0x8050, 0x8050, 0x8050, 0x8050, 0x8050, 0x8050, 0x8050, 0x8050, 0x8050,
        0x8050, 0x8050, 0x8050, 0x8050, 0x8050, 0x8050, 0x8050, 0x8050, 0x8050, 0x8050, 0x8050, 0x8050, 0x8050, 0x8050,
        0x8050, 0x8050, 0x8050, 0x8050, 0x8050, 0x8050, 0x8050, 0x8050, 0x8050, 0x8050, 0x8050, 0x8050, 0x8050, 0x8050,
        0x8050, 0x8050, 0x8050, 0x8050, 0x8050, 0x8050, 0x8050, 0x8050, 0x8050, 0x8050, 0x8050, 0x8050, 0x8050, 0x8050,
        0x8050, 0x8050, 0x8050, 0x8050, 0x8050, 0x8050, 0x8050, 0x8050, 0x8050, 0x8050, 0x8050, 0x8050, 0x8050, 0x8050,
        0x8050, 0x8050, 0x8050, 0x8050, 0x8050, 0x8050, 0x8050, 0x8050, 0x8050, 0x8050, 0x8050, 0x8050, 0x8050, 0x8050,
        0x8050, 0x8050, 0x8050, 0x8050, 0x8050, 0x8050, 0x8050, 0x8050, 0x8050, 0x8050, 0x8050, 0x8050, 0x8050, 0x8050,
        0x8050, 0x8050, 0x8050, 0x8050, 0x8050, 0x8050, 0x8050, 0x8050, 0x8050, 0x8050, 0x8050, 0x8050, 0x8050, 0x8050,
        0x8050, 0x8050, 0x8050, 0x8050, 0x8050, 0x8050, 0x8050, 0x8050, 0x8050, 0x8050, 0x8050, 0x8050, 0x8050, 0x8050,
        0x8050, 0x8050, 0x8050, 0x8050, 0x8050, 0x8050, 0x8050, 0x8050, 0x8050, 0x8050, 0x8050, 0x8050, 0x8050, 0x8050,
        0x8050, 0x8050, 0x8050, 0x8050, 0x8050, 0x8050, 0x8050, 0x8050, 0x8050, 0x8050, 0x8050, 0x8050, 0x8050, 0x8050,
        0x8050, 0x8050, 0x8050, 0x8050, 0x8050, 0x8050, 0x8050, 0x8050, 0x8050, 0x8050, 0x8050, 0x8050, 0x8050, 0x8050,
        0x8050, 0x8050, 0x8050, 0x8050, 0x8050, 0x8050, 0x8050, 0x8050, 0x8050, 0x8050, 0x8050, 0x8050, 0x8050, 0x8050,
        0x8050, 0x8050, 0x8050, 0x8050, 0x8050, 0x8050, 0x8050, 0x8050, 0x8050, 0x8050, 0x8050, 0x8050, 0x8050, 0x8050,
        0x8050, 0x8050, 0x8050, 0x8050, 0x8050, 0x8050, 0x8050, 0x8050, 0x8050, 0x8050, 0x8050, 0x8050, 0x8050, 0x8050,
        0x8050, 0x8050, 0x8050, 0x8050, 0x8050, 0x8050, 0x8050, 0x8050, 0x8050, 0x8050, 0x8050, 0x8050, 0x8050, 0x8050,
        0x8050, 0x8050, 0x8050, 0x8050, 0x8050, 0x8050, 0x8050, 0x8050, 0x8050, 0x8050, 0x8050, 0x8050, 0x8050, 0x8050,
        0x8050, 0x8050, 0x8050, 0x8050, 0x8050, 0x8050, 0x8050, 0x8050, 0x8050, 0x8050, 0x8050, 0x8050, 0x8050, 0x8050,
        0x8050, 0x8050, 0x8050, 0x8050, 0x8050, 0x8050, 0x8050, 0x8050, 0x8050, 0x8050, 0x8050, 0x8050, 0x8050, 0x8050,
        0x8050, 0x8050, 0x8050, 0x8050, 0x8050, 0x8050, 0x8050, 0x8050, 0x8050, 0x8050, 0x8050, 0x8050, 0x8050, 0x8050,
        0x8050, 0x8050, 0x8050, 0x8050, 0x8050, 0x8050, 0x8050, 0x8050, 0x8050, 0x8050, 0x8050, 0x8050, 0x8050, 0x8050,
        0x8050, 0x8050, 0x8050, 0x8050, 0x8050, 0x8050, 0x8050, 0x8050, 0x8050, 0x8050, 0x8050, 0x8050, 0x8050, 0x8050,
        0x8050, 0x8050, 0x8050, 0x8050, 0x8050, 0x8050, 0x8050, 0x8050, 0x8050, 0x8050, 0x8050, 0x8050, 0x8050, 0x8050,
        0x8050, 0x8050, 0x8050, 0x8050, 0x8050, 0x8050, 0x8050, 0x8050, 0x8050, 0x8050, 0x8050, 0x8050, 0x8050, 0x8050,
        0x8050, 0x8050, 0x8050, 0x8050, 0x8050, 0x8050, 0x8050, 0x8050, 0x8050, 0x8050, 0x8050, 0x8050, 0x8050, 0x8050,
        0x8050, 0x8050, 0x8050, 0x8050, 0x8050, 0x8050, 0x8050, 0x8050, 0x8050, 0x8050, 0x8050, 0x8050, 0x8050, 0x8050,
        0x8050, 0x8050, 0x8050, 0x8050, 0x8050, 0x8050, 0x8050, 0x8050, 0x8050, 0x8050, 0x8050, 0x8050, 0x8050, 0x8050,
        0x8050, 0x8050, 0x8050, 0x8050, 0x8050, 0x8050, 0x8050, 0x8050, 0x8050, 0x8050, 0x8050, 0x8050, 0x8050, 0x8050,
        0x8050, 0x8050, 0x8050, 0x8050, 0x8050, 0x8050, 0x8050, 0x8050, 0x8050, 0x8050, 0x8050, 0x8050, 0x8050, 0x8050,
        0x8050, 0x8050, 0x8050, 0x8050, 0x8050, 0x8050, 0x8050, 0x8050, 0x8050, 0x8050, 0x8050, 0x8050, 0x8050, 0x8050,
        0x8050, 0x8050, 0x8050, 0x8050, 0x8050, 0x8050, 0x8050, 0x8050, 0x8050, 0x8050, 0x8050, 0x8050, 0x8050, 0x8050,
        0x8050, 0x8050, 0x8050, 0x8050, 0x8050, 0x8050, 0x8050, 0x8050, 0x8050, 0x8050, 0x8050, 0x8050, 0x8050, 0x8050,
        0x8050, 0x8050, 0x8050, 0x8050, 0x8050, 0x8050, 0x8050, 0x8050, 0x8050, 0x8050, 0x8050, 0x8050, 0x8050, 0x8050,
        0x8050, 0x8050, 0x8050, 0x8050, 0x8050, 0x8050, 0x8050, 0x8050, 0x8050, 0x8050, 0x8050, 0x8050, 0x8050, 0x8050,
        0x8050, 0x8050, 0x8050, 0x8050, 0x8050, 0x8050, 0x8050, 0x8050, 0x8050, 0x8050, 0x8050, 0x8050, 0x8050, 0x8050,
        0x8050, 0x8050, 0x8050, 0x8050, 0x8050, 0x8050, 0x8050, 0x8050, 0x8050, 0x8050, 0x8050, 0x8050, 0x8050, 0x8050,
        0x8050, 0x8050, 0x8050, 0x8050, 0x8050, 0x8050, 0x8050, 0x8050, 0x8050, 0x8050, 0x8050, 0x8050, 0x8050, 0x8050,
        0x8050, 0x8050, 0x8050, 0x8050, 0x8050, 0x8050, 0x8050, 0x8050, 0x8050, 0x8050, 0x8050, 0x8050, 0x8050, 0x8050,
        0x8050, 0x8050, 0x8050, 0x8050, 0x8050, 0x8050, 0x8050, 0x8050, 0x8050, 0x8050, 0x8050, 0x8050, 0x8050, 0x8050,
        0x8050, 0x8050, 0x8050, 0x8050, 0x8050, 0x8050, 0x8050, 0x8050, 0x8050, 0x8050, 0x8050, 0x8050, 0x8050, 0x8050,
        0x8050, 0x8050, 0x8050, 0x8050, 0x8050, 0x8050, 0x8050, 0x8050, 0x8050, 0x8050, 0x8050, 0x8050, 0x8050, 0x8050,
        0x8050, 0x8050, 0x8050, 0x8050, 0x8050, 0x8050, 0x8050, 0x8050, 0x8050, 0x8050, 0x8050, 0x8050, 0x8050, 0x8050,
        0x8050, 0x8050, 0x8050, 0x8050, 0x8050, 0x8050, 0x8050, 0x8050, 0x8050, 0x8050, 0x8050, 0x8050, 0x8050, 0x8050,
        0x8050, 0x8050, 0x8050, 0x8050, 0x8050, 0x8050, 0x8050, 0x8050, 0x8050, 0x8050, 0x8050, 0x8050, 0x8050, 0x8050,
        0x8050, 0x8050, 0x8050, 0x8050, 0x8050, 0x8050, 0x8050, 0x8050, 0x8050, 0x8050, 0x8050, 0x8050, 0x8050, 0x8050,
        0x8050, 0x8050, 0x8050, 0x8050, 0x8050, 0x8050, 0x8050, 0x8050, 0x8050, 0x8050, 0x8050, 0x8050, 0x8050, 0x8050,
        0x8050, 0x8050, 0x8050, 0x8050, 0x8050, 0x8050, 0x8050, 0x8050, 0x8050, 0x8050, 0x8050, 0x8050, 0x8050, 0x8050,
        0x8050, 0x8050, 0x8050, 0x8050, 0x8050, 0x8050, 0x8050, 0x8050, 0x8050, 0x8050, 0x8050, 0x8050, 0x8050, 0x8050,
        0x8050, 0x8050, 0x8050, 0x8050, 0x8050, 0x8050, 0x8050, 0x8050, 0x8050, 0x8050, 0x8050, 0x8050, 0x8050, 0x8050,
        0x8050, 0x8050, 0x8050, 0x8050, 0x8050, 0x8050, 0x8050, 0x8050, 0x8050, 0x8050, 0x8050, 0x8050, 0x8050, 0x8050,
        0x8050, 0x8050, 0x8050, 0x8050, 0x8050, 0x8050, 0x8050, 0x8050, 0x8050, 0x8050, 0x8050, 0x8050, 0x8050, 0x8050,
        0x8050, 0x8050, 0x8050, 0x8050, 0x8050, 0x8050, 0x8050, 0x8050, 0x8050, 0x8050, 0x8050, 0x8050, 0x8050, 0x8050,
        0x8050, 0x8050, 0x8050, 0x8050, 0x8050, 0x8050, 0x8050, 0x8050, 0x8050, 0x8050, 0x8050, 0x8050, 0x8050, 0x8050,
        0x8050, 0x8050, 0x8050, 0x8050, 0x8050, 0x8050, 0x8050, 0x8050, 0x8050, 0x8050, 0x8050, 0x8050, 0x8050, 0x8050,
        0x8050, 0x8050, 0x8050, 0x8050, 0x8050, 0x8050, 0x8050, 0x8050, 0x8050, 0x8050, 0x8050, 0x8050, 0x8050, 0x8050,
        0x8050, 0x8050, 0x8050, 0x8050, 0x8050, 0x8050, 0x8050, 0x8050, 0x8050, 0x8050, 0x8050, 0x8050, 0x8050, 0x8050,
        0x8050, 0x8050, 0x8050, 0x8050, 0x8050, 0x8050, 0x8050, 0x8050, 0x8050, 0x8050, 0x8050, 0x8050, 0x8050, 0x8050,
        0x8050, 0x8050, 0x8050, 0x8050, 0x8050, 0x8050, 0x8050, 0x8050, 0x8050, 0x8050, 0x8050, 0x8050, 0x8050, 0x8050,
        0x8050, 0x8050, 0x8050, 0x8050, 0x8050, 0x8050, 0x8050, 0x8050, 0x8050, 0x8050, 0x8050, 0x8050, 0x8050, 0x8050,
        0x8050, 0x8050, 0x8050, 0x8050, 0x8050, 0x8050, 0x8050, 0x8050, 0x8050, 0x8050, 0x8050, 0x8050, 0x8050, 0x8050,
        0x8050, 0x8050, 0x8050, 0x8050, 0x8050, 0x8050, 0x8050, 0x8050, 0x8050, 0x8050, 0x8050, 0x8050, 0x8050, 0x8050,
        0x8050, 0x8050, 0x8050, 0x8050, 0x8050, 0x8050, 0x8050, 0x8050, 0x8050, 0x8050, 0x8050, 0x8050, 0x8050, 0x8050,
        0x8050, 0x8050, 0x8050, 0x8050, 0x8050, 0x8050, 0x8050, 0x8050, 0x8050, 0x8050, 0x8050, 0x8050, 0x8050, 0x8050,
        0x8050, 0x8050, 0x8050, 0x8050, 0x8050, 0x8050, 0x8050, 0x8050, 0x8050, 0x8050, 0x8050, 0x8050, 0x8050, 0x8050,
        0x8050, 0x8050, 0x8050, 0x8050, 0x8050, 0x8050, 0x8050, 0x8050, 0x8050, 0x8050, 0x8050, 0x8050, 0x8050, 0x8050,
        0x8050, 0x8050, 0x8050, 0x8050, 0x8050, 0x8050, 0x8050, 0x8050, 0x8050, 0x8050, 0x8050, 0x8050, 0x8050, 0x8050,
        0x8050, 0x8050, 0x8050, 0x8050, 0x8050, 0x8050, 0x8050, 0x8050, 0x8050, 0x8050, 0x8050, 0x8050, 0x8050, 0x8050,
        0x8050, 0x8050, 0x8050, 0x8050, 0x8050, 0x8050, 0x8050, 0x8050, 0x8050, 0x8050, 0x8050, 0x8050, 0x8050, 0x8050,
        0x8050, 0x8050, 0x8050, 0x8050, 0x8050, 0x8050, 0x8050, 0x8050, 0x8050, 0x8050, 0x8050, 0x8050, 0x8050, 0x8050,
        0x8050, 0x8050, 0x8050, 0x8050, 0x8050, 0x8050, 0x8050, 0x8050, 0x8050, 0x8050, 0x8050, 0x8050, 0x8050, 0x8050,
        0x8050, 0x8050, 0x8050, 0x8050, 0x8050, 0x8050, 0x8050, 0x8050, 0x8050, 0x8050, 0x8050, 0x8050, 0x8050, 0x8050,
        0x8050, 0x8050, 0x8050, 0x8050, 0x8050, 0x8050, 0x8050, 0x8050, 0x8050, 0x8050, 0x8050, 0x8050, 0x8050, 0x8050,
        0x8050, 0x8050, 0x8050, 0x8050, 0x8050, 0x8050, 0x8050, 0x8050, 0x8050, 0x8050, 0x8050, 0x8050, 0x8050, 0x8050,
        0x8050, 0x8050, 0x8050, 0x8050, 0x8050, 0x8050, 0x8050, 0x8050, 0x8050, 0x8050, 0x8050, 0x8050, 0x8050, 0x8050,
        0x8050, 0x8050, 0x8050, 0x8050, 0x8050, 0x8050, 0x8050, 0x8050, 0x8050, 0x8050, 0x8050, 0x8050, 0x8050, 0x8050,
        0x8050, 0x8050, 0x8050, 0x8050, 0x8050, 0x8050, 0x8050, 0x8050, 0x8050, 0x8050, 0x8050, 0x8050, 0x8050, 0x8050,
        0x8050, 0x8050, 0x8050, 0x8050, 0x8050, 0x8050, 0x8050, 0x8050, 0x8050, 0x8050, 0x8050, 0x8050, 0x8050, 0x8050,
        0x8050, 0x8050, 0x8050, 0x8050, 0x8050, 0x8050, 0x8050, 0x8050, 0x8050, 0x8050, 0x8050, 0x8050, 0x8050, 0x8050,
        0x8050, 0x8050, 0x8050, 0x8050, 0x8050, 0x8050, 0x8050, 0x8050, 0x8050, 0x8050, 0x8050, 0x8050, 0x8050, 0x8050,
        0x8050, 0x8050, 0x8050, 0x8050, 0x8050, 0x8050, 0x8050, 0x8050, 0x8050, 0x8050, 0x8050, 0x8050, 0x8050, 0x8050,
        0x8050, 0x8050, 0x8050, 0x8050, 0x8050, 0x8050, 0x8050, 0x8050, 0x8050, 0x8050, 0x8050, 0x8050, 0x8050, 0x8050,
        0x8050, 0x8050, 0x8050, 0x8050, 0x8050, 0x8050, 0x8050, 0x8050, 0x8050, 0x8050, 0x8050, 0x8050, 0x8050, 0x8050,
        0x8050, 0x8050, 0x8050, 0x8050, 0x8050, 0x8050, 0x8050, 0x8050, 0x8050, 0x8050, 0x8050, 0x8050, 0x8050, 0x8050,
        0x8050, 0x8050, 0x8050, 0x8050, 0x8050, 0x8050, 0x8050, 0x8050, 0x8050, 0x8050, 0x8050, 0x8050, 0x8050, 0x8050,
        0x8050, 0x8050, 0x8050, 0x8050, 0x8050, 0x8050, 0x8050, 0x8050, 0x8050, 0x8050, 0x8050, 0x8050, 0x8050, 0x8050,
        0x8050, 0x8050, 0x8050, 0x8050, 0x8050, 0x8050, 0x8050, 0x8050, 0x8050, 0x8050, 0x8050, 0x8050, 0x8050, 0x8050,
        0x8050, 0x8050, 0x8050, 0x8050, 0x8050, 0x8050, 0x8050, 0x8050, 0x8050, 0x8050, 0x8050, 0x8050, 0x8050, 0x8050,
        0x8050, 0x8050, 0x8050, 0x8050, 0x8050, 0x8050, 0x8050, 0x8050, 0x8050, 0x8050, 0x8050, 0x8050, 0x8050, 0x8050,
        0x8050, 0x8050, 0x8050, 0x8050, 0x8050, 0x8050, 0x8050, 0x8050, 0x8050, 0x8050, 0x8050, 0x8050, 0x8050, 0x8050,
        0x8050, 0x8050, 0x8050, 0x8050, 0x8050, 0x8050, 0x8050, 0x8050, 0x8050, 0x8050, 0x8050, 0x8050, 0x8050, 0x8050,
        0x8050, 0x8050, 0x8050, 0x8050, 0x8050, 0x8050, 0x8050, 0x8050, 0x8050, 0x8050, 0x8050, 0x8050, 0x8050, 0x8050,
        0x8050, 0x8050, 0x8050, 0x8050, 0x8050, 0x8050, 0x8050, 0x8050, 0x8050, 0x8050, 0x8050, 0x8050, 0x8050, 0x8050,
        0x8050, 0x8050, 0x8050, 0x8050, 0x8050, 0x8050, 0x8050, 0x8050, 0x8050, 0x8050, 0x8050, 0x8050, 0x8050, 0x8050,
        0x8050, 0x8050, 0x8050, 0x8050, 0x8050, 0x8050, 0x8050, 0x8050, 0x8050, 0x8050, 0x8050, 0x8050, 0x8050, 0x8050,
        0x8050, 0x8050, 0x8050, 0x8050, 0x8050, 0x8050, 0x8050, 0x8050, 0x8050, 0x8050, 0x8050, 0x8050, 0x8050, 0x8050,
        0x8050, 0x8050, 0x8050, 0x8050, 0x8050, 0x8050, 0x8050, 0x8050, 0x8050, 0x8050, 0x8050, 0x8050, 0x8050, 0x8050,
        0x8050, 0x8050, 0x8050, 0x8050, 0x8050, 0x8050, 0x8050, 0x8050, 0x8050, 0x8050, 0x8050, 0x8050, 0x8050, 0x8050,
        0x8050, 0x8050, 0x8050, 0x8050, 0x8050, 0x8050, 0x8050, 0x8050, 0x8050, 0x8050, 0x8050, 0x8050, 0x8050, 0x8050,
        0x8050, 0x8050, 0x8050, 0x8050, 0x8050, 0x8050, 0x8050, 0x8050, 0x8050, 0x8050, 0x8050, 0x8050, 0x8050, 0x8050,
        0x8050, 0x8050, 0x8050, 0x8050, 0x8050, 0x8050, 0x8050, 0x8050, 0x8050, 0x8050, 0x8050, 0x8050, 0x8050, 0x8050,
        0x8050, 0x8050, 0x8050, 0x8050, 0x8050, 0x8050, 0x8050, 0x8050, 0x8050, 0x8050, 0x8050, 0x8050, 0x8050, 0x8050,
        0x8050, 0x8050, 0x8050, 0x8050, 0x8050, 0x8050, 0x8050, 0x8050, 0x8050, 0x8050, 0x8050, 0x8050, 0x8050, 0x8050,
        0x8050, 0x8050, 0x8050, 0x8050, 0x8050, 0x8050, 0x8050, 0x8050, 0x8050, 0x8050, 0x8050, 0x8050, 0x8050, 0x8050,
        0x8050, 0x8050, 0x8050, 0x8050, 0x8050, 0x8050, 0x8050, 0x8050, 0x8050, 0x8050, 0x8050, 0x8050, 0x8050, 0x8050,
        0x8050, 0x8050, 0x8050, 0x8050, 0x8050, 0x8050, 0x8050, 0x8050, 0x8050, 0x8050, 0x8050, 0x8050, 0x8050, 0x8050,
        0x8050, 0x8050, 0x8050, 0x8050, 0x8050, 0x8050, 0x8050, 0x8050, 0x8050, 0x8050, 0x8050, 0x8050, 0x8050, 0x8050,
        0x8050, 0x8050, 0x8050, 0x8050, 0x8050, 0x8050, 0x8050, 0x8050, 0x8050, 0x8050, 0x8050, 0x8050, 0x8050, 0x8050,
        0x8050, 0x8050, 0x8050, 0x8050, 0x8050, 0x8050, 0x8050, 0x8050, 0x8050, 0x8050, 0x8050, 0x8050, 0x8050, 0x8050,
        0x8050, 0x8050, 0x8050, 0x8050, 0x8050, 0x8050, 0x8050, 0x8050, 0x8050, 0x8050, 0x8050, 0x8050, 0x8050, 0x8050,
        0x8050, 0x8050, 0x8050, 0x8050, 0x8050, 0x8050, 0x8050, 0x8050, 0x8050, 0x8050, 0x8050, 0x8050, 0x8050, 0x8050,
        0x8050, 0x8050, 0x8050, 0x8050, 0x8050, 0x8050, 0x8050, 0x8050, 0x8050, 0x8050, 0x8050, 0x8050, 0x8050, 0x8050,
        0x8050, 0x8050, 0x8050, 0x8050, 0x8050, 0x8050, 0x8050, 0x8050, 0x8050, 0x8050, 0x8050, 0x8050, 0x8050, 0x8050,
        0x8050, 0x8050, 0x8050, 0x8050, 0x8050, 0x8050, 0x8050, 0x8050, 0x8050, 0x8050, 0x8050, 0x8050, 0x8050, 0x8050,
        0x8050, 0x8050, 0x8050, 0x8050, 0x8050, 0x8050, 0x8050, 0x8050, 0x8050, 0x8050, 0x8050, 0x8050, 0x8050, 0x8050,
        0x8050, 0x8050, 0x8050, 0x8050, 0x8050, 0x8050, 0x8050, 0x8050, 0x8050, 0x8050, 0x8050, 0x8050, 0x8050, 0x8050,
        0x8050, 0x8050, 0x8050, 0x8050, 0x8050, 0x8050, 0x8050, 0x8050, 0x8050, 0x8050, 0x8050, 0x8050, 0x8050, 0x8050,
        0x8050, 0x8050, 0x8050, 0x8050, 0x8050, 0x8050, 0x8050, 0x8050, 0x8050, 0x8050, 0x8050, 0x8050, 0x8050, 0x8050,
        0x8050, 0x8050, 0x8050, 0x8050, 0x8050, 0x8050, 0x8050, 0x8050, 0x8050, 0x8050, 0x8050, 0x8050, 0x8050, 0x8050,
        0x8050, 0x8050, 0x8050, 0x8050, 0x8050, 0x8050, 0x8050, 0x8050, 0x8050, 0x8050, 0x8050, 0x8050, 0x8050, 0x8050,
        0x8050, 0x8050, 0x8050, 0x8050, 0x8050, 0x8050, 0x8050, 0x8050, 0x8050, 0x8050, 0x8050, 0x8050, 0x8050, 0x8050,
        0x8050, 0x8050, 0x8050, 0x8050, 0x8050, 0x8050, 0x8050, 0x8050, 0x8050, 0x8050, 0x8050, 0x8050, 0x8050, 0x8050,
        0x8050, 0x8050, 0x8050, 0x8050, 0x8050, 0x8050, 0x8050, 0x8050, 0x8050, 0x8050, 0x8050, 0x8050, 0x8050, 0x8050,
        0x8050, 0x8050, 0x8050, 0x8050, 0x8050, 0x8050, 0x8050, 0x8050, 0x8050, 0x8050, 0x8050, 0x8050, 0x8050, 0x8050,
        0x8050, 0x8050, 0x8050, 0x8050, 0x8050, 0x8050, 0x8050, 0x8050, 0x8050, 0x8050, 0x8050, 0x8050, 0x8050, 0x8050,
        0x8050, 0x8050, 0x8050, 0x8050, 0x8050, 0x8050, 0x8050, 0x8050, 0x8050, 0x8050, 0x8050, 0x8050, 0x8050, 0x8050,
        0x8050, 0x8050, 0x8050, 0x8050, 0x8050, 0x8050, 0x8050, 0x8050, 0x8050, 0x8050, 0x8050, 0x8050, 0x8050, 0x8050,
        0x8050, 0x8050, 0x8050, 0x8050, 0x8050, 0x8050, 0x8050, 0x8050, 0x8050, 0x8050, 0x8050, 0x8050, 0x8050, 0x8050,
        0x8050, 0x8050, 0x8050, 0x8050, 0x8050, 0x8050, 0x8050, 0x8050, 0x8050, 0x8050, 0x8050, 0x8050, 0x8050, 0x8050,
        0x8050, 0x8050, 0x8050, 0x8050, 0x8050, 0x8050, 0x8050, 0x8050, 0x8050, 0x8050, 0x8050, 0x8050, 0x8050, 0x8050,
        0x8050, 0x8050, 0x8050, 0x8050, 0x8050, 0x8050, 0x8050, 0x8050, 0x8050, 0x8050, 0x8050, 0x8050, 0x8050, 0x8050,
        0x8050, 0x8050, 0x8050, 0x8050, 0x8050, 0x8050, 0x8050, 0x8050, 0x8050, 0x8050, 0x8050, 0x8050, 0x8050, 0x8050,
        0x8050, 0x8050, 0x8050, 0x8050, 0x8050, 0x8050, 0x8050, 0x8050, 0x8050, 0x8050, 0x8050, 0x8050, 0x8050, 0x8050,
        0x8050, 0x8050, 0x8050, 0x8050, 0x8050, 0x8050, 0x8050, 0x8050, 0x8050, 0x8050, 0x8050, 0x8050, 0x8050, 0x8050,
        0x8050, 0x8050, 0x8050, 0x8050, 0x8050, 0x8050, 0x8050, 0x8050, 0x8050, 0x8050, 0x8050, 0x8050, 0x8050, 0x8050,
        0x8050, 0x8050, 0x8050, 0x8050, 0x8050, 0x8050, 0x8050, 0x8050, 0x8050, 0x8050, 0x8050, 0x8050, 0x8050, 0x8050,
        0x8050, 0x8050, 0x8050, 0x8050, 0x8050, 0x8050, 0x8050, 0x8050, 0x8050, 0x8050, 0x8050, 0x8050, 0x8050, 0x8050,
        0x8050, 0x8050, 0x8050, 0x8050, 0x8050, 0x8050, 0x8050, 0x8050, 0x8050, 0x8050, 0x8050, 0x8050, 0x8050, 0x8050,
        0x8050, 0x8050, 0x8050, 0x8050, 0x8050, 0x8050, 0x8050, 0x8050, 0x8050, 0x8050, 0x8050, 0x8050, 0x8050, 0x8050,
        0x8050, 0x8050, 0x8050, 0x8050, 0x8050, 0x8050, 0x8050, 0x8050, 0x8050, 0x8050, 0x8050, 0x8050, 0x8050, 0x8050,
        0x8050, 0x8050, 0x8050, 0x8050, 0x8050, 0x8050, 0x8050, 0x8050, 0x8050, 0x8050, 0x8050, 0x8050, 0x8050, 0x8050,
        0x8050, 0x8050, 0x8050, 0x8050, 0x8050, 0x8050, 0x8050, 0x8050, 0x8050, 0x8050, 0x8050, 0x8050, 0x8050, 0x8050,
        0x8050, 0x8050, 0x8050, 0x8050, 0x8050, 0x8050, 0x8050, 0x8050, 0x8050, 0x8050, 0x8050, 0x8050, 0x8050, 0x8050,
        0x8050, 0x8050, 0x8050, 0x8050, 0x8050, 0x8050, 0x8050, 0x8050, 0x8050, 0x8050, 0x8050, 0x8050, 0x8050, 0x8050,
        0x8050, 0x8050, 0x8050, 0x8050, 0x8050, 0x8050, 0x8050, 0x8050, 0x8050, 0x8050, 0x8050, 0x8050, 0x8050, 0x8050,
        0x8050, 0x8050, 0x8050, 0x8050, 0x8050, 0x8050, 0x8050, 0x8050, 0x8050, 0x8050, 0x8050, 0x8050, 0x8050, 0x8050,
        0x8050, 0x8050, 0x8050, 0x8050, 0x8050, 0x8050, 0x8050, 0x8050, 0x8050, 0x8050, 0x8050, 0x8050, 0x8050, 0x8050,
        0x8050, 0x8050, 0x8050, 0x8050, 0x8050, 0x8050, 0x8050, 0x8050, 0x8050, 0x8050, 0x8050, 0x8050, 0x8050, 0x8050,
        0x8050, 0x8050, 0x8050, 0x8050, 0x8050, 0x8050, 0x8050, 0x8050, 0x8050, 0x8050, 0x8050, 0x8050, 0x8050, 0x8050,
        0x8050, 0x8050, 0x8050, 0x8050, 0x8050, 0x8050, 0x8050, 0x8050, 0x8050, 0x8050, 0x8050, 0x8050, 0x8050, 0x8050,
        0x8050, 0x8050, 0x8050, 0x8050, 0x8050, 0x8050, 0x8050, 0x8050, 0x8050, 0x8050, 0x8050, 0x8050, 0x8050, 0x8050,
        0x8050, 0x8050, 0x8050, 0x8050, 0x8050, 0x8050, 0x8050, 0x8050, 0x8050, 0x8050, 0x8050, 0x8050, 0x8050, 0x8050,
        0x8050, 0x8050, 0x8050, 0x8050, 0x8050, 0x8050, 0x8050, 0x8050, 0x8050, 0x8050, 0x8050, 0x8050, 0x8050, 0x8050,
        0x8050, 0x8050, 0x8050, 0x8050, 0x8050, 0x8050, 0x8050, 0x8050, 0x8050, 0x8050, 0x8050, 0x8050, 0x8050, 0x8050,
        0x8050, 0x8050, 0x8050, 0x8050, 0x8050, 0x8050, 0x8050, 0x8050, 0x8050, 0x8050, 0x8050, 0x8050, 0x8050, 0x8050,
        0x8050, 0x8050, 0x8050, 0x8050, 0x8050, 0x8050, 0x8050, 0x8050, 0x8050, 0x8050, 0x8050, 0x8050, 0x8050, 0x8050,
        0x8050, 0x8050, 0x8050, 0x8050, 0x8050, 0x8050, 0x8050, 0x8050, 0x8050, 0x8050, 0x8050, 0x8050, 0x8050, 0x8050,
        0x8050, 0x8050, 0x8050, 0x8050, 0x8050, 0x8050, 0x8050, 0x8050, 0x8050, 0x8050, 0x8050, 0x8050, 0x8050, 0x8050,
        0x8050, 0x8050, 0x8050, 0x8050, 0x8050, 0x8050, 0x8050, 0x8050, 0x8050, 0x8050, 0x8050, 0x8050, 0x8050, 0x8050,
        0x8050, 0x8050, 0x8050, 0x8050, 0x8050, 0x8050, 0x8050, 0x8050, 0x8050, 0x8050, 0x8050, 0x8050, 0x8050, 0x8050,
        0x8050, 0x8050, 0x8050, 0x8050, 0x8050, 0x8050, 0x8050, 0x8050, 0x8050, 0x8050, 0x8050, 0x8050, 0x8050, 0x8050,
        0x8050, 0x8050, 0x8050, 0x8050, 0x8050, 0x8050, 0x8050, 0x8050, 0x8050, 0x8050, 0x8050, 0x8050, 0x8050, 0x8050,
        0x8050, 0x8050, 0x8050, 0x8050, 0x8050, 0x8050, 0x8050, 0x8050, 0x8050, 0x8050, 0x8050, 0x8050, 0x8050, 0x8050,
        0x8050, 0x8050, 0x8050, 0x8050, 0x8050, 0x8050, 0x8050, 0x8050, 0x8050, 0x8050, 0x8050, 0x8050, 0x8050, 0x8050,
        0x8050, 0x8050, 0x8050, 0x8050, 0x8050, 0x8050, 0x8050, 0x8050, 0x8050, 0x8050, 0x8050, 0x8050, 0x8050, 0x8050,
        0x8050, 0x8050, 0x8050, 0x8050, 0x8050, 0x8050, 0x8050, 0x8050, 0x8050, 0x8050, 0x8050, 0x8050, 0x8050, 0x8050,
        0x8050, 0x8050, 0x8050, 0x8050, 0x8050, 0x8050, 0x8050, 0x8050, 0x8050, 0x8050, 0x8050, 0x8050, 0x8050, 0x8050,
        0x8050, 0x8050, 0x8050, 0x8050, 0x8050, 0x8050, 0x8050, 0x8050, 0x8050, 0x8050, 0x8050, 0x8050, 0x8050, 0x8050,
        0x8050, 0x8050, 0x8050, 0x8050, 0x8050, 0x8050, 0x8050, 0x8050, 0x8050, 0x8050, 0x8050, 0x8050, 0x8050, 0x8050,
        0x8050, 0x8050, 0x8050, 0x8050, 0x8050, 0x8050, 0x8050, 0x8050, 0x8050, 0x8050, 0x8050, 0x8050, 0x8050, 0x8050,
        0x8050, 0x8050, 0x8050, 0x8050, 0x8050, 0x8050, 0x8050, 0x8050, 0x8050, 0x8050, 0x8050, 0x8050, 0x8050, 0x8050,
        0x8050, 0x8050, 0x8050, 0x8050, 0x8050, 0x8050, 0x8050, 0x8050, 0x8050, 0x8050, 0x8050, 0x8050, 0x8050, 0x8050,
        0x8050, 0x8050, 0x8050, 0x8050, 0x8050, 0x8050, 0x8050, 0x8050, 0x8050, 0x8050, 0x8050, 0x8050, 0x8050, 0x8050,
        0x8050, 0x8050, 0x8050, 0x8050, 0x8050, 0x8050, 0x8050, 0x8050, 0x8050, 0x8050, 0x8050, 0x8050, 0x8050, 0x8050,
        0x8050, 0x8050, 0x8050, 0x8050, 0x8050, 0x8050, 0x8050, 0x8050, 0x8050, 0x8050, 0x8050, 0x8050, 0x8050, 0x8050,
        0x8050, 0x8050, 0x8050, 0x8050, 0x8050, 0x8050, 0x8050, 0x8050, 0x8050, 0x8050, 0x8050, 0x8050, 0x8050, 0x8050,
        0x8050, 0x8050, 0x8050, 0x8050, 0x8050, 0x8050, 0x8050, 0x8050, 0x8050, 0x8050, 0x8050, 0x8050, 0x8050, 0x8050,
        0x8050, 0x8050, 0x8050, 0x8050, 0x8050, 0x8050, 0x8050, 0x8050, 0x8050, 0x8050, 0x8050, 0x8050, 0x8050, 0x8050,
        0x8050, 0x8050, 0x8050, 0x8050, 0x8050, 0x8050, 0x8050, 0x8050, 0x8050, 0x8050, 0x8050, 0x8050, 0x8050, 0x8050,
        0x8050, 0x8050, 0x8050, 0x8050, 0x8050, 0x8050, 0x8050, 0x8050, 0x8050, 0x8050, 0x8050, 0x8050, 0x8050, 0x8050,
        0x8050, 0x8050, 0x8050, 0x8050, 0x8050, 0x8050, 0x8050, 0x8050, 0x8050, 0x8050, 0x8050, 0x8050, 0x8050, 0x8050,
        0x8050, 0x8050, 0x8050, 0x8050, 0x8050, 0x8050, 0x8050, 0x8050, 0x8050, 0x8050, 0x8050, 0x8050, 0x8050, 0x8050,
        0x8050, 0x8050, 0x8050, 0x8050, 0x8050, 0x8050, 0x8050, 0x8050, 0x8050, 0x8050, 0x8050, 0x8050, 0x8050, 0x8050,
        0x8050, 0x8050, 0x8050, 0x8050, 0x8050, 0x8050, 0x8050, 0x8050, 0x8050, 0x8050, 0x8050, 0x8050, 0x8050, 0x8050,
        0x8050, 0x8050, 0x8050, 0x8050, 0x8050, 0x8050, 0x8050, 0x8050, 0x8050, 0x8050, 0x8050, 0x8050, 0x8050, 0x8050,
        0x8050, 0x8050, 0x8050, 0x8050, 0x8050, 0x8050, 0x8050, 0x8050, 0x8050, 0x8050, 0x8050, 0x8050, 0x8050, 0x8050,
        0x8050, 0x8050, 0x8050, 0x8050, 0x8050, 0x8050, 0x8050, 0x8050, 0x8050, 0x8050, 0x8050, 0x8050, 0x8050, 0x8050,
        0x8050, 0x8050, 0x8050, 0x8050, 0x8050, 0x8050, 0x8050, 0x8050, 0x8050, 0x8050, 0x8050, 0x8050, 0x8050, 0x8050,
        0x8050, 0x8050, 0x8050, 0x8050, 0x8050, 0x8050, 0x8050, 0x8050, 0x8050, 0x8050, 0x8050, 0x8050, 0x8050, 0x8050,
        0x8050, 0x8050, 0x8050, 0x8050, 0x8050, 0x8050, 0x8050, 0x8050, 0x8050, 0x8050, 0x8050, 0x8050, 0x8050, 0x8050,
        0x8050, 0x8050, 0x8050, 0x8050, 0x8050, 0x8050, 0x8050, 0x8050, 0x8050, 0x8050, 0x8050, 0x8050, 0x8050, 0x8050,
        0x8050, 0x8050, 0x8050, 0x8050, 0x8050, 0x8050, 0x8050, 0x8050, 0x8050, 0x8050, 0x8050, 0x8050, 0x8050, 0x8050,
        0x8050, 0x8050, 0x8050, 0x8050, 0x8050, 0x8050, 0x8050, 0x8050, 0x8050, 0x8050, 0x8050, 0x8050, 0x8050, 0x8050,
        0x8050, 0x8050, 0x8050, 0x8050, 0x8050, 0x8050, 0x8050, 0x8050, 0x8050, 0x8050, 0x8050, 0x8050, 0x8050, 0x8050,
        0x8050, 0x8050, 0x8050, 0x8050, 0x8050, 0x8050, 0x8050, 0x8050, 0x8050, 0x8050, 0x8050, 0x8050, 0x8050, 0x8050,
        0x8050, 0x8050, 0x8050, 0x8050, 0x8050, 0x8050, 0x8050, 0x8050, 0x8050, 0x8050, 0x8050, 0x8050, 0x8050, 0x8050,
        0x8050, 0x8050, 0x8050, 0x8050, 0x8050, 0x8050, 0x8050, 0x8050, 0x8050, 0x8050, 0x8050, 0x8050, 0x8050, 0x8050,
        0x8050, 0x8050, 0x8050, 0x8050, 0x8050, 0x8050, 0x8050, 0x8050, 0x8050, 0x8050, 0x8050, 0x8050, 0x8050, 0x8050,
        0x8050, 0x8050, 0x8050, 0x8050, 0x8050, 0x8050, 0x8050, 0x8050, 0x8050, 0x8050, 0x8050, 0x8050, 0x8050, 0x8050,
        0x8050, 0x8050, 0x8050, 0x8050, 0x8050, 0x8050, 0x8050, 0x8050, 0x8050, 0x8050, 0x8050, 0x8050, 0x8050, 0x8050,
        0x8050, 0x8050, 0x8050, 0x8050, 0x8050, 0x8050, 0x8050, 0x8050, 0x8050, 0x8050, 0x8050, 0x8050, 0x8050, 0x8050,
        0x8050, 0x8050, 0x8050, 0x8050, 0x8050, 0x8050, 0x8050, 0x8050, 0x8050, 0x8050, 0x8050, 0x8050, 0x8050, 0x8050,
        0x8050, 0x8050, 0x8050, 0x8050, 0x8050, 0x8050, 0x8050, 0x8050, 0x8050, 0x8050, 0x8050, 0x8050, 0x8050, 0x8050,
        0x8050, 0x8050, 0x8050, 0x8050, 0x8050, 0x8050, 0x8050, 0x8050, 0x8050, 0x8050, 0x8050, 0x8050, 0x8050, 0x8050,
        0x8050, 0x8050, 0x8050, 0x8050, 0x8050, 0x8050, 0x8050, 0x8050, 0x8050, 0x8050, 0x8050, 0x8050, 0x8050, 0x8050,
        0x8050, 0x8050, 0x8050, 0x8050, 0x8050, 0x8050, 0x8050, 0x8050, 0x8050, 0x8050, 0x8050, 0x8050, 0x8050, 0x8050,
        0x8050, 0x8050, 0x8050, 0x8050, 0x8050, 0x8050, 0x8050, 0x8050, 0x8050, 0x8050, 0x8050, 0x8050, 0x8050, 0x8050,
        0x8050, 0x8050, 0x8050, 0x8050, 0x8050, 0x8050, 0x8050, 0x8050, 0x8050, 0x8050, 0x8050, 0x8050, 0x8050, 0x8050,
        0x8050, 0x8050, 0x8050, 0x8050, 0x8050, 0x8050, 0x8050, 0x8050, 0x8050, 0x8050, 0x8050, 0x8050, 0x8050, 0x8050,
        0x8050, 0x8050, 0x8050, 0x8050, 0x8050, 0x8050, 0x8050, 0x8050, 0x8050, 0x8050, 0x8050, 0x8050, 0x8050, 0x8050,
        0x8050, 0x8050, 0x8050, 0x8050, 0x8050, 0x8050, 0x8050, 0x8050, 0x8050, 0x8050, 0x8050, 0x8050, 0x8050, 0x8050,
        0x8050, 0x8050, 0x8050, 0x8050, 0x8050, 0x8050, 0x8050, 0x8050, 0x8050, 0x8050, 0x8050, 0x8050, 0x8050, 0x8050,
        0x8050, 0x8050, 0x8050, 0x8050, 0x8050, 0x8050, 0x8050, 0x8050, 0x8050, 0x8050, 0x8050, 0x8050, 0x8050, 0x8050,
        0x8050, 0x8050, 0x8050, 0x8050, 0x8050, 0x8050, 0x8050, 0x8050, 0x8050, 0x8050, 0x8050, 0x8050, 0x8050, 0x8050,
        0x8050, 0x8050, 0x8050, 0x8050, 0x8050, 0x8050, 0x8050, 0x8050, 0x8050, 0x8050, 0x8050, 0x8050, 0x8050, 0x8050,
        0x8050, 0x8050, 0x8050, 0x8050, 0x8050, 0x8050, 0x8050, 0x8050, 0x8050, 0x8050, 0x8050, 0x8050, 0x8050, 0x8050,
        0x8050, 0x8050, 0x8050, 0x8050, 0x8050, 0x8050, 0x8050, 0x8050, 0x8050, 0x8050, 0x8050, 0x8050, 0x8050, 0x8050,
        0x8050, 0x8050, 0x8050, 0x8050, 0x8050, 0x8050, 0x8050, 0x8050, 0x8050, 0x8050, 0x8050, 0x8050, 0x8050, 0x8050,
        0x8050, 0x8050, 0x8050, 0x8050, 0x8050, 0x8050, 0x8050, 0x8050, 0x8050, 0x8050, 0x8050, 0x8050, 0x8050, 0x8050,
        0x8050, 0x8050, 0x8050, 0x8050, 0x8050, 0x8050, 0x8050, 0x8050, 0x8050, 0x8050, 0x8050, 0x8050, 0x8050, 0x8050,
        0x8050, 0x8050, 0x8050, 0x8050, 0x8050, 0x8050, 0x8050, 0x8050, 0x8050, 0x8050, 0x8050, 0x8050, 0x8050, 0x8050,
        0x8050, 0x8050, 0x8050, 0x8050, 0x8050, 0x8050, 0x8050, 0x8050, 0x8050, 0x8050, 0x8050, 0x8050, 0x8050, 0x8050,
        0x8050, 0x8050, 0x8050, 0x8050, 0x8050, 0x8050, 0x8050, 0x8050, 0x8050, 0x8050, 0x8050, 0x8050, 0x8050, 0x8050,
        0x8050, 0x8050, 0x8050, 0x8050, 0x8050, 0x8050, 0x8050, 0x8050, 0x8050, 0x8050, 0x8050, 0x8050, 0x8050, 0x8050,
        0x8050, 0x8050, 0x8050, 0x8050, 0x8050, 0x8050, 0x8050, 0x8050, 0x8050, 0x8050, 0x8050, 0x8050, 0x8050, 0x8050,
        0x8050, 0x8050, 0x8050, 0x8050, 0x8050, 0x8050, 0x8050, 0x8050, 0x8050, 0x8050, 0x8050, 0x8050, 0x8050, 0x8050,
        0x8050, 0x8050, 0x8050, 0x8050, 0x8050, 0x8050, 0x8050, 0x8050, 0x8050, 0x8050, 0x8050, 0x8050, 0x8050, 0x8050,
        0x8050, 0x8050, 0x8050, 0x8050, 0x8050, 0x8050, 0x8050, 0x8050, 0x8050, 0x8050, 0x8050, 0x8050, 0x8050, 0x8050,
        0x8050, 0x8050, 0x8050, 0x8050, 0x8050, 0x8050, 0x8050, 0x8050, 0x8050, 0x8050, 0x8050, 0x8050, 0x8050, 0x8050,
        0x8050, 0x8050, 0x8050, 0x8050, 0x8050, 0x8050, 0x8050, 0x8050, 0x8050, 0x8050, 0x8050, 0x8050, 0x8050, 0x8050,
        0x8050, 0x8050, 0x8050, 0x8050, 0x8050, 0x8050, 0x8050, 0x8050, 0x8050, 0x8050, 0x8050, 0x8050, 0x8050, 0x8050,
        0x8050, 0x8050, 0x8050, 0x8050, 0x8050, 0x8050, 0x8050, 0x8050, 0x8050, 0x8050, 0x8050, 0x8050, 0x8050, 0x8050,
        0x8050, 0x8050, 0x8050, 0x8050, 0x8050, 0x8050, 0x8050, 0x8050, 0x8050, 0x8050, 0x8050, 0x8050, 0x8050, 0x8050,
        0x8050, 0x8050, 0x8050, 0x8050, 0x8050, 0x8050, 0x8050, 0x8050, 0x8050, 0x8050, 0x8050, 0x8050, 0x8050, 0x8050,
        0x8050, 0x8050, 0x8050, 0x8050, 0x8050, 0x8050, 0x8050, 0x8050, 0x8050, 0x8050, 0x8050, 0x8050, 0x8050, 0x8050,
        0x8050, 0x8050, 0x8050, 0x8050, 0x8050, 0x8050, 0x8050, 0x8050, 0x8050, 0x8050, 0x8050, 0x8050, 0x8050, 0x8050,
        0x8050, 0x8050, 0x8050, 0x8050, 0x8050, 0x8050, 0x8050, 0x8050, 0x8050, 0x8050, 0x8050, 0x8050, 0x8050, 0x8050,
        0x8050, 0x8050, 0x8050, 0x8050, 0x8050, 0x8050, 0x8050, 0x8050, 0x8050, 0x8050, 0x8050, 0x8050, 0x8050, 0x8050,
        0x8050, 0x8050, 0x8050, 0x8050, 0x8050, 0x8050, 0x8050, 0x8050, 0x8050, 0x8050, 0x8050, 0x8050, 0x8050, 0x8050,
        0x8050, 0x8050, 0x8050, 0x8050, 0x8050, 0x8050, 0x8050, 0x8050, 0x8050, 0x8050, 0x8050, 0x8050, 0x8050, 0x8050,
        0x8050, 0x8050, 0x8050, 0x8050, 0x8050, 0x8050, 0x8050, 0x8050, 0x8050, 0x8050, 0x8050, 0x8050, 0x8050, 0x8050,
        0x8050, 0x8050, 0x8050, 0x8050, 0x8050, 0x8050, 0x8050, 0x8050, 0x8050, 0x8050, 0x8050, 0x8050, 0x8050, 0x8050,
        0x8050, 0x8050, 0x8050, 0x8050, 0x8050, 0x8050, 0x8050, 0x8050, 0x8050, 0x8050, 0x8050, 0x8050, 0x8050, 0x8050,
        0x8050, 0x8050, 0x8050, 0x8050, 0x8050, 0x8050, 0x8050, 0x8050, 0x8050, 0x8050, 0x8050, 0x8050, 0x8050, 0x8050,
        0x8050, 0x8050, 0x8050, 0x8050, 0x8050, 0x8050, 0x8050, 0x8050, 0x8050, 0x8050, 0x8050, 0x8050, 0x8050, 0x8050,
        0x8050, 0x8050, 0x8050, 0x8050, 0x8050, 0x8050, 0x8050, 0x8050, 0x8050, 0x8050, 0x8050, 0x8050, 0x8050, 0x8050,
        0x8050, 0x8050, 0x8050, 0x8050, 0x8050, 0x8050, 0x8050, 0x8050, 0x8050, 0x8050, 0x8050, 0x8050, 0x8050, 0x8050,
        0x8050, 0x8050, 0x8050, 0x8050, 0x8050, 0x8050, 0x8050, 0x8050, 0x8050, 0x8050, 0x8050, 0x8050, 0x8050, 0x8050,
        0x8050, 0x8050, 0x8050, 0x8050, 0x8050, 0x8050, 0x8050, 0x8050, 0x8050, 0x8050, 0x8050, 0x8050, 0x8050, 0x8050,
        0x8050, 0x8050, 0x8050, 0x8050, 0x8050, 0x8050, 0x8050, 0x8050, 0x8050, 0x8050, 0x8050, 0x8050, 0x8050, 0x8050,
        0x8050, 0x8050, 0x8050, 0x8050, 0x8050, 0x8050, 0x8050, 0x8050, 0x8050, 0x8050, 0x8050, 0x8050, 0x8050, 0x8050,
        0x8050, 0x8050, 0x8050, 0x8050, 0x8050, 0x8050, 0x8050, 0x8050, 0x8050, 0x8050, 0x8050, 0x8050, 0x8050, 0x8050,
        0x8050, 0x8050, 0x8050, 0x8050, 0x8050, 0x8050, 0x8050, 0x8050, 0x8050, 0x8050, 0x8050, 0x8050, 0x8050, 0x8050,
        0x8050, 0x8050, 0x8050, 0x8050, 0x8050, 0x8050, 0x8050, 0x8050, 0x8050, 0x8050, 0x8050, 0x8050, 0x8050, 0x8050,
        0x8050, 0x8050, 0x8050, 0x8050, 0x8050, 0x8050, 0x8050, 0x8050, 0x8050, 0x8050, 0x8050, 0x8050, 0x8050, 0x8050,
        0x8050, 0x8050, 0x8050, 0x8050, 0x8050, 0x8050, 0x8050, 0x8050, 0x8050, 0x8050, 0x8050, 0x8050, 0x8050, 0x8050,
        0x8050, 0x8050, 0x8050, 0x8050, 0x8050, 0x8050, 0x8050, 0x8050, 0x8050, 0x8050, 0x8050, 0x8050, 0x8050, 0x8050,
        0x8050, 0x8050, 0x8050, 0x8050, 0x8050, 0x8050, 0x8050, 0x8050, 0x8050, 0x8050, 0x8050, 0x8050, 0x8050, 0x8050,
        0x8050, 0x8050, 0x8050, 0x8050, 0x8050, 0x8050, 0x8050, 0x8050, 0x8050, 0x8050, 0x8050, 0x8050, 0x8050, 0x8050,
        0x8050, 0x8050, 0x8050, 0x8050, 0x8050, 0x8050, 0x8050, 0x8050, 0x8050, 0x8050, 0x8050, 0x8050, 0x8050, 0x8050,
        0x8050, 0x8050, 0x8050, 0x8050, 0x8050, 0x8050, 0x8050, 0x8050, 0x8050, 0x8050, 0x8050, 0x8050, 0x8050, 0x8050,
        0x8050, 0x8050, 0x8050, 0x8050, 0x8050, 0x8050, 0x8050, 0x8050, 0x8050, 0x8050, 0x8050, 0x8050, 0x8050, 0x8050,
        0x8050, 0x8050, 0x8050, 0x8050, 0x8050, 0x8050, 0x8050, 0x8050, 0x8050, 0x8050, 0x8050, 0x8050, 0x8050, 0x8050,
        0x8050, 0x8050, 0x8050, 0x8050, 0x8050, 0x8050, 0x8050, 0x8050, 0x8050, 0x8050, 0x8050, 0x8050, 0x8050, 0x8050,
        0x8050, 0x8050, 0x8050, 0x8050, 0x8050, 0x8050, 0x8050, 0x8050, 0x8050, 0x8050, 0x8050, 0x8050, 0x8050, 0x8050,
        0x8050, 0x8050, 0x8050, 0x8050, 0x8050, 0x8050, 0x8050, 0x8050, 0x8050, 0x8050, 0x8050, 0x8050, 0x8050, 0x8050,
        0x8050, 0x8050, 0x8050, 0x8050, 0x8050, 0x8050, 0x8050, 0x8050, 0x8050, 0x8050, 0x8050, 0x8050, 0x8050, 0x8050,
        0x8050, 0x8050, 0x8050, 0x8050, 0x8050, 0x8050, 0x8050, 0x8050, 0x8050, 0x8050, 0x8050, 0x8050, 0x8050, 0x8050,
        0x8050, 0x8050, 0x8050, 0x8050, 0x8050, 0x8050, 0x8050, 0x8050, 0x8050, 0x8050, 0x8050, 0x8050, 0x8050, 0x8050,
        0x8050, 0x8050, 0x8050, 0x8050, 0x8050, 0x8050, 0x8050, 0x8050, 0x8050, 0x8050, 0x8050, 0x8050, 0x8050, 0x8050,
        0x8050, 0x8050, 0x8050, 0x8050, 0x8050, 0x8050, 0x8050, 0x8050, 0x8050, 0x8050, 0x8050, 0x8050, 0x8050, 0x8050,
        0x8050, 0x8050, 0x8050, 0x8050, 0x8050, 0x8050, 0x8050, 0x8050, 0x8050, 0x8050, 0x8050, 0x8050, 0x8050, 0x8050,
        0x8050, 0x8050, 0x8050, 0x8050, 0x8050, 0x8050, 0x8050, 0x8050, 0x8050, 0x8050, 0x8050, 0x8050, 0x8050, 0x8050,
        0x8050, 0x8050, 0x8050, 0x8050, 0x8050, 0x8050, 0x8050, 0x8050, 0x8050, 0x8050, 0x8050, 0x8050, 0x8050, 0x8050,
        0x8050, 0x8050, 0x8050, 0x8050, 0x8050, 0x8050, 0x8050, 0x8050, 0x8050, 0x8050, 0x8050, 0x8050, 0x8050, 0x8050,
        0x8050, 0x8050, 0x8050, 0x8050, 0x8050, 0x8050, 0x8050, 0x8050, 0x8050, 0x8050, 0x8050, 0x8050, 0x8050, 0x8050,
        0x8050, 0x8050, 0x8050, 0x8050, 0x8050, 0x8050, 0x8050, 0x8050, 0x8050, 0x8050, 0x8050, 0x8050, 0x8050, 0x8050,
        0x8050, 0x8050, 0x8050, 0x8050, 0x8050, 0x8050, 0x8050, 0x8050, 0x8050, 0x8050, 0x8050, 0x8050, 0x8050, 0x8050,
        0x8050, 0x8050, 0x8050, 0x8050, 0x8050, 0x8050, 0x8050, 0x8050, 0x8050, 0x8050, 0x8050, 0x8050, 0x8050, 0x8050,
        0x8050, 0x8050, 0x8050, 0x8050, 0x8050, 0x8050, 0x8050, 0x8050, 0x8050, 0x8050, 0x8050, 0x8050, 0x8050, 0x8050,
        0x8050, 0x8050, 0x8050, 0x8050, 0x8050, 0x8050, 0x8050, 0x8050, 0x8050, 0x8050, 0x8050, 0x8050, 0x8050, 0x8050,
        0x8050, 0x8050, 0x8050, 0x8050, 0x8050, 0x8050, 0x8050, 0x8050, 0x8050, 0x8050, 0x8050, 0x8050, 0x8050, 0x8050,
        0x8050, 0x8050, 0x8050, 0x8050, 0x8050, 0x8050, 0x8050, 0x8050, 0x8050, 0x8050, 0x8050, 0x8050, 0x8050, 0x8050,
        0x8050, 0x8050, 0x8050, 0x8050, 0x8050, 0x8050, 0x8050, 0x8050, 0x8050, 0x8050, 0x8050, 0x8050, 0x8050, 0x8050,
        0x8050, 0x8050, 0x8050, 0x8050, 0x8050, 0x8050, 0x8050, 0x8050, 0x8050, 0x8050, 0x8050, 0x8050, 0x8050, 0x8050,
        0x8050, 0x8050, 0x8050, 0x8050, 0x8050, 0x8050, 0x8050, 0x8050, 0x8050, 0x8050, 0x8050, 0x8050, 0x8050, 0x8050,
        0x8050, 0x8050, 0x8050, 0x8050, 0x8050, 0x8050, 0x8050, 0x8050, 0x8050, 0x8050, 0x8050, 0x8050, 0x8050, 0x8050,
        0x8050, 0x8050, 0x8050, 0x8050, 0x8050, 0x8050, 0x8050, 0x8050, 0x8050, 0x8050, 0x8050, 0x8050, 0x8050, 0x8050,
        0x8050, 0x8050, 0x8050, 0x8050, 0x8050, 0x8050, 0x8050, 0x8050, 0x8050, 0x8050, 0x8050, 0x8050, 0x8050, 0x8050,
        0x8050, 0x8050, 0x8050, 0x8050, 0x8050, 0x8050, 0x8050, 0x8050, 0x8050, 0x8050, 0x8050, 0x8050, 0x8050, 0x8050,
        0x8050, 0x8050, 0x8050, 0x8050, 0x8050, 0x8050, 0x8050, 0x8050, 0x8050, 0x8050, 0x8050, 0x8050, 0x8050, 0x8050,
        0x8050, 0x8050, 0x8050, 0x8050, 0x8050, 0x8050, 0x8050, 0x8050, 0x8050, 0x8050, 0x8050, 0x8050, 0x8050, 0x8050,
        0x8050, 0x8050, 0x8050, 0x8050, 0x8050, 0x8050, 0x8050, 0x8050, 0x8050, 0x8050, 0x8050, 0x8050, 0x8050, 0x8050,
        0x8050, 0x8050, 0x8050, 0x8050, 0x8050, 0x8050, 0x8050, 0x8050, 0x8050, 0x8050, 0x8050, 0x8050, 0x8050, 0x8050,
        0x8050, 0x8050, 0x8050, 0x8050, 0x8050, 0x8050, 0x8050, 0x8050, 0x8050, 0x8050, 0x8050, 0x8050, 0x8050, 0x8050,
        0x8050, 0x8050, 0x8050, 0x8050, 0x8050, 0x8050, 0x8050, 0x8050, 0x8050, 0x8050, 0x8050, 0x8050, 0x8050, 0x8050,
        0x8050, 0x8050, 0x8050, 0x8050, 0x8050, 0x8050, 0x8050, 0x8050, 0x8050, 0x8050, 0x8050, 0x8050, 0x8050, 0x8050,
        0x8050, 0x8050, 0x8050, 0x8050, 0x8050, 0x8050, 0x8050, 0x8050, 0x8050, 0x8050, 0x8050, 0x8050, 0x8050, 0x8050,
        0x8050, 0x8050, 0x8050, 0x8050, 0x8050, 0x8050, 0x8050, 0x8050, 0x8050, 0x8050, 0x8050, 0x8050, 0x8050, 0x8050,
        0x8050, 0x8050, 0x8050, 0x8050, 0x8050, 0x8050, 0x8050, 0x8050, 0x8050, 0x8050, 0x8050, 0x8050, 0x8050, 0x8050,
        0x8050, 0x8050, 0x8050, 0x8050, 0x8050, 0x8050, 0x8050, 0x8050, 0x8050, 0x8050, 0x8050, 0x8050, 0x8050, 0x8050,
        0x8050, 0x8050, 0x8050, 0x8050, 0x8050, 0x8050, 0x8050, 0x8050, 0x8050, 0x8050, 0x8050, 0x8050, 0x8050, 0x8050,
        0x8050, 0x8050, 0x8050, 0x8050, 0x8050, 0x8050, 0x8050, 0x8050, 0x8050, 0x8050, 0x8050, 0x8050, 0x8050, 0x8050,
        0x8050, 0x8050, 0x8050, 0x8050, 0x8050, 0x8050, 0x8050, 0x8050, 0x8050, 0x8050, 0x8050, 0x8050, 0x8050, 0x8050,
        0x8050, 0x8050, 0x8050, 0x8050, 0x8050, 0x8050, 0x8050, 0x8050, 0x8050, 0x8050, 0x8050, 0x8050, 0x8050, 0x8050,
        0x8050, 0x8050, 0x8050, 0x8050, 0x8050, 0x8050, 0x8050, 0x8050, 0x8050, 0x8050, 0x8050, 0x8050, 0x8050, 0x8050,
        0x8050, 0x8050, 0x8050, 0x8050, 0x8050, 0x8050, 0x8050, 0x8050, 0x8050, 0x8050, 0x8050, 0x8050, 0x8050, 0x8050,
        0x8050, 0x8050, 0x8050, 0x8050, 0x8050, 0x8050, 0x8050, 0x8050, 0x8050, 0x8050, 0x8050, 0x8050, 0x8050, 0x8050,
        0x8050, 0x8050, 0x8050, 0x8050, 0x8050, 0x8050, 0x8050, 0x8050, 0x8050, 0x8050, 0x8050, 0x8050, 0x8050, 0x8050,
        0x8050, 0x8050, 0x8050, 0x8050, 0x8050, 0x8050, 0x8050, 0x8050, 0x8050, 0x8050, 0x8050, 0x8050, 0x8050, 0x8050,
        0x8050, 0x8050, 0x8050, 0x8050, 0x8050, 0x8050, 0x8050, 0x8050, 0x8050, 0x8050, 0x8050, 0x8050, 0x8050, 0x8050,
        0x8050, 0x8050, 0x8050, 0x8050, 0x8050, 0x8050, 0x8050, 0x8050, 0x8050, 0x8050, 0x8050, 0x8050, 0x8050, 0x8050,
        0x8050, 0x8050, 0x8050, 0x8050, 0x8050, 0x8050, 0x8050, 0x8050, 0x8050, 0x8050, 0x8050, 0x8050, 0x8050, 0x8050,
        0x8050, 0x8050, 0x8050, 0x8050, 0x8050, 0x8050, 0x8050, 0x8050, 0x8050, 0x8050, 0x8050, 0x8050, 0x8050, 0x8050,
        0x8050, 0x8050, 0x8050, 0x8050, 0x8050, 0x8050, 0x8050, 0x8050, 0x8050, 0x8050, 0x8050, 0x8050, 0x8050, 0x8050,
        0x8050, 0x8050, 0x8050, 0x8050, 0x8050, 0x8050, 0x8050, 0x8050, 0x8050, 0x8050, 0x8050, 0x8050, 0x8050, 0x8050,
        0x8050, 0x8050, 0x8050, 0x8050, 0x8050, 0x8050, 0x8050, 0x8050, 0x8050, 0x8050, 0x8050, 0x8050, 0x8050, 0x8050,
        0x8050, 0x8050, 0x8050, 0x8050, 0x8050, 0x8050, 0x8050, 0x8050, 0x8050, 0x8050, 0x8050, 0x8050, 0x8050, 0x8050,
        0x8050, 0x8050, 0x8050, 0x8050, 0x8050, 0x8050, 0x8050, 0x8050, 0x8050, 0x8050, 0x8050, 0x8050, 0x8050, 0x8050,
        0x8050, 0x8050, 0x8050, 0x8050, 0x8050, 0x8050, 0x8050, 0x8050, 0x8050, 0x8050, 0x8050, 0x8050, 0x8050, 0x8050,
        0x8050, 0x8050, 0x8050, 0x8050, 0x8050, 0x8050, 0x8050, 0x8050, 0x8050, 0x8050, 0x8050, 0x8050, 0x8050, 0x8050,
        0x8050, 0x8050, 0x8050, 0x8050, 0x8050, 0x8050, 0x8050, 0x8050, 0x8050, 0x8050, 0x8050, 0x8050, 0x8050, 0x8050,
        0x8050, 0x8050, 0x8050, 0x8050, 0x8050, 0x8050, 0x8050, 0x8050, 0x8050, 0x8050, 0x8050, 0x8050, 0x8050, 0x8050,
        0x8050, 0x8050, 0x8050, 0x8050, 0x8050, 0x8050, 0x8050, 0x8050, 0x8050, 0x8050, 0x8050, 0x8050, 0x8050, 0x8050,
        0x8050, 0x8050, 0x8050, 0x8050, 0x8050, 0x8050, 0x8050, 0x8050, 0x8050, 0x8050, 0x8050, 0x8050, 0x8050, 0x8050,
        0x8050, 0x8050, 0x8050, 0x8050, 0x8050, 0x8050, 0x8050, 0x8050, 0x8050, 0x8050, 0x8050, 0x8050, 0x8050, 0x8050,
        0x8050, 0x8050, 0x8050, 0x8050, 0x8050, 0x8050, 0x8050, 0x8050, 0x8050, 0x8050, 0x8050, 0x8050, 0x8050, 0x8050,
        0x8050, 0x8050, 0x8050, 0x8050, 0x8050, 0x8050, 0x8050, 0x8050, 0x8050, 0x8050, 0x8050, 0x8050, 0x8050, 0x8050,
        0x8050, 0x8050, 0x8050, 0x8050, 0x8050, 0x8050, 0x8050, 0x8050, 0x8050, 0x8050, 0x8050, 0x8050, 0x8050, 0x8050,
        0x8050, 0x8050, 0x8050, 0x8050, 0x8050, 0x8050, 0x8050, 0x8050, 0x8050, 0x8050, 0x8050, 0x8050, 0x8050, 0x8050,
        0x8050, 0x8050, 0x8050, 0x8050, 0x8050, 0x8050, 0x8050, 0x8050, 0x8050, 0x8050, 0x8050, 0x8050, 0x8050, 0x8050,
        0x8050, 0x8050, 0x8050, 0x8050, 0x8050, 0x8050, 0x8050, 0x8050, 0x8050, 0x8050, 0x8050, 0x8050, 0x8050, 0x8050,
        0x8050, 0x8050, 0x8050, 0x8050, 0x8050, 0x8050, 0x8050, 0x8050, 0x8050, 0x8050, 0x8050, 0x8050, 0x8050, 0x8050,
        0x8050, 0x8050, 0x8050, 0x8050, 0x8050, 0x8050, 0x8050, 0x8050, 0x8050, 0x8050, 0x8050, 0x8050, 0x8050, 0x8050,
        0x8050, 0x8050, 0x8050, 0x8050, 0x8050, 0x8050, 0x8050, 0x8050, 0x8050, 0x8050, 0x8050, 0x8050, 0x8050, 0x8050,
        0x8050, 0x8050, 0x8050, 0x8050, 0x8050, 0x8050, 0x8050, 0x8050, 0x8050, 0x8050, 0x8050, 0x8050, 0x8050, 0x8050,
        0x8050, 0x8050, 0x8050, 0x8050, 0x8050, 0x8050, 0x8050, 0x8050, 0x8050, 0x8050, 0x8050, 0x8050, 0x8050, 0x8050,
        0x8050, 0x8050, 0x8050, 0x8050, 0x8050, 0x8050, 0x8050, 0x8050, 0x8050, 0x8050, 0x8050, 0x8050, 0x8050, 0x8050,
        0x8050, 0x8050, 0x8050, 0x8050, 0x8050, 0x8050, 0x8050, 0x8050, 0x8050, 0x8050, 0x8050, 0x8050, 0x8050, 0x8050,
        0x8050, 0x8050, 0x8050, 0x8050, 0x8050, 0x8050, 0x8050, 0x8050, 0x8050, 0x8050, 0x8050, 0x8050, 0x8050, 0x8050,
        0x8050, 0x8050, 0x8050, 0x8050, 0x8050, 0x8050, 0x8050, 0x8050, 0x8050, 0x8050, 0x8050, 0x8050, 0x8050, 0x8050,
        0x8050, 0x8050, 0x8050, 0x8050, 0x8050, 0x8050, 0x8050, 0x8050, 0x8050, 0x8050, 0x8050, 0x8050, 0x8050, 0x8050,
        0x8050, 0x8050, 0x8050, 0x8050, 0x8050, 0x8050, 0x8050, 0x8050, 0x8050, 0x8050, 0x8050, 0x8050, 0x8050, 0x8050,
        0x8050, 0x8050, 0x8050, 0x8050, 0x8050, 0x8050, 0x8050, 0x8050, 0x8050, 0x8050, 0x8050, 0x8050, 0x8050, 0x8050,
        0x8050, 0x8050, 0x8050, 0x8050, 0x8050, 0x8050, 0x8050, 0x8050, 0x8050, 0x8050, 0x8050, 0x8050, 0x8050, 0x8050,
        0x8050, 0x8050, 0x8050, 0x8050, 0x8050, 0x8050, 0x8050, 0x8050, 0x8050, 0x8050, 0x8050, 0x8050, 0x8050, 0x8050,
        0x8050, 0x8050, 0x8050, 0x8050, 0x8050, 0x8050, 0x8050, 0x8050, 0x8050, 0x8050, 0x8050, 0x8050, 0x8050, 0x8050,
        0x8050, 0x8050, 0x8050, 0x8050, 0x8050, 0x8050, 0x8050, 0x8050, 0x8050, 0x8050, 0x8050, 0x8050, 0x8050, 0x8050,
        0x8050, 0x8050, 0x8050, 0x8050, 0x8050, 0x8050, 0x8050, 0x8050, 0x8050, 0x8050, 0x8050, 0x8050, 0x8050, 0x8050,
        0x8050, 0x8050, 0x8050, 0x8050, 0x8050, 0x8050, 0x8050, 0x8050, 0x8050, 0x8050, 0x8050, 0x8050, 0x8050, 0x8050,
        0x8050, 0x8050, 0x8050, 0x8050, 0x8050, 0x8050, 0x8050, 0x8050, 0x8050, 0x8050, 0x8050, 0x8050, 0x8050, 0x8050,
        0x8050, 0x8050, 0x8050, 0x8050, 0x8050, 0x8050, 0x8050, 0x8050, 0x8050, 0x8050, 0x8050, 0x8050, 0x8050, 0x8050,
        0x8050, 0x8050, 0x8050, 0x8050, 0x8050, 0x8050, 0x8050, 0x8050, 0x8050, 0x8050, 0x8050, 0x8050, 0x8050, 0x8050,
        0x8050, 0x8050, 0x8050, 0x8050, 0x8050, 0x8050, 0x8050, 0x8050, 0x8050, 0x8050, 0x8050, 0x8050, 0x8050, 0x8050,
        0x8050, 0x8050, 0x8050, 0x8050, 0x8050, 0x8050, 0x8050, 0x8050, 0x8050, 0x8050, 0x8050, 0x8050, 0x8050, 0x8050,
        0x8050, 0x8050, 0x8050, 0x8050, 0x8050, 0x8050, 0x8050, 0x8050, 0x8050, 0x8050, 0x8050, 0x8050, 0x8050, 0x8050,
        0x8050, 0x8050, 0x8050, 0x8050, 0x8050, 0x8050, 0x8050, 0x8050, 0x8050, 0x8050, 0x8050, 0x8050, 0x8050, 0x8050,
        0x8050, 0x8050, 0x8050, 0x8050, 0x8050, 0x8050, 0x8050, 0x8050, 0x8050, 0x8050, 0x8050, 0x8050, 0x8050, 0x8050,
        0x8050, 0x8050, 0x8050, 0x8050, 0x8050, 0x8050, 0x8050, 0x8050, 0x8050, 0x8050, 0x8050, 0x8050, 0x8050, 0x8050,
        0x8050, 0x8050, 0x8050, 0x8050, 0x8050, 0x8050, 0x8050, 0x8050, 0x8050, 0x8050, 0x8050, 0x8050, 0x8050, 0x8050,
        0x8050, 0x8050, 0x8050, 0x8050, 0x8050, 0x8050, 0x8050, 0x8050, 0x8050, 0x8050, 0x8050, 0x8050, 0x8050, 0x8050,
        0x8050, 0x8050, 0x8050, 0x8050, 0x8050, 0x8050, 0x8050, 0x8050, 0x8050, 0x8050, 0x8050, 0x8050, 0x8050, 0x8050,
        0x8050, 0x8050, 0x8050, 0x8050, 0x8050, 0x8050, 0x8050, 0x8050, 0x8050, 0x8050, 0x8050, 0x8050, 0x8050, 0x8050,
        0x8050, 0x8050, 0x8050, 0x8050, 0x8050, 0x8050, 0x8050, 0x8050, 0x8050, 0x8050, 0x8050, 0x8050, 0x8050, 0x8050,
        0x8050, 0x8050, 0x8050, 0x8050, 0x8050, 0x8050, 0x8050, 0x8050, 0x8050, 0x8050, 0x8050, 0x8050, 0x8050, 0x8050,
        0x8050, 0x8050, 0x8050, 0x8050, 0x8050, 0x8050, 0x8050, 0x8050, 0x8050, 0x8050, 0x8050, 0x8050, 0x8050, 0x8050,
        0x8050, 0x8050, 0x8050, 0x8050, 0x8050, 0x8050, 0x8050, 0x8050, 0x8050, 0x8050, 0x8050, 0x8050, 0x8050, 0x8050,
        0x8050, 0x8050, 0x8050, 0x8050, 0x8050, 0x8050, 0x8050, 0x8050, 0x8050, 0x8050, 0x8050, 0x8050, 0x8050, 0x8050,
        0x8050, 0x8050, 0x8050, 0x8050, 0x8050, 0x8050, 0x8050, 0x8050, 0x8050, 0x8050, 0x8050, 0x8050, 0x8050, 0x8050,
        0x8050, 0x8050, 0x8050, 0x8050, 0x8050, 0x8050, 0x8050, 0x8050, 0x8050, 0x8050, 0x8050, 0x8050, 0x8050, 0x8050,
        0x8050, 0x8050, 0x8050, 0x8050, 0x8050, 0x8050, 0x8050, 0x8050, 0x8050, 0x8050, 0x8050, 0x8050, 0x8050, 0x8050,
        0x8050, 0x8050, 0x8050, 0x8050, 0x8050, 0x8050, 0x8050, 0x8050, 0x8050, 0x8050, 0x8050, 0x8050, 0x8050, 0x8050,
        0x8050, 0x8050, 0x8050, 0x8050, 0x8050, 0x8050, 0x8050, 0x8050, 0x8050, 0x8050, 0x8050, 0x8050, 0x8050, 0x8050,
        0x8050, 0x8050, 0x8050, 0x8050, 0x8050, 0x8050, 0x8050, 0x8050, 0x8050, 0x8050, 0x8050, 0x8050, 0x8050, 0x8050,
        0x8050, 0x8050, 0x8050, 0x8050, 0x8050, 0x8050, 0x8050, 0x8050, 0x8050, 0x8050, 0x8050, 0x8050, 0x8050, 0x8050,
        0x8050, 0x8050, 0x8050, 0x8050, 0x8050, 0x8050, 0x8050, 0x8050, 0x8050, 0x8050, 0x8050, 0x8050, 0x8050, 0x8050,
        0x8050, 0x8050, 0x8050, 0x8050, 0x8050, 0x8050, 0x8050, 0x8050, 0x8050, 0x8050, 0x8050, 0x8050, 0x8050, 0x8050,
        0x8050, 0x8050, 0x8050, 0x8050, 0x8050, 0x8050, 0x8050, 0x8050, 0x8050, 0x8050, 0x8050, 0x8050, 0x8050, 0x8050,
        0x8050, 0x8050, 0x8050, 0x8050, 0x8050, 0x8050, 0x8050, 0x8050, 0x8050, 0x8050, 0x8050, 0x8050, 0x8050, 0x8050,
        0x8050, 0x8050, 0x8050, 0x8050, 0x8050, 0x8050, 0x8050, 0x8050, 0x8050, 0x8050, 0x8050, 0x8050, 0x8050, 0x8050,
        0x8050, 0x8050, 0x8050, 0x8050, 0x8050, 0x8050, 0x8050, 0x8050, 0x8050, 0x8050, 0x8050, 0x8050, 0x8050, 0x8050,
        0x8050, 0x8050, 0x8050, 0x8050, 0x8050, 0x8050, 0x8050, 0x8050, 0x8050, 0x8050, 0x8050, 0x8050, 0x8050, 0x8050,
        0x8050, 0x8050, 0x8050, 0x8050, 0x8050, 0x8050, 0x8050, 0x8050, 0x8050, 0x8050, 0x8050, 0x8050, 0x8050, 0x8050,
        0x8050, 0x8050, 0x8050, 0x8050, 0x8050, 0x8050, 0x8050, 0x8050, 0x8050, 0x8050, 0x8050, 0x8050, 0x8050, 0x8050,
        0x8050, 0x8050, 0x8050, 0x8050, 0x8050, 0x8050, 0x8050, 0x8050, 0x8050, 0x8050, 0x8050, 0x8050, 0x8050, 0x8050,
        0x8050, 0x8050, 0x8050, 0x8050, 0x8050, 0x8050, 0x8050, 0x8050, 0x8050, 0x8050, 0x8050, 0x8050, 0x8050, 0x8050,
        0x8050, 0x8050, 0x8050, 0x8050, 0x8050, 0x8050, 0x8050, 0x8050, 0x8050, 0x8050, 0x8050, 0x8050, 0x8050, 0x8050,
        0x8050, 0x8050, 0x8050, 0x8050, 0x8050, 0x8050, 0x8050, 0x8050, 0x8050, 0x8050, 0x8050, 0x8050, 0x8050, 0x8050,
        0x8050, 0x8050, 0x8050, 0x8050, 0x8050, 0x8050, 0x8050, 0x8050, 0x8050, 0x8050, 0x8050, 0x8050, 0x8050, 0x8050,
        0x8050, 0x8050, 0x8050, 0x8050, 0x8050, 0x8050, 0x8050, 0x8050, 0x8050, 0x8050, 0x8050, 0x8050, 0x8050, 0x8050,
        0x8050, 0x8050, 0x8050, 0x8050, 0x8050, 0x8050, 0x8050, 0x8050, 0x8050, 0x8050, 0x8050, 0x8050, 0x8050, 0x8050,
        0x8050, 0x8050, 0x8050, 0x8050, 0x8050, 0x8050, 0x8050, 0x8050, 0x8050, 0x8050, 0x8050, 0x8050, 0x8050, 0x8050,
        0x8050, 0x8050, 0x8050, 0x8050, 0x8050, 0x8050, 0x8050, 0x8050, 0x8050, 0x8050, 0x8050, 0x8050, 0x8050, 0x8050,
        0x8050, 0x8050, 0x8050, 0x8050, 0x8050, 0x8050, 0x8050, 0x8050, 0x8050, 0x8050, 0x8050, 0x8050, 0x8050, 0x8050,
        0x8050, 0x8050, 0x8050, 0x8050, 0x8050, 0x8050, 0x8050, 0x8050, 0x8050, 0x8050, 0x8050, 0x8050, 0x8050, 0x8050,
        0x8050, 0x8050, 0x8050, 0x8050, 0x8050, 0x8050, 0x8050, 0x8050, 0x8050, 0x8050, 0x8050, 0x8050, 0x8050, 0x8050,
        0x8050, 0x8050, 0x8050, 0x8050, 0x8050, 0x8050, 0x8050, 0x8050, 0x8050, 0x8050, 0x8050, 0x8050, 0x8050, 0x8050,
        0x8050, 0x8050, 0x8050, 0x8050, 0x8050, 0x8050, 0x8050, 0x8050, 0x8050, 0x8050, 0x8050, 0x8050, 0x8050, 0x8050,
        0x8050, 0x8050, 0x8050, 0x8050, 0x8050, 0x8050, 0x8050, 0x8050, 0x8050, 0x8050, 0x8050, 0x8050, 0x8050, 0x8050,
        0x8050, 0x8050, 0x8050, 0x8050, 0x8050, 0x8050, 0x8050, 0x8050, 0x8050, 0x8050, 0x8050, 0x8050, 0x8050, 0x8050,
        0x8050, 0x8050, 0x8050, 0x8050, 0x8050, 0x8050, 0x8050, 0x8050, 0x8050, 0x8050, 0x8050, 0x8050, 0x8050, 0x8050,
        0x8050, 0x8050, 0x8050, 0x8050, 0x8050, 0x8050, 0x8050, 0x8050, 0x8050, 0x8050, 0x8050, 0x8050, 0x8050, 0x8050,
        0x8050, 0x8050, 0x8050, 0x8050, 0x8050, 0x8050, 0x8050, 0x8050, 0x8050, 0x8050, 0x8050, 0x8050, 0x8050, 0x8050,
        0x8050, 0x8050, 0x8050, 0x8050, 0x8050, 0x8050, 0x8050, 0x8050, 0x8050, 0x8050, 0x8050, 0x8050, 0x8050, 0x8050,
        0x8050, 0x8050, 0x8050, 0x8050, 0x8050, 0x8050, 0x8050, 0x8050, 0x8050, 0x8050, 0x8050, 0x8050, 0x8050, 0x8050,
        0x8050, 0x8050, 0x8050, 0x8050, 0x8050, 0x8050, 0x8050, 0x8050, 0x8050, 0x8050, 0x8050, 0x8050, 0x8050, 0x8050,
        0x8050, 0x8050, 0x8050, 0x8050, 0x8050, 0x8050, 0x8050, 0x8050, 0x8050, 0x8050, 0x8050, 0x8050, 0x8050, 0x8050,
        0x8050, 0x8050, 0x8050, 0x8050, 0x8050, 0x8050, 0x8050, 0x8050, 0x8050, 0x8050, 0x8050, 0x8050, 0x8050, 0x8050,
        0x8050, 0x8050, 0x8050, 0x8050, 0x8050, 0x8050, 0x8050, 0x8050, 0x8050, 0x8050, 0x8050, 0x8050, 0x8050, 0x8050,
        0x8050, 0x8050, 0x8050, 0x8050, 0x8050, 0x8050, 0x8050, 0x8050, 0x8050, 0x8050, 0x8050, 0x8050, 0x8050, 0x8050,
        0x8050, 0x8050, 0x8050, 0x8050, 0x8050, 0x8050, 0x8050, 0x8050, 0x8050, 0x8050, 0x8050, 0x8050, 0x8050, 0x8050,
        0x8050, 0x8050, 0x8050, 0x8050, 0x8050, 0x8050, 0x8050, 0x8050, 0x8050, 0x8050, 0x8050, 0x8050, 0x8050, 0x8050,
        0x8050, 0x8050, 0x8050, 0x8050, 0x8050, 0x8050, 0x8050, 0x8050, 0x8050, 0x8050, 0x8050, 0x8050, 0x8050, 0x8050,
        0x8050, 0x8050, 0x8050, 0x8050, 0x8050, 0x8050, 0x8050, 0x8050, 0x8050, 0x8050, 0x8050, 0x8050, 0x8050, 0x8050,
        0x8050, 0x8050, 0x8050, 0x8050, 0x8050, 0x8050, 0x8050, 0x8050, 0x8050, 0x8050, 0x8050, 0x8050, 0x8050, 0x8050,
        0x8050, 0x8050, 0x8050, 0x8050, 0x8050, 0x8050, 0x8050, 0x8050, 0x8050, 0x8050, 0x8050, 0x8050, 0x8050, 0x8050,
        0x8050, 0x8050, 0x8050, 0x8050, 0x8050, 0x8050, 0x8050, 0x8050, 0x8050, 0x8050, 0x8050, 0x8050, 0x8050, 0x8050,
        0x8050, 0x8050, 0x8050, 0x8050, 0x8050, 0x8050, 0x8050, 0x8050, 0x8050, 0x8050, 0x8050, 0x8050, 0x8050, 0x8050,
        0x8050, 0x8050, 0x8050, 0x8050, 0x8050, 0x8050, 0x8050, 0x8050, 0x8050, 0x8050, 0x8050, 0x8050, 0x8050, 0x8050,
        0x8050, 0x8050, 0x8050, 0x8050, 0x8050, 0x8050, 0x8050, 0x8050, 0x8050, 0x8050, 0x8050, 0x8050, 0x8050, 0x8050,
        0x8050, 0x8050, 0x8050, 0x8050, 0x8050, 0x8050, 0x8050, 0x8050, 0x8050, 0x8050, 0x8050, 0x8050, 0x8050, 0x8050,
        0x8050, 0x8050, 0x8050, 0x8050, 0x8050, 0x8050, 0x8050, 0x8050, 0x8050, 0x8050, 0x8050, 0x8050, 0x8050, 0x8050,
        0x8050, 0x8050, 0x8050, 0x8050, 0x8050, 0x8050, 0x8050, 0x8050, 0x8050, 0x8050, 0x8050, 0x8050, 0x8050, 0x8050,
        0x8050, 0x8050, 0x8050, 0x8050, 0x8050, 0x8050, 0x8050, 0x8050, 0x8050, 0x8050, 0x8050, 0x8050, 0x8050, 0x8050,
        0x8050, 0x8050, 0x8050, 0x8050, 0x8050, 0x8050, 0x8050, 0x8050, 0x8050, 0x8050, 0x8050, 0x8050, 0x8050, 0x8050,
        0x8050, 0x8050, 0x8050, 0x8050, 0x8050, 0x8050, 0x8050, 0x8050, 0x8050, 0x8050, 0x8050, 0x8050, 0x8050, 0x8050,
        0x8050, 0x8050, 0x8050, 0x8050, 0x8050, 0x8050, 0x8050, 0x8050, 0x8050, 0x8050, 0x8050, 0x8050, 0x8050, 0x8050,
        0x8050, 0x8050, 0x8050, 0x8050, 0x8050, 0x8050, 0x8050, 0x8050, 0x8050, 0x8050, 0x8050, 0x8050, 0x8050, 0x8050,
        0x8050, 0x8050, 0x8050, 0x8050, 0x8050, 0x8050, 0x8050, 0x8050, 0x8050, 0x8050, 0x8050, 0x8050, 0x8050, 0x8050,
        0x8050, 0x8050, 0x8050, 0x8050, 0x8050, 0x8050, 0x8050, 0x8050, 0x8050, 0x8050, 0x8050, 0x8050, 0x8050, 0x8050,
        0x8050, 0x8050, 0x8050, 0x8050, 0x8050, 0x8050, 0x8050, 0x8050, 0x8050, 0x8050, 0x8050, 0x8050, 0x8050, 0x8050,
        0x8050, 0x8050, 0x8050, 0x8050, 0x8050, 0x8050, 0x8050, 0x8050, 0x8050, 0x8050, 0x8050, 0x8050, 0x8050, 0x8050,
        0x8050, 0x8050, 0x8050, 0x8050, 0x8050, 0x8050, 0x8050, 0x8050, 0x8050, 0x8050, 0x8050, 0x8050, 0x8050, 0x8050,
        0x8050, 0x8050, 0x8050, 0x8050, 0x8050, 0x8050, 0x8050, 0x8050, 0x8050, 0x8050, 0x8050, 0x8050, 0x8050, 0x8050,
        0x8050, 0x8050, 0x8050, 0x8050, 0x8050, 0x8050, 0x8050, 0x8050, 0x8050, 0x8050, 0x8050, 0x8050, 0x8050, 0x8050,
        0x8050, 0x8050, 0x8050, 0x8050, 0x8050, 0x8050, 0x8050, 0x8050, 0x8050, 0x8050, 0x8050, 0x8050, 0x8050, 0x8050,
        0x8050, 0x8050, 0x8050, 0x8050, 0x8050, 0x8050, 0x8050, 0x8050, 0x8050, 0x8050, 0x8050, 0x8050, 0x8050, 0x8050,
        0x8050, 0x8050, 0x8050, 0x8050, 0x8050, 0x8050, 0x8050, 0x8050, 0x8050, 0x8050, 0x8050, 0x8050, 0x8050, 0x8050,
        0x8050, 0x8050, 0x8050, 0x8050, 0x8050, 0x8050, 0x8050, 0x8050, 0x8050, 0x8050, 0x8050, 0x8050, 0x8050, 0x8050,
        0x8050, 0x8050, 0x8050, 0x8050, 0x8050, 0x8050, 0x8050, 0x8050, 0x8050, 0x8050, 0x8050, 0x8050, 0x8050, 0x8050,
        0x8050, 0x8050, 0x8050, 0x8050, 0x8050, 0x8050, 0x8050, 0x8050, 0x8050, 0x8050, 0x8050, 0x8050, 0x8050, 0x8050,
        0x8050, 0x8050, 0x8050, 0x8050, 0x8050, 0x8050, 0x8050, 0x8050, 0x8050, 0x8050, 0x8050, 0x8050, 0x8050, 0x8050,
        0x8050, 0x8050, 0x8050, 0x8050, 0x8050, 0x8050, 0x8050, 0x8050, 0x8050, 0x8050, 0x8050, 0x8050, 0x8050, 0x8050,
        0x8050, 0x8050, 0x8050, 0x8050, 0x8050, 0x8050, 0x8050, 0x8050, 0x8050, 0x8050, 0x8050, 0x8050, 0x8050, 0x8050,
        0x8050, 0x8050, 0x8050, 0x8050, 0x8050, 0x8050, 0x8050, 0x8050, 0x8050, 0x8050, 0x8050, 0x8050, 0x8050, 0x8050,
        0x8050, 0x8050, 0x8050, 0x8050, 0x8050, 0x8050, 0x8050, 0x8050, 0x8050, 0x8050, 0x8050, 0x8050, 0x8050, 0x8050,
        0x8050, 0x8050, 0x8050, 0x8050, 0x8050, 0x8050, 0x8050, 0x8050, 0x8050, 0x8050, 0x8050, 0x8050, 0x8050, 0x8050,
        0x8050, 0x8050, 0x8050, 0x8050, 0x8050, 0x8050, 0x8050, 0x8050, 0x8050, 0x8050, 0x8050, 0x8050, 0x8050, 0x8050,
        0x8050, 0x8050, 0x8050, 0x8050, 0x8050, 0x8050, 0x8050, 0x8050, 0x8050, 0x8050, 0x8050, 0x8050, 0x8050, 0x8050,
        0x8050, 0x8050, 0x8050, 0x8050, 0x8050, 0x8050, 0x8050, 0x8050, 0x8050, 0x8050, 0x8050, 0x8050, 0x8050, 0x8050,
        0x8050, 0x8050, 0x8050, 0x8050, 0x8050, 0x8050, 0x8050, 0x8050, 0x8050, 0x8050, 0x8050, 0x8050, 0x8050, 0x8050,
        0x8050, 0x8050, 0x8050, 0x8050, 0x8050, 0x8050, 0x8050, 0x8050, 0x8050, 0x8050, 0x8050, 0x8050, 0x8050, 0x8050,
        0x8050, 0x8050, 0x8050, 0x8050, 0x8050, 0x8050, 0x8050, 0x8050, 0x8050, 0x8050, 0x8050, 0x8050, 0x8050, 0x8050,
        0x8050, 0x8050, 0x8050, 0x8050, 0x8050, 0x8050, 0x8050, 0x8050, 0x8050, 0x8050, 0x8050, 0x8050, 0x8050, 0x8050,
        0x8050, 0x8050, 0x8050, 0x8050, 0x8050, 0x8050, 0x8050, 0x8050, 0x8050, 0x8050, 0x8050, 0x8050, 0x8050, 0x8050,
        0x8050, 0x8050, 0x8050, 0x8050, 0x8050, 0x8050, 0x8050, 0x8050, 0x8050, 0x8050, 0x8050, 0x8050, 0x8050, 0x8050,
        0x8050, 0x8050, 0x8050, 0x8050, 0x8050, 0x8050, 0x8050, 0x8050, 0x8050, 0x8050, 0x8050, 0x8050, 0x8050, 0x8050,
        0x8050, 0x8050, 0x8050, 0x8050, 0x8050, 0x8050, 0x8050, 0x8050, 0x8050, 0x8050, 0x8050, 0x8050, 0x8050, 0x8050,
        0x8050, 0x8050, 0x8050, 0x8050, 0x8050, 0x8050, 0x8050, 0x8050, 0x8050, 0x8050, 0x8050, 0x8050, 0x8050, 0x8050,
        0x8050, 0x8050, 0x8050, 0x8050, 0x8050, 0x8050, 0x8050, 0x8050, 0x8050, 0x8050, 0x8050, 0x8050, 0x8050, 0x8050,
        0x8050, 0x8050, 0x8050, 0x8050, 0x8050, 0x8050, 0x8050, 0x8050, 0x8050, 0x8050, 0x8050, 0x8050, 0x8050, 0x8050,
        0x8050, 0x8050, 0x8050, 0x8050, 0x8050, 0x8050, 0x8050, 0x8050, 0x8050, 0x8050, 0x8050, 0x8050, 0x8050, 0x8050,
        0x8050, 0x8050, 0x8050, 0x8050, 0x8050, 0x8050, 0x8050, 0x8050, 0x8050, 0x8050, 0x8050, 0x8050, 0x8050, 0x8050,
        0x8050, 0x8050, 0x8050, 0x8050, 0x8050, 0x8050, 0x8050, 0x8050, 0x8050, 0x8050, 0x8050, 0x8050, 0x8050, 0x8050,
        0x8050, 0x8050, 0x8050, 0x8050, 0x8050, 0x8050, 0x8050, 0x8050, 0x8050, 0x8050, 0x8050, 0x8050, 0x8050, 0x8050,
        0x8050, 0x8050, 0x8050, 0x8050, 0x8050, 0x8050, 0x8050, 0x8050, 0x8050, 0x8050, 0x8050, 0x8050, 0x8050, 0x8050,
        0x8050, 0x8050, 0x8050, 0x8050, 0x8050, 0x8050, 0x8050, 0x8050, 0x8050, 0x8050, 0x8050, 0x8050, 0x8050, 0x8050,
        0x8050, 0x8050, 0x8050, 0x8050, 0x8050, 0x8050, 0x8050, 0x8050, 0x8050, 0x8050, 0x8050, 0x8050, 0x8050, 0x8050,
        0x8050, 0x8050, 0x8050, 0x8050, 0x8050, 0x8050, 0x8050, 0x8050, 0x8050, 0x8050, 0x8050, 0x8050, 0x8050, 0x8050,
        0x8050, 0x8050, 0x8050, 0x8050, 0x8050, 0x8050, 0x8050, 0x8050, 0x8050, 0x8050, 0x8050, 0x8050, 0x8050, 0x8050,
        0x8050, 0x8050, 0x8050, 0x8050, 0x8050, 0x8050, 0x8050, 0x8050, 0x8050, 0x8050, 0x8050, 0x8050, 0x8050, 0x8050,
        0x8050, 0x8050, 0x8050, 0x8050, 0x8050, 0x8050, 0x8050, 0x8050, 0x8050, 0x8050, 0x8050, 0x8050, 0x8050, 0x8050,
        0x8050, 0x8050, 0x8050, 0x8050, 0x8050, 0x8050, 0x8050, 0x8050, 0x8050, 0x8050, 0x8050, 0x8050, 0x8050, 0x8050,
        0x8050, 0x8050, 0x8050, 0x8050, 0x8050, 0x8050, 0x8050, 0x8050, 0x8050, 0x8050, 0x8050, 0x8050, 0x8050, 0x8050,
        0x8050, 0x8050, 0x8050, 0x8050, 0x8050, 0x8050, 0x8050, 0x8050, 0x8050, 0x8050, 0x8050, 0x8050, 0x8050, 0x8050,
        0x8050, 0x8050, 0x8050, 0x8050, 0x8050, 0x8050, 0x8050, 0x8050, 0x8050, 0x8050, 0x8050, 0x8050, 0x8050, 0x8050,
        0x8050, 0x8050, 0x8050, 0x8050, 0x8050, 0x8050, 0x8050, 0x8050, 0x8050, 0x8050, 0x8050, 0x8050, 0x8050, 0x8050,
        0x8050, 0x8050, 0x8050, 0x8050, 0x8050, 0x8050, 0x8050, 0x8050, 0x8050, 0x8050, 0x8050, 0x8050, 0x8050, 0x8050,
        0x8050, 0x8050, 0x8050, 0x8050, 0x8050, 0x8050, 0x8050, 0x8050, 0x8050, 0x8050, 0x8050, 0x8050, 0x8050, 0x8050,
        0x8050, 0x8050, 0x8050, 0x8050, 0x8050, 0x8050, 0x8050, 0x8050, 0x8050, 0x8050, 0x8050, 0x8050, 0x8050, 0x8050,
        0x8050, 0x8050, 0x8050, 0x8050, 0x8050, 0x8050, 0x8050, 0x8050, 0x8050, 0x8050, 0x8050, 0x8050, 0x8050, 0x8050,
        0x8050, 0x8050, 0x8050, 0x8050, 0x8050, 0x8050, 0x8050, 0x8050, 0x8050, 0x8050, 0x8050, 0x8050, 0x8050, 0x8050,
        0x8050, 0x8050, 0x8050, 0x8050, 0x8050, 0x8050, 0x8050, 0x8050, 0x8050, 0x8050, 0x8050, 0x8050, 0x8050, 0x8050,
        0x8050, 0x8050, 0x8050, 0x8050, 0x8050, 0x8050, 0x8050, 0x8050, 0x8050, 0x8050, 0x8050, 0x8050, 0x8050, 0x8050,
        0x8050, 0x8050, 0x8050, 0x8050, 0x8050, 0x8050, 0x8050, 0x8050, 0x8050, 0x8050, 0x8050, 0x8050, 0x8050, 0x8050,
        0x8050, 0x8050, 0x8050, 0x8050, 0x8050, 0x8050, 0x8050, 0x8050, 0x8050, 0x8050, 0x8050, 0x8050, 0x8050, 0x8050,
        0x8050, 0x8050, 0x8050, 0x8050, 0x8050, 0x8050, 0x8050, 0x8050, 0x8050, 0x8050, 0x8050, 0x8050, 0x8050, 0x8050,
        0x8050, 0x8050, 0x8050, 0x8050, 0x8050, 0x8050, 0x8050, 0x8050, 0x8050, 0x8050, 0x8050, 0x8050, 0x8050, 0x8050,
        0x8050, 0x8050, 0x8050, 0x8050, 0x8050, 0x8050, 0x8050, 0x8050, 0x8050, 0x8050, 0x8050, 0x8050, 0x8050, 0x8050,
        0x8050, 0x8050, 0x8050, 0x8050, 0x8050, 0x8050, 0x8050, 0x8050, 0x8050, 0x8050, 0x8050, 0x8050, 0x8050, 0x8050,
        0x8050, 0x8050, 0x8050, 0x8050, 0x8050, 0x8050, 0x8050, 0x8050, 0x8050, 0x8050, 0x8050, 0x8050, 0x8050, 0x8050,
        0x8050, 0x8050, 0x8050, 0x8050, 0x8050, 0x8050, 0x8050, 0x8050, 0x8050, 0x8050, 0x8050, 0x8050, 0x8050, 0x8050,
        0x8050, 0x8050, 0x8050, 0x8050, 0x8050, 0x8050, 0x8050, 0x8050, 0x8050, 0x8050, 0x8050, 0x8050, 0x8050, 0x8050,
        0x8050, 0x8050, 0x8050, 0x8050, 0x8050, 0x8050, 0x8050, 0x8050, 0x8050, 0x8050, 0x8050, 0x8050, 0x8050, 0x8050,
        0x8050, 0x8050, 0x8050, 0x8050, 0x8050, 0x8050, 0x8050, 0x8050, 0x8050, 0x8050, 0x8050, 0x8050, 0x8050, 0x8050,
        0x8050, 0x8050, 0x8050, 0x8050, 0x8050, 0x8050, 0x8050, 0x8050, 0x8050, 0x8050, 0x8050, 0x8050, 0x8050, 0x8050,
        0x8050, 0x8050, 0x8050, 0x8050, 0x8050, 0x8050, 0x8050, 0x8050, 0x8050, 0x8050, 0x8050, 0x8050, 0x8050, 0x8050,
        0x8050, 0x8050, 0x8050, 0x8050, 0x8050, 0x8050, 0x8050, 0x8050, 0x8050, 0x8050, 0x8050, 0x8050, 0x8050, 0x8050,
        0x8050, 0x8050, 0x8050, 0x8050, 0x8050, 0x8050, 0x8050, 0x8050, 0x8050, 0x8050, 0x8050, 0x8050, 0x8050, 0x8050,
        0x8050, 0x8050, 0x8050, 0x8050, 0x8050, 0x8050, 0x8050, 0x8050, 0x8050, 0x8050, 0x8050, 0x8050, 0x8050, 0x8050,
        0x8050, 0x8050, 0x8050, 0x8050, 0x8050, 0x8050, 0x8050, 0x8050, 0x8050, 0x8050, 0x8050, 0x8050, 0x8050, 0x8050,
        0x8050, 0x8050, 0x8050, 0x8050, 0x8050, 0x8050, 0x8050, 0x8050, 0x8050, 0x8050, 0x8050, 0x8050, 0x8050, 0x8050,
        0x8050, 0x8050, 0x8050, 0x8050, 0x8050, 0x8050, 0x8050, 0x8050, 0x8050, 0x8050, 0x8050, 0x8050, 0x8050, 0x8050,
        0x8050, 0x8050, 0x8050, 0x8050, 0x8050, 0x8050, 0x8050, 0x8050, 0x8050, 0x8050, 0x8050, 0x8050, 0x8050, 0x8050,
        0x8050, 0x8050, 0x8050, 0x8050, 0x8050, 0x8050, 0x8050, 0x8050, 0x8050, 0x8050, 0x8050, 0x8050, 0x8050, 0x8050,
        0x8050, 0x8050, 0x8050, 0x8050, 0x8050, 0x8050, 0x8050, 0x8050, 0x8050, 0x8050, 0x8050, 0x8050, 0x8050, 0x8050,
        0x8050, 0x8050, 0x8050, 0x8050, 0x8050, 0x8050, 0x8050, 0x8050, 0x8050, 0x8050, 0x8050, 0x8050, 0x8050, 0x8050,
        0x8050, 0x8050, 0x8050, 0x8050, 0x8050, 0x8050, 0x8050, 0x8050, 0x8050, 0x8050, 0x8050, 0x8050, 0x8050, 0x8050,
        0x8050, 0x8050, 0x8050, 0x8050, 0x8050, 0x8050, 0x8050, 0x8050, 0x8050, 0x8050, 0x8050, 0x8050, 0x8050, 0x8050,
        0x8050, 0x8050, 0x8050, 0x8050, 0x8050, 0x8050, 0x8050, 0x8050, 0x8050, 0x8050, 0x8050, 0x8050, 0x8050, 0x8050,
        0x8050, 0x8050, 0x8050, 0x8050, 0x2B40, 0x2B40, 0x2B40, 0x2B80, 0x8050, 0x8050, 0x8050, 0x8050, 0x8050, 0x8050,
        0x8050, 0x8050, 0x8050, 0x8050, 0x8050, 0x8050, 0x8050, 0x8050, 0x8050, 0x8050, 0x8050, 0x8050, 0x8050, 0x8050,
        0x8050, 0x8050, 0x8050, 0x8050, 0x8050, 0x8050, 0x8050, 0x8050, 0x8050, 0x8050, 0x8050, 0x8050, 0x8050, 0x8050,
        0x8050, 0x8050, 0x8050, 0x8050, 0x8050, 0x8050, 0x8050, 0x8050, 0x8050, 0x8050, 0x8050, 0x8050, 0x8050, 0x8050,
        0x8050, 0x8050, 0x8050, 0x8050, 0x8050, 0x8050, 0x8050, 0x8050, 0x8050, 0x8050, 0x8050, 0x8050, 0x8050, 0x8050,
        0x8050, 0x8050, 0x8050, 0x8050, 0x8050, 0x8050, 0x8050, 0x8050, 0x8050, 0x8050, 0x8050, 0x8050, 0x8050, 0x8050,
        0x8050, 0x8050, 0x8050, 0x8050, 0x8050, 0x8050, 0x8050, 0x8050, 0x8050, 0x8050, 0x8050, 0x8050, 0x8050, 0x8050,
        0x8050, 0x8050, 0x8050, 0x8050, 0x8050, 0x8050, 0x8050, 0x8050, 0x8050, 0x8050, 0x8050, 0x8050, 0x8050, 0x8050,
        0x8050, 0x8050, 0x8050, 0x8050, 0x8050, 0x8050, 0x8050, 0x8050, 0x8050, 0x8050, 0x8050, 0x8050, 0x8050, 0x8050,
        0x8050, 0x8050, 0x8050, 0x8050, 0x8050, 0x8050, 0x8050, 0x8050, 0x8050, 0x8050, 0x8050, 0x8050, 0x8050, 0x8050,
        0x8050, 0x8050, 0x8050, 0x8050, 0x8050, 0x8050, 0x8050, 0x8050, 0x8050, 0x8050, 0x8050, 0x8050, 0x8050, 0x8050,
        0x8050, 0x8050, 0x8050, 0x8050, 0x8050, 0x8050, 0x8050, 0x8050, 0x8050, 0x8050, 0x8050, 0x8050, 0x8050, 0x8050,
        0x8050, 0x8050, 0x8050, 0x8050, 0x8050, 0x8050, 0x8050, 0x8050, 0x8050, 0x8050, 0x8050, 0x8050, 0x8050, 0x8050,
        0x8050, 0x8050, 0x8050, 0x8050, 0x8050, 0x8050, 0x8050, 0x8050, 0x8050, 0x8050, 0x8050, 0x8050, 0x8050, 0x8050,
        0x8050, 0x8050, 0x8050, 0x8050, 0x8050, 0x8050, 0x8050, 0x8050, 0x8050, 0x8050, 0x8050, 0x8050, 0x8050, 0x8050,
        0x8050, 0x8050, 0x8050, 0x8050, 0x8050, 0x8050, 0x8050, 0x8050, 0x8050, 0x8050, 0x8050, 0x8050, 0x8050, 0x8050,
        0x8050, 0x8050, 0x8050, 0x8050, 0x8050, 0x8050, 0x8050, 0x8050, 0x8050, 0x8050, 0x8050, 0x8050, 0x8050, 0x8050,
        0x8050, 0x8050, 0x8050, 0x8050, 0x8050, 0x8050, 0x8050, 0x8050, 0x8050, 0x8050, 0x8050, 0x8050, 0x8050, 0x8050,
        0x8050, 0x8050, 0x8050, 0x8050, 0x8050, 0x8050, 0x8050, 0x8050, 0x8050, 0x8050, 0x8050, 0x8050, 0x8050, 0x8050,
        0x8050, 0x8050, 0x8050, 0x8050, 0x8050, 0x8050, 0x8050, 0x8050, 0x8050, 0x8050, 0x8050, 0x8050, 0x8050, 0x8050,
        0x8050, 0x8050, 0x8050, 0x8050, 0x8050, 0x8050, 0x8050, 0x8050, 0x8050, 0x8050, 0x8050, 0x8050, 0x8050, 0x8050,
        0x8050, 0x8050, 0x8050, 0x8050, 0x8050, 0x8050, 0x8050, 0x8050, 0x8050, 0x8050, 0x8050, 0x8050, 0x8050, 0x8050,
        0x8050, 0x8050, 0x8050, 0x8050, 0x8050, 0x8050, 0x8050, 0x8050, 0x8050, 0x8050, 0x8050, 0x8050, 0x8050, 0x8050,
        0x8050, 0x8050, 0x8050, 0x8050, 0x8050, 0x8050, 0x8050, 0x8050, 0x8050, 0x8050, 0x8050, 0x8050, 0x8050, 0x8050,
        0x8050, 0x8050, 0x8050, 0x8050, 0x8050, 0x8050, 0x8050, 0x8050, 0x8050, 0x8050, 0x8050, 0x8050, 0x8050, 0x8050,
        0x8050, 0x8050, 0x8050, 0x8050, 0x8050, 0x8050, 0x8050, 0x8050, 0x8050, 0x8050, 0x8050, 0x8050, 0x8050, 0x8050,
        0x8050, 0x8050, 0x8050, 0x8050, 0x8050, 0x8050, 0x8050, 0x8050, 0x8050, 0x8050, 0x8050, 0x8050, 0x8050, 0x8050,
        0x8050, 0x8050, 0x8050, 0x8050, 0x8050, 0x8050, 0x8050, 0x8050, 0x8050, 0x8050, 0x8050, 0x8050, 0x8050, 0x8050,
        0x8050, 0x8050, 0x8050, 0x8050, 0x8050, 0x8050, 0x8050, 0x8050, 0x8050, 0x8050, 0x8050, 0x8050, 0x8050, 0x8050,
        0x8050, 0x8050, 0x8050, 0x8050, 0x8050, 0x8050, 0x8050, 0x8050, 0x8050, 0x8050, 0x8050, 0x8050, 0x8050, 0x8050,
        0x8050, 0x8050, 0x8050, 0x8050, 0x8050, 0x8050, 0x8050, 0x8050, 0x8050, 0x8050, 0x8050, 0x8050, 0x8050, 0x8050,
        0x8050, 0x8050, 0x8050, 0x8050, 0x8050, 0x8050, 0x8050, 0x8050, 0x8050, 0x8050, 0x8050, 0x8050, 0x8050, 0x8050,
        0x8050, 0x8050, 0x8050, 0x8050, 0x8050, 0x8050, 0x8050, 0x8050, 0x8050, 0x8050, 0x8050, 0x8050, 0x8050, 0x8050,
        0x8050, 0x8050, 0x8050, 0x8050, 0x8050, 0x8050, 0x8050, 0x8050, 0x8050, 0x8050, 0x8050, 0x8050, 0x8050, 0x8050,
        0x8050, 0x8050, 0x8050, 0x8050, 0x8050, 0x8050, 0x8050, 0x8050, 0x8050, 0x8050, 0x8050, 0x8050, 0x8050, 0x8050,
        0x8050, 0x8050, 0x8050, 0x8050, 0x8050, 0x8050, 0x8050, 0x8050, 0x8050, 0x8050, 0x8050, 0x8050, 0x8050, 0x8050,
        0x8050, 0x8050, 0x8050, 0x8050, 0x8050, 0x8050, 0x8050, 0x8050, 0x8050, 0x8050, 0x8050, 0x8050, 0x8050, 0x8050,
        0x8050, 0x8050, 0x8050, 0x8050, 0x8050, 0x8050, 0x8050, 0x8050, 0x8050, 0x8050, 0x8050, 0x8050, 0x8050, 0x8050,
        0x8050, 0x8050, 0x8050, 0x8050, 0x8050, 0x8050, 0x8050, 0x8050, 0x8050, 0x8050, 0x8050, 0x8050, 0x8050, 0x8050,
        0x8050, 0x8050, 0x8050, 0x8050, 0x8050, 0x8050, 0x8050, 0x8050, 0x8050, 0x8050, 0x8050, 0x8050, 0x8050, 0x8050,
        0x8050, 0x8050, 0x8050, 0x8050, 0x8050, 0x8050, 0x8050, 0x8050, 0x8050, 0x8050, 0x8050, 0x8050, 0x8050, 0x8050,
        0x8050, 0x8050, 0x8050, 0x8050, 0x8050, 0x8050, 0x8050, 0x8050, 0x8050, 0x8050, 0x8050, 0x8050, 0x8050, 0x8050,
        0x8050, 0x8050, 0x8050, 0x8050, 0x8050, 0x8050, 0x8050, 0x8050, 0x8050, 0x8050, 0x8050, 0x8050, 0x8050, 0x8050,
        0x8050, 0x8050, 0x8050, 0x8050, 0x8050, 0x8050, 0x8050, 0x8050, 0x8050, 0x8050, 0x8050, 0x8050, 0x8050, 0x8050,
        0x8050, 0x8050, 0x8050, 0x8050, 0x8050, 0x8050, 0x8050, 0x8050, 0x8050, 0x8050, 0x8050, 0x8050, 0x8050, 0x8050,
        0x8050, 0x8050, 0x8050, 0x8050, 0x8050, 0x8050, 0x8050, 0x8050, 0x8050, 0x8050, 0x8050, 0x8050, 0x8050, 0x8050,
        0x8050, 0x8050, 0x8050, 0x8050, 0x8050, 0x8050, 0x8050, 0x8050, 0x8050, 0x8050, 0x8050, 0x8050, 0x8050, 0x8050,
        0x8050, 0x8050, 0x8050, 0x8050, 0x8050, 0x8050, 0x8050, 0x8050, 0x8050, 0x8050, 0x8050, 0x8050, 0x8050, 0x8050,
        0x8050, 0x8050, 0x8050, 0x8050, 0x8050, 0x8050, 0x8050, 0x8050, 0x8050, 0x8050, 0x8050, 0x8050, 0x8050, 0x8050,
        0x8050, 0x8050, 0x8050, 0x8050, 0x8050, 0x8050, 0x8050, 0x8050, 0x8050, 0x8050, 0x8050, 0x8050, 0x8050, 0x8050,
        0x8050, 0x8050, 0x8050, 0x8050, 0x8050, 0x8050, 0x8050, 0x8050, 0x8050, 0x8050, 0x8050, 0x8050, 0x8050, 0x8050,
        0x8050, 0x8050, 0x8050, 0x8050, 0x8050, 0x8050, 0x8050, 0x8050, 0x8050, 0x8050, 0x8050, 0x8050, 0x8050, 0x8050,
        0x8050, 0x8050, 0x8050, 0x8050, 0x8050, 0x8050, 0x8050, 0x8050, 0x8050, 0x8050, 0x8050, 0x8050, 0x8050, 0x8050,
        0x8050, 0x8050, 0x8050, 0x8050, 0x8050, 0x8050, 0x8050, 0x8050, 0x8050, 0x8050, 0x8050, 0x8050, 0x8050, 0x8050,
        0x8050, 0x8050, 0x8050, 0x8050, 0x8050, 0x8050, 0x8050, 0x8050, 0x8050, 0x8050, 0x8050, 0x8050, 0x8050, 0x8050,
        0x8050, 0x8050, 0x8050, 0x8050, 0x8050, 0x8050, 0x8050, 0x8050, 0x8050, 0x8050, 0x8050, 0x8050, 0x8050, 0x8050,
        0x8050, 0x8050, 0x8050, 0x8050, 0x8050, 0x8050, 0x8050, 0x8050, 0x8050, 0x8050, 0x8050, 0x8050, 0x8050, 0x8050,
        0x8050, 0x8050, 0x8050, 0x8050, 0x8050, 0x8050, 0x8050, 0x8050, 0x8050, 0x8050, 0x8050, 0x8050, 0x8050, 0x8050,
        0x8050, 0x8050, 0x8050, 0x8050, 0x8050, 0x8050, 0x8050, 0x8050, 0x8050, 0x8050, 0x8050, 0x8050, 0x8050, 0x8050,
        0x8050, 0x8050, 0x8050, 0x8050, 0x8050, 0x8050, 0x8050, 0x8050, 0x8050, 0x8050, 0x8050, 0x8050, 0x8050, 0x8050,
        0x8050, 0x8050, 0x8050, 0x8050, 0x8050, 0x8050, 0x8050, 0x8050, 0x8050, 0x8050, 0x8050, 0x8050, 0x8050, 0x8050,
        0x8050, 0x8050, 0x8050, 0x8050, 0x8050, 0x8050, 0x8050, 0x8050, 0x8050, 0x8050, 0x8050, 0x8050, 0x8050, 0x8050,
        0x8050, 0x8050, 0x8050, 0x8050, 0x8050, 0x8050, 0x8050, 0x8050, 0x8050, 0x8050, 0x8050, 0x8050, 0x8050, 0x8050,
        0x8050, 0x8050, 0x8050, 0x8050, 0x8050, 0x8050, 0x8050, 0x8050, 0x8050, 0x8050, 0x8050, 0x8050, 0x8050, 0x8050,
        0x8050, 0x8050, 0x8050, 0x8050, 0x8050, 0x8050, 0x8050, 0x8050, 0x8050, 0x8050, 0x8050, 0x8050, 0x8050, 0x8050,
        0x8050, 0x8050, 0x8050, 0x8050, 0x8050, 0x8050, 0x8050, 0x8050, 0x8050, 0x8050, 0x8050, 0x8050, 0x8050, 0x8050,
        0x8050, 0x8050, 0x8050, 0x8050, 0x8050, 0x8050, 0x8050, 0x8050, 0x8050, 0x8050, 0x8050, 0x8050, 0x8050, 0x8050,
        0x8050, 0x8050, 0x8050, 0x8050, 0x8050, 0x8050, 0x8050, 0x8050, 0x8050, 0x8050, 0x8050, 0x8050, 0x8050, 0x8050,
        0x8050, 0x8050, 0x8050, 0x8050, 0x8050, 0x8050, 0x8050, 0x8050, 0x8050, 0x8050, 0x8050, 0x8050, 0x8050, 0x8050,
        0x8050, 0x8050, 0x8050, 0x8050, 0x8050, 0x8050, 0x8050, 0x8050, 0x8050, 0x8050, 0x8050, 0x8050, 0x8050, 0x8050,
        0x8050, 0x8050, 0x8050, 0x8050, 0x8050, 0x8050, 0x8050, 0x8050, 0x8050, 0x8050, 0x8050, 0x8050, 0x8050, 0x8050,
        0x8050, 0x8050, 0x8050, 0x8050, 0x8050, 0x8050, 0x8050, 0x8050, 0x8050, 0x8050, 0x8050, 0x8050, 0x8050, 0x8050,
        0x8050, 0x8050, 0x8050, 0x8050, 0x8050, 0x8050, 0x8050, 0x8050, 0x8050, 0x8050, 0x8050, 0x8050, 0x8050, 0x8050,
        0x8050, 0x8050, 0x8050, 0x8050, 0x8050, 0x8050, 0x8050, 0x8050, 0x8050, 0x8050, 0x8050, 0x8050, 0x8050, 0x8050,
        0x8050, 0x8050, 0x8050, 0x8050, 0x8050, 0x8050, 0x8050, 0x8050, 0x8050, 0x8050, 0x8050, 0x8050, 0x8050, 0x8050,
        0x8050, 0x8050, 0x8050, 0x8050, 0x8050, 0x8050, 0x8050, 0x8050, 0x8050, 0x8050, 0x8050, 0x8050, 0x8050, 0x8050,
        0x8050, 0x8050, 0x8050, 0x8050, 0x8050, 0x8050, 0x8050, 0x8050, 0x8050, 0x8050, 0x8050, 0x8050, 0x8050, 0x8050,
        0x8050, 0x8050, 0x8050, 0x8050, 0x8050, 0x8050, 0x8050, 0x8050, 0x8050, 0x8050, 0x8050, 0x8050, 0x8050, 0x8050,
        0x8050, 0x8050, 0x8050, 0x8050, 0x8050, 0x8050, 0x8050, 0x8050, 0x8050, 0x8050, 0x8050, 0x8050, 0x8050, 0x8050,
        0x8050, 0x8050, 0x8050, 0x8050, 0x8050, 0x8050, 0x8050, 0x8050, 0x8050, 0x8050, 0x8050, 0x8050, 0x8050, 0x8050,
        0x8050, 0x8050, 0x8050, 0x8050, 0x8050, 0x8050, 0x8050, 0x8050, 0x8050, 0x8050, 0x8050, 0x8050, 0x8050, 0x8050,
        0x8050, 0x8050, 0x8050, 0x8050, 0x8050, 0x8050, 0x8050, 0x8050, 0x8050, 0x8050, 0x8050, 0x8050, 0x8050, 0x8050,
        0x8050, 0x8050, 0x8050, 0x8050, 0x8050, 0x8050, 0x8050, 0x8050, 0x8050, 0x8050, 0x8050, 0x8050, 0x8050, 0x8050,
        0x8050, 0x8050, 0x8050, 0x8050, 0x8050, 0x8050, 0x8050, 0x8050, 0x8050, 0x8050, 0x8050, 0x8050, 0x8050, 0x8050,
        0x8050, 0x8050, 0x8050, 0x8050, 0x8050, 0x8050, 0x8050, 0x8050, 0x8050, 0x8050, 0x8050, 0x8050, 0x8050, 0x8050,
        0x8050, 0x8050, 0x8050, 0x8050, 0x8050, 0x8050, 0x8050, 0x8050, 0x8050, 0x8050, 0x8050, 0x8050, 0x8050, 0x8050,
        0x8050, 0x8050, 0x8050, 0x8050, 0x8050, 0x8050, 0x8050, 0x8050, 0x8050, 0x8050, 0x8050, 0x8050, 0x8050, 0x8050,
        0x8050, 0x8050, 0x8050, 0x8050, 0x8050, 0x8050, 0x8050, 0x8050, 0x8050, 0x8050, 0x8050, 0x8050, 0x8050, 0x8050,
        0x8050, 0x8050, 0x8050, 0x8050, 0x8050, 0x8050, 0x8050, 0x8050, 0x8050, 0x8050, 0x8050, 0x8050, 0x8050, 0x8050,
        0x8050, 0x8050, 0x8050, 0x8050, 0x8050, 0x8050, 0x8050, 0x8050, 0x8050, 0x8050, 0x8050, 0x8050, 0x8050, 0x8050,
        0x8050, 0x8050, 0x8050, 0x8050, 0x8050, 0x8050, 0x8050, 0x8050, 0x8050, 0x8050, 0x8050, 0x8050, 0x8050, 0x8050,
        0x8050, 0x8050, 0x8050, 0x8050, 0x8050, 0x8050, 0x8050, 0x8050, 0x8050, 0x8050, 0x8050, 0x8050, 0x8050, 0x8050,
        0x8050, 0x8050, 0x8050, 0x8050, 0x8050, 0x8050, 0x8050, 0x8050, 0x8050, 0x8050, 0x8050, 0x8050, 0x8050, 0x8050,
        0x8050, 0x8050, 0x8050, 0x8050, 0x8050, 0x8050, 0x8050, 0x8050, 0x8050, 0x8050, 0x8050, 0x8050, 0x8050, 0x8050,
        0x8050, 0x8050, 0x8050, 0x8050, 0x8050, 0x8050, 0x8050, 0x8050, 0x8050, 0x8050, 0x8050, 0x8050, 0x8050, 0x8050,
        0x8050, 0x8050, 0x8050, 0x8050, 0x8050, 0x8050, 0x8050, 0x8050, 0x8050, 0x8050, 0x8050, 0x8050, 0x8050, 0x8050,
        0x8050, 0x8050, 0x8050, 0x8050, 0x8050, 0x8050, 0x8050, 0x8050, 0x8050, 0x8050, 0x8050, 0x8050, 0x8050, 0x8050,
        0x8050, 0x8050, 0x8050, 0x8050, 0x8050, 0x8050, 0x8050, 0x8050, 0x8050, 0x8050, 0x8050, 0x8050, 0x8050, 0x8050,
        0x8050, 0x8050, 0x8050, 0x8050, 0x8050, 0x8050, 0x8050, 0x8050, 0x8050, 0x8050, 0x8050, 0x8050, 0x8050, 0x8050,
        0x8050, 0x8050, 0x8050, 0x8050, 0x8050, 0x8050, 0x8050, 0x8050, 0x8050, 0x8050, 0x8050, 0x8050, 0x8050, 0x8050,
        0x8050, 0x8050, 0x8050, 0x8050, 0x8050, 0x8050, 0x8050, 0x8050, 0x8050, 0x8050, 0x8050, 0x8050, 0x8050, 0x8050,
        0x8050, 0x8050, 0x8050, 0x8050, 0x8050, 0x8050, 0x8050, 0x8050, 0x8050, 0x8050, 0x8050, 0x8050, 0x8050, 0x8050,
        0x8050, 0x8050, 0x8050, 0x8050, 0x8050, 0x8050, 0x8050, 0x8050, 0x8050, 0x8050, 0x8050, 0x8050, 0x8050, 0x8050,
        0x8050, 0x8050, 0x8050, 0x8050, 0x8050, 0x8050, 0x8050, 0x8050, 0x8050, 0x8050, 0x8050, 0x8050, 0x8050, 0x8050,
        0x8050, 0x8050, 0x8050, 0x8050, 0x8050, 0x8050, 0x8050, 0x8050, 0x8050, 0x8050, 0x8050, 0x8050, 0x8050, 0x8050,
        0x8050, 0x8050, 0x8050, 0x8050, 0x8050, 0x8050, 0x8050, 0x8050, 0x8050, 0x8050, 0x8050, 0x8050, 0x8050, 0x8050,
        0x8050, 0x8050, 0x8050, 0x8050, 0x8050, 0x8050, 0x8050, 0x8050, 0x8050, 0x8050, 0x8050, 0x8050, 0x8050, 0x8050,
        0x8050, 0x8050, 0x8050, 0x8050, 0x8050, 0x8050, 0x8050, 0x8050, 0x8050, 0x8050, 0x8050, 0x8050, 0x8050, 0x8050,
        0x8050, 0x8050, 0x8050, 0x8050, 0x8050, 0x8050, 0x8050, 0x8050, 0x8050, 0x8050, 0x8050, 0x8050, 0x8050, 0x8050,
        0x8050, 0x8050, 0x8050, 0x8050, 0x8050, 0x8050, 0x8050, 0x8050, 0x8050, 0x8050, 0x8050, 0x8050, 0x8050, 0x8050,
        0x8050, 0x8050, 0x8050, 0x8050, 0x8050, 0x8050, 0x8050, 0x8050, 0x8050, 0x8050, 0x8050, 0x8050, 0x8050, 0x8050,
        0x8050, 0x8050, 0x8050, 0x8050, 0x8050, 0x8050, 0x8050, 0x8050, 0x8050, 0x8050, 0x8050, 0x8050, 0x8050, 0x8050,
        0x8050, 0x8050, 0x8050, 0x8050, 0x8050, 0x8050, 0x8050, 0x8050, 0x8050, 0x8050, 0x8050, 0x8050, 0x8050, 0x8050,
        0x8050, 0x8050, 0x8050, 0x8050, 0x8050, 0x8050, 0x8050, 0x8050, 0x8050, 0x8050, 0x8050, 0x8050, 0x8050, 0x8050,
        0x8050, 0x8050, 0x8050, 0x8050, 0x8050, 0x8050, 0x8050, 0x8050, 0x8050, 0x8050, 0x8050, 0x8050, 0x8050, 0x8050,
        0x8050, 0x8050, 0x8050, 0x8050, 0x8050, 0x8050, 0x8050, 0x8050, 0x8050, 0x8050, 0x8050, 0x8050, 0x8050, 0x8050,
        0x8050, 0x8050, 0x8050, 0x8050, 0x8050, 0x8050, 0x8050, 0x8050, 0x8050, 0x8050, 0x8050, 0x8050, 0x8050, 0x8050,
        0x8050, 0x8050, 0x8050, 0x8050, 0x8050, 0x8050, 0x8050, 0x8050, 0x8050, 0x8050, 0x8050, 0x8050, 0x8050, 0x8050,
        0x8050, 0x8050, 0x8050, 0x8050, 0x8050, 0x8050, 0x8050, 0x8050, 0x8050, 0x8050, 0x8050, 0x8050, 0x8050, 0x8050,
        0x8050, 0x8050, 0x8050, 0x8050, 0x8050, 0x8050, 0x8050, 0x8050, 0x8050, 0x8050, 0x8050, 0x8050, 0x8050, 0x8050,
        0x8050, 0x8050, 0x8050, 0x8050, 0x8050, 0x8050, 0x8050, 0x8050, 0x8050, 0x8050, 0x8050, 0x8050, 0x8050, 0x8050,
        0x8050, 0x8050, 0x8050, 0x8050, 0x8050, 0x8050, 0x8050, 0x8050, 0x8050, 0x8050, 0x8050, 0x8050, 0x8050, 0x8050,
        0x8050, 0x8050, 0x8050, 0x8050, 0x8050, 0x8050, 0x8050, 0x8050, 0x8050, 0x8050, 0x8050, 0x8050, 0x8050, 0x8050,
        0x8050, 0x8050, 0x8050, 0x8050, 0x8050, 0x8050, 0x8050, 0x8050, 0x8050, 0x8050, 0x8050, 0x8050, 0x8050, 0x8050,
        0x8050, 0x8050, 0x8050, 0x8050, 0x8050, 0x8050, 0x8050, 0x8050, 0x8050, 0x8050, 0x8050, 0x8050, 0x8050, 0x8050,
        0x8050, 0x8050, 0x8050, 0x8050, 0x8050, 0x8050, 0x8050, 0x8050, 0x8050, 0x8050, 0x8050, 0x8050, 0x8050, 0x8050,
        0x8050, 0x8050, 0x8050, 0x8050, 0x8050, 0x8050, 0x8050, 0x8050, 0x8050, 0x8050, 0x8050, 0x8050, 0x8050, 0x8050,
        0x8050, 0x8050, 0x8050, 0x8050, 0x8050, 0x8050, 0x8050, 0x8050, 0x8050, 0x8050, 0x8050, 0x8050, 0x8050, 0x8050,
        0x8050, 0x8050, 0x8050, 0x8050, 0x8050, 0x8050, 0x8050, 0x8050, 0x8050, 0x8050, 0x8050, 0x8050, 0x8050, 0x8050,
        0x8050, 0x8050, 0x8050, 0x8050, 0x8050, 0x8050, 0x8050, 0x8050, 0x8050, 0x8050, 0x8050, 0x8050, 0x8050, 0x8050,
        0x8050, 0x8050, 0x8050, 0x8050, 0x8050, 0x8050, 0x8050, 0x8050, 0x8050, 0x8050, 0x8050, 0x8050, 0x8050, 0x8050,
        0x8050, 0x8050, 0x8050, 0x8050, 0x8050, 0x8050, 0x8050, 0x8050, 0x8050, 0x8050, 0x8050, 0x8050, 0x8050, 0x8050,
        0x8050, 0x8050, 0x8050, 0x8050, 0x8050, 0x8050, 0x8050, 0x8050, 0x8050, 0x8050, 0x8050, 0x8050, 0x8050, 0x8050,
        0x8050, 0x8050, 0x8050, 0x8050, 0x8050, 0x8050, 0x8050, 0x8050, 0x8050, 0x8050, 0x8050, 0x8050, 0x8050, 0x8050,
        0x8050, 0x8050, 0x8050, 0x8050, 0x8050, 0x8050, 0x8050, 0x8050, 0x8050, 0x8050, 0x8050, 0x8050, 0x8050, 0x8050,
        0x8050, 0x8050, 0x8050, 0x8050, 0x8050, 0x8050, 0x8050, 0x8050, 0x8050, 0x8050, 0x8050, 0x8050, 0x8050, 0x8050,
        0x8050, 0x8050, 0x8050, 0x8050, 0x8050, 0x8050, 0x8050, 0x8050, 0x8050, 0x8050, 0x8050, 0x8050, 0x8050, 0x8050,
        0x8050, 0x8050, 0x8050, 0x8050, 0x8050, 0x8050, 0x8050, 0x8050, 0x8050, 0x8050, 0x8050, 0x8050, 0x8050, 0x8050,
        0x8050, 0x8050, 0x8050, 0x8050, 0x8050, 0x8050, 0x8050, 0x8050, 0x8050, 0x8050, 0x8050, 0x8050, 0x8050, 0x8050,
        0x8050, 0x8050, 0x8050, 0x8050, 0x8050, 0x8050, 0x8050, 0x8050, 0x8050, 0x8050, 0x8050, 0x8050, 0x8050, 0x8050,
        0x8050, 0x8050, 0x8050, 0x8050, 0x8050, 0x8050, 0x8050, 0x8050, 0x8050, 0x8050, 0x8050, 0x8050, 0x8050, 0x8050,
        0x8050, 0x8050, 0x8050, 0x8050, 0x8050, 0x8050, 0x8050, 0x8050, 0x8050, 0x8050, 0x8050, 0x8050, 0x8050, 0x8050,
        0x8050, 0x8050, 0x8050, 0x8050, 0x8050, 0x8050, 0x8050, 0x8050, 0x8050, 0x8050, 0x8050, 0x8050, 0x8050, 0x8050,
        0x8050, 0x8050, 0x8050, 0x8050, 0x8050, 0x8050, 0x8050, 0x8050, 0x8050, 0x8050, 0x8050, 0x8050, 0x8050, 0x8050,
        0x8050, 0x8050, 0x8050, 0x8050, 0x8050, 0x8050, 0x8050, 0x8050, 0x8050, 0x8050, 0x8050, 0x8050, 0x8050, 0x8050,
        0x8050, 0x8050, 0x8050, 0x8050, 0x8050, 0x8050, 0x8050, 0x8050, 0x8050, 0x8050, 0x8050, 0x8050, 0x8050, 0x8050,
        0x8050, 0x8050, 0x8050, 0x8050, 0x8050, 0x8050, 0x8050, 0x8050, 0x8050, 0x8050, 0x8050, 0x8050, 0x8050, 0x8050,
        0x8050, 0x8050, 0x8050, 0x8050, 0x8050, 0x8050, 0x8050, 0x8050, 0x8050, 0x8050, 0x8050, 0x8050, 0x8050, 0x8050,
        0x8050, 0x8050, 0x8050, 0x8050, 0x8050, 0x8050, 0x8050, 0x8050, 0x8050, 0x8050, 0x8050, 0x8050, 0x8050, 0x8050,
        0x8050, 0x8050, 0x8050, 0x8050, 0x8050, 0x8050, 0x8050, 0x8050, 0x8050, 0x8050, 0x8050, 0x8050, 0x8050, 0x8050,
        0x8050, 0x8050, 0x8050, 0x8050, 0x8050, 0x8050, 0x8050, 0x8050, 0x8050, 0x8050, 0x8050, 0x8050, 0x8050, 0x8050,
        0x8050, 0x8050, 0x8050, 0x8050, 0x8050, 0x8050, 0x8050, 0x8050, 0x8050, 0x8050, 0x8050, 0x8050, 0x8050, 0x8050,
        0x8050, 0x8050, 0x8050, 0x8050, 0x8050, 0x8050, 0x8050, 0x8050, 0x8050, 0x8050, 0x8050, 0x8050, 0x8050, 0x8050,
        0x8050, 0x8050, 0x8050, 0x8050, 0x8050, 0x8050, 0x8050, 0x8050, 0x8050, 0x8050, 0x8050, 0x8050, 0x8050, 0x8050,
        0x8050, 0x8050, 0x8050, 0x8050, 0x8050, 0x8050, 0x8050, 0x8050, 0x8050, 0x8050, 0x8050, 0x8050, 0x8050, 0x8050,
        0x8050, 0x8050, 0x8050, 0x8050, 0x8050, 0x8050, 0x8050, 0x8050, 0x8050, 0x8050, 0x8050, 0x8050, 0x8050, 0x8050,
        0x8050, 0x8050, 0x8050, 0x8050, 0x8050, 0x8050, 0x8050, 0x8050, 0x8050, 0x8050, 0x8050, 0x8050, 0x8050, 0x8050,
        0x8050, 0x8050, 0x8050, 0x8050, 0x8050, 0x8050, 0x8050, 0x8050, 0x8050, 0x8050, 0x8050, 0x8050, 0x8050, 0x8050,
        0x8050, 0x8050, 0x8050, 0x8050, 0x8050, 0x8050, 0x8050, 0x8050, 0x8050, 0x8050, 0x8050, 0x8050, 0x8050, 0x8050,
        0x8050, 0x8050, 0x8050, 0x8050, 0x8050, 0x8050, 0x8050, 0x8050, 0x8050, 0x8050, 0x8050, 0x8050, 0x8050, 0x8050,
        0x8050, 0x8050, 0x8050, 0x8050, 0x8050, 0x8050, 0x8050, 0x8050, 0x8050, 0x8050, 0x8050, 0x8050, 0x8050, 0x8050,
        0x8050, 0x8050, 0x8050, 0x8050, 0x8050, 0x8050, 0x8050, 0x8050, 0x8050, 0x8050, 0x8050, 0x8050, 0x8050, 0x8050,
        0x8050, 0x8050, 0x8050, 0x8050, 0x8050, 0x8050, 0x8050, 0x8050, 0x8050, 0x8050, 0x8050, 0x8050, 0x8050, 0x8050,
        0x8050, 0x8050, 0x8050, 0x8050, 0x8050, 0x8050, 0x8050, 0x8050, 0x8050, 0x8050, 0x8050, 0x8050, 0x8050, 0x8050,
        0x8050, 0x8050, 0x8050, 0x8050, 0x8050, 0x8050, 0x8050, 0x8050, 0x8050, 0x8050, 0x8050, 0x8050, 0x8050, 0x8050,
        0x8050, 0x8050, 0x8050, 0x8050, 0x8050, 0x8050, 0x8050, 0x8050, 0x8050, 0x8050, 0x8050, 0x8050, 0x8050, 0x8050,
        0x8050, 0x8050, 0x8050, 0x8050, 0x8050, 0x8050, 0x8050, 0x8050, 0x8050, 0x8050, 0x8050, 0x8050, 0x8050, 0x8050,
        0x8050, 0x8050, 0x8050, 0x8050, 0x8050, 0x8050, 0x8050, 0x8050, 0x8050, 0x8050, 0x8050, 0x8050, 0x8050, 0x8050,
        0x8050, 0x8050, 0x8050, 0x8050, 0x8050, 0x8050, 0x8050, 0x8050, 0x8050, 0x8050, 0x8050, 0x8050, 0x8050, 0x8050,
        0x8050, 0x8050, 0x8050, 0x8050, 0x8050, 0x8050, 0x8050, 0x8050, 0x8050, 0x8050, 0x8050, 0x8050, 0x8050, 0x8050,
        0x8050, 0x8050, 0x8050, 0x8050, 0x8050, 0x8050, 0x8050, 0x8050, 0x8050, 0x8050, 0x8050, 0x8050, 0x8050, 0x8050,
        0x8050, 0x8050, 0x8050, 0x8050, 0x8050, 0x8050, 0x8050, 0x8050, 0x8050, 0x8050, 0x8050, 0x8050, 0x8050, 0x8050,
        0x8050, 0x8050, 0x8050, 0x8050, 0x8050, 0x8050, 0x8050, 0x8050, 0x8050, 0x8050, 0x8050, 0x8050, 0x8050, 0x8050,
        0x8050, 0x8050, 0x8050, 0x8050, 0x8050, 0x8050, 0x8050, 0x8050, 0x8050, 0x8050, 0x8050, 0x8050, 0x8050, 0x8050,
        0x8050, 0x8050, 0x8050, 0x8050, 0x8050, 0x8050, 0x8050, 0x8050, 0x8050, 0x8050, 0x8050, 0x8050, 0x8050, 0x8050,
        0x8050, 0x8050, 0x8050, 0x8050, 0x8050, 0x8050, 0x8050, 0x8050, 0x8050, 0x8050, 0x8050, 0x8050, 0x8050, 0x8050,
        0x8050, 0x8050, 0x8050, 0x8050, 0x8050, 0x8050, 0x8050, 0x8050, 0x8050, 0x8050, 0x8050, 0x8050, 0x8050, 0x8050,
        0x8050, 0x8050, 0x8050, 0x8050, 0x8050, 0x8050, 0x8050, 0x8050, 0x8050, 0x8050, 0x8050, 0x8050, 0x8050, 0x8050,
        0x8050, 0x8050, 0x8050, 0x8050, 0x8050, 0x8050, 0x8050, 0x8050, 0x8050, 0x8050, 0x8050, 0x8050, 0x8050, 0x8050,
        0x8050, 0x8050, 0x8050, 0x8050, 0x8050, 0x8050, 0x8050, 0x8050, 0x8050, 0x8050, 0x8050, 0x8050, 0x8050, 0x8050,
        0x8050, 0x8050, 0x8050, 0x8050, 0x8050, 0x8050, 0x8050, 0x8050, 0x8050, 0x8050, 0x8050, 0x8050, 0x8050, 0x8050,
        0x8050, 0x8050, 0x8050, 0x8050, 0x8050, 0x8050, 0x8050, 0x8050, 0x8050, 0x8050, 0x8050, 0x8050, 0x8050, 0x8050,
        0x8050, 0x8050, 0x8050, 0x8050, 0x8050, 0x8050, 0x8050, 0x8050, 0x8050, 0x8050, 0x8050, 0x8050, 0x8050, 0x8050,
        0x8050, 0x8050, 0x8050, 0x8050, 0x8050, 0x8050, 0x8050, 0x8050, 0x8050, 0x8050, 0x8050, 0x8050, 0x8050, 0x8050,
        0x8050, 0x8050, 0x8050, 0x8050, 0x8050, 0x8050, 0x8050, 0x8050, 0x8050, 0x8050, 0x8050, 0x8050, 0x8050, 0x8050,
        0x8050, 0x8050, 0x8050, 0x8050, 0x8050, 0x8050, 0x8050, 0x8050, 0x8050, 0x8050, 0x8050, 0x8050, 0x8050, 0x8050,
        0x8050, 0x8050, 0x8050, 0x8050, 0x8050, 0x8050, 0x8050, 0x8050, 0x8050, 0x8050, 0x8050, 0x8050, 0x8050, 0x8050,
        0x8050, 0x8050, 0x8050, 0x8050, 0x8050, 0x8050, 0x8050, 0x8050, 0x8050, 0x8050, 0x8050, 0x8050, 0x8050, 0x8050,
        0x8050, 0x8050, 0x8050, 0x8050, 0x8050, 0x8050, 0x8050, 0x8050, 0x8050, 0x8050, 0x8050, 0x8050, 0x8050, 0x8050,
        0x8050, 0x8050, 0x8050, 0x8050, 0x8050, 0x8050, 0x8050, 0x8050, 0x8050, 0x8050, 0x8050, 0x8050, 0x8050, 0x8050,
        0x8050, 0x8050, 0x8050, 0x8050, 0x8050, 0x8050, 0x8050, 0x8050, 0x8050, 0x8050, 0x8050, 0x8050, 0x8050, 0x8050,
        0x8050, 0x8050, 0x8050, 0x8050, 0x8050, 0x8050, 0x8050, 0x8050, 0x8050, 0x8050, 0x8050, 0x8050, 0x8050, 0x8050,
        0x8050, 0x8050, 0x8050, 0x8050, 0x8050, 0x8050, 0x8050, 0x8050, 0x8050, 0x8050, 0x8050, 0x8050, 0x8050, 0x8050,
        0x8050, 0x8050, 0x8050, 0x8050, 0x8050, 0x8050, 0x8050, 0x8050, 0x8050, 0x8050, 0x8050, 0x8050, 0x8050, 0x8050,
        0x8050, 0x8050, 0x8050, 0x8050, 0x8050, 0x8050, 0x8050, 0x8050, 0x8050, 0x8050, 0x8050, 0x8050, 0x8050, 0x8050,
        0x8050, 0x8050, 0x8050, 0x8050, 0x8050, 0x8050, 0x8050, 0x8050, 0x8050, 0x8050, 0x8050, 0x8050, 0x8050, 0x8050,
        0x8050, 0x8050, 0x8050, 0x8050, 0x8050, 0x8050, 0x8050, 0x8050, 0x8050, 0x8050, 0x8050, 0x8050, 0x8050, 0x8050,
        0x8050, 0x8050, 0x8050, 0x8050, 0x8050, 0x8050, 0x8050, 0x8050, 0x8050, 0x8050, 0x8050, 0x8050, 0x8050, 0x8050,
        0x8050, 0x8050, 0x8050, 0x8050, 0x8050, 0x8050, 0x8050, 0x8050, 0x8050, 0x8050, 0x8050, 0x8050, 0x8050, 0x8050,
        0x8050, 0x8050, 0x8050, 0x8050, 0x8050, 0x8050, 0x8050, 0x8050, 0x8050, 0x8050, 0x8050, 0x8050, 0x8050, 0x8050,
        0x8050, 0x8050, 0x8050, 0x8050, 0x8050, 0x8050, 0x8050, 0x8050, 0x8050, 0x8050, 0x8050, 0x8050, 0x8050, 0x8050,
        0x8050, 0x8050, 0x8050, 0x8050, 0x8050, 0x8050, 0x8050, 0x8050, 0x8050, 0x8050, 0x8050, 0x8050, 0x8050, 0x8050,
        0x8050, 0x8050, 0x8050, 0x8050, 0x8050, 0x8050, 0x8050, 0x8050, 0x8050, 0x8050, 0x8050, 0x8050, 0x8050, 0x8050,
        0x8050, 0x8050, 0x8050, 0x8050, 0x8050, 0x8050, 0x8050, 0x8050, 0x8050, 0x8050, 0x8050, 0x8050, 0x8050, 0x8050,
        0x8050, 0x8050, 0x8050, 0x8050, 0x8050, 0x8050, 0x8050, 0x8050, 0x8050, 0x8050, 0x8050, 0x8050, 0x8050, 0x8050,
        0x8050, 0x8050, 0x8050, 0x8050, 0x8050, 0x8050, 0x8050, 0x8050, 0x8050, 0x8050, 0x8050, 0x8050, 0x8050, 0x8050,
        0x8050, 0x8050, 0x8050, 0x8050, 0x8050, 0x8050, 0x8050, 0x8050, 0x8050, 0x8050, 0x8050, 0x8050, 0x8050, 0x8050,
        0x8050, 0x8050, 0x8050, 0x8050, 0x8050, 0x8050, 0x8050, 0x8050, 0x8050, 0x8050, 0x8050, 0x8050, 0x8050, 0x8050,
        0x8050, 0x8050, 0x8050, 0x8050, 0x8050, 0x8050, 0x8050, 0x8050, 0x8050, 0x8050, 0x8050, 0x8050, 0x8050, 0x8050,
        0x8050, 0x8050, 0x8050, 0x8050, 0x8050, 0x8050, 0x8050, 0x8050, 0x8050, 0x8050, 0x8050, 0x8050, 0x8050, 0x8050,
        0x8050, 0x8050, 0x8050, 0x8050, 0x8050, 0x8050, 0x8050, 0x8050, 0x8050, 0x8050, 0x8050, 0x8050, 0x8050, 0x8050,
        0x8050, 0x8050, 0x8050, 0x8050, 0x8050, 0x8050, 0x8050, 0x8050, 0x8050, 0x8050, 0x8050, 0x8050, 0x8050, 0x8050,
        0x8050, 0x8050, 0x8050, 0x8050, 0x8050, 0x8050, 0x8050, 0x8050, 0x8050, 0x8050, 0x8050, 0x8050, 0x8050, 0x8050,
        0x8050, 0x8050, 0x8050, 0x8050, 0x8050, 0x8050, 0x8050, 0x8050, 0x8050, 0x8050, 0x8050, 0x8050, 0x8050, 0x8050,
        0x8050, 0x8050, 0x8050, 0x8050, 0x8050, 0x8050, 0x8050, 0x8050, 0x8050, 0x8050, 0x8050, 0x8050, 0x8050, 0x8050,
        0x8050, 0x8050, 0x8050, 0x8050, 0x8050, 0x8050, 0x8050, 0x8050, 0x8050, 0x8050, 0x8050, 0x8050, 0x8050, 0x8050,
        0x8050, 0x8050, 0x8050, 0x8050, 0x8050, 0x8050, 0x8050, 0x8050, 0x8050, 0x8050, 0x8050, 0x8050, 0x8050, 0x8050,
        0x8050, 0x8050, 0x8050, 0x8050, 0x8050, 0x8050, 0x8050, 0x8050, 0x8050, 0x8050, 0x8050, 0x8050, 0x8050, 0x8050,
        0x8050, 0x8050, 0x8050, 0x8050, 0x8050, 0x8050, 0x8050, 0x8050, 0x8050, 0x8050, 0x8050, 0x8050, 0x8050, 0x8050,
        0x8050, 0x8050, 0x8050, 0x8050, 0x8050, 0x8050
    ];

    internal static ReadOnlySpan<ulong> BoolPacks =>
    [
        0xFFFFFFFFFFFFFFFF, 0x001F87FFFFFF00FF, 0xFFFFFFFFEFFFFFC0, 0xFFFFFFFFDFFFFFFF, 0xFFFFFFFFFFFF3FFF,
        0xFFFFFFFFFFFFE7FF, 0x0003FFFFFFFFFFFF, 0xE7FFFFFFFFFFFFFF, 0x7FFF3FFFFFFFFFFF, 0xFFFF07FF4FFFFFFF,
        0xFFFFFFFFFF007FFF, 0xFFFFFFFBFFFFFFFF, 0xF3C5FDFFFFF99FEF, 0xF3EDFDFFFFFBBFEE, 0xFE03FFCF00013BBF,
        0xF3EDFDFFFFF99FEE, 0xC3FFC718D63DC7EC, 0x07FFFFC000813DC7, 0xF3FFFDFFFFFDDFFF, 0xFF80FFCF27603DDF,
        0xF3EFFDFFFFFDDFFF, 0x000EFFCF60603DDF, 0xFFFFFFFFFFFDDFFF, 0xFFFFFFCFFFF0FDDF, 0x2FFBFFFFFC7FFFEE,
        0x001CFFC0FF5F847F, 0x000000000FFFFFFF, 0x0000000007FFDFFF, 0x00000000FFFFFFFF, 0xFFFFFFFE7FFFFFFF,
        0xFFFFFFFF3D7F3DFF, 0x7F3DFFFFFFFF3DFF, 0xFFFFFFFFFF7FFF3D, 0xFFFFFFFFFF3DFFFF, 0x1FFFFFFFE7FFFFFF,
        0xFFFFFFFF03FFFFFF, 0xFFFFFFFF1FFFFFFE, 0x01FFFFFFFFFFFFFF, 0x007FFFFF803FFFFF, 0x000DDFFF000FFFFF,
        0xFFCFFFFFFFFFFFFF, 0x03FF03FF3FFFFFFF, 0xFFFF07FFFFFFFFFF, 0x003FFFFFFFFFFFFF, 0x0FFF0FFF7FFFFFFF,
        0x001F3FFFFFFFFFF1, 0xFFFF0FFFFFFFFFFF, 0xFFFFFFFFC7FF03FF, 0xFFFFFFFFCFFFFFFF, 0x9FFFFFFF7FFFFFFF,
        0xFFFF3FFF03FF03FF, 0x0000000000007FFF, 0x7FFFFFFFFFFF1FFF, 0xF00FFFFFFFFFFFFF, 0xF8FFFFFFFFFFFFFF,
        0xFFFFFFFFFFFFE3FF, 0x07FFFFFFFFFF00FF, 0x0001FFFFFFFF0001, 0x0000007FFFFFFFFF, 0xFFFFFFFFFFBFFFFF,
        0xFFFF20BFFFFFFFFF, 0x7F7F7F7F007FFFFF, 0xFFFFFFFF7F7F7F7F, 0x000000003FFFFFFF, 0xFFFFFFFFFFFFFFFE,
        0xFFFF000FFFFFFFFF, 0xFFFFFFFFFFFF1FFF, 0xFFFFFFFFFFFF007F, 0x00000FFFFFFFFFFF, 0x00FFFFFFFFFFFFFF,
        0x03FF1FFFFFFFFFFF, 0xFFFFFFFF03FFC03F, 0x1FFFFFFF800FFFFF, 0x7FFFFFFFC3FFBFFF, 0x007FFFFFFFFFFFFF,
        0xFFFFFFFFF3FF3FFF, 0x007FFFFFF8000007, 0xFFFF7F7F007E7E7E, 0x03FF3FFFFFFFFFFF, 0x0FFFFFFFFFFFF87F,
        0x0000000000000000, 0xB7FFFF7FFFFFEFFF, 0x000000003FFF3FFF, 0x07FFFFFFFFFFFFFF, 0xFF8FFFFFFFFFFF87,
        0x000000011FFF7FFF, 0x3FFFFFFFFFFF0000, 0xFFFFFFFF1FFFFFFF, 0x0FFFFFFF0001FFFF, 0xFFFFE00FFFFFFFFF,
        0x07FFFFFFFFFF07FF, 0xFFFFFFFFBFFFFFFF, 0x00000000003FFF0F, 0xFFFF00FFFFFFFFFF, 0x000000FF003FFFFF,
        0x91BFFFFFFFFFFD3F, 0x0000FF807FFFFFFF, 0xF837FFFF00000000, 0x83FFFFFF8FFFFFFF, 0xF0FFFFFFFFFFFFFF,
        0xFFFFFFFFFFFCFFFF, 0x873FFFFFFEEFF06F, 0xFFFFFFFF01FF01FF, 0x007FF87FFFFFFFFF, 0xFE3FFFFFFFFFFFFF,
        0xFF07FFFFFF3FFFFF, 0x0000FE001E03FFFF, 0x00000000000001FF, 0xFC07FFFFFFFFFFFF, 0x03FF00FFFFFFFFFF,
        0x7FFFFFFF00000000, 0x00033BFFFFFFFFFF, 0xE000000000000000, 0xFFFF000003FFFFFF, 0xFFFF0000000003FF,
        0x007FFFFF00000FFF, 0x803FFFFFFFFC3FFF, 0xDFFFFFFFFFFFFFFF, 0x03FF01FFFFFF0007, 0xFFDFFFFFFFFFFFFF,
        0x007FFFFFFFFF00FF, 0x001FFFFEFFFFFFFF, 0xFFFFFFFFFFFBFFFF, 0x0000000000000003, 0xFFFF03FFBFFFBD7F,
        0x03FF07FFFFFFFFFF, 0xFBEDFDFFFFF99FEF, 0x001F1FCFE081399F, 0x00000003EFFFFFFF, 0x0000000003FF00FF,
        0xFF3FFFFFFFFFFFFF, 0x00001FFF03FF001F, 0x03FFFFFFFFFFFFFF, 0x00000000000003FF, 0xFFFF0FFFE7FFFFFF,
        0x000000000000007F, 0x0FFFFFFFFFFFFFFF, 0x8007FFFFFFFFFFFF, 0xF9BFFFFFFF6FF27F, 0x0000000003FF007F,
        0xFFFFFCFF00000000, 0x0000001FFCFFFFFF, 0xFFFFFFFFFFFF00FF, 0xFFFF0007FFFFFFFF, 0xFF7FFFFFFFFFFDFF,
        0xFFFF1FFFFFFF003F, 0x007FFEFFFFFCFFFF, 0xB47FFFFFFFFFFB7F, 0xFFFFFDBF03FF00FF, 0x000003FF01FB7FFF,
        0x01FFFFFF00000000, 0xC7FFFFFFFFFDFFFF, 0x0000000003FFFFFF, 0x0001000000000000, 0x8003FFFFFFFFFFFF,
        0x001F7FFFFFFFFFFF, 0x000000000000000F, 0xFFFFFFFFFFFF0000, 0x0007FFFFFFFFFFFF, 0x0000FFFFFFFFFFFF,
        0x00000000003FFFFF, 0xFFFFC3FF7FFFFFFF, 0x7FFFFFFFFFFFFFFF, 0x003F3FFFFFFF03FF, 0xE0FFFFFBFBFF003F,
        0x000000000000FFFF, 0x0000000007FFFFFF, 0xFFFFFFFFFFFF87FF, 0x00000000FFFF80FF, 0x0003001F00000000,
        0x6FEF000000000000, 0x00040007FFFFFFFF, 0xFFFF00F000270000, 0x1FFF07FFFFFFFFFF, 0xFFFF3FFFFFFFFFFF,
        0xFFFFFE7FFFFFFFFF, 0x000000000000003F, 0x000FFFFF000FFFFF, 0x01FFFFFF007FFFFF, 0x0000FFFEF8000FFF,
        0x000007E07FFFFFFF, 0x0000000000008000, 0x3FFF1FFFFFFFFFFF, 0x000000000000C3FF, 0x00007FFFFFFF0000,
        0x83FFFFFFFFFFFFFF, 0x03FFFFFFFFFF0000, 0x7FFF6F7F00000000, 0x00000000007FFF9F, 0x00000000C3FF0FFF,
        0xFFFE000000000000, 0x001FFFFFFFFFFFFF, 0x3FFFFFFFFFFFFFFE, 0x0003000000000000, 0xFFFE7FFF000FFFFF,
        0x003FFFFFFFFEFFFE, 0xFFFFFFC000000000, 0x1FFF1FFFF0FFFFFF, 0xF87FFFFFFFFFFFFF, 0x00010FFF03FFFFFF,
        0xFFFFFFFFFFFF0FFF, 0xFFFFFFFF03FF00FF, 0x00033FFFFFFF00FF, 0x1FFF3FFF000FFFFF, 0xBFFFFFFFFFFF01FF,
        0x01FF01FF0FFFC03F, 0xFFFFFFFFFFF7FFFF, 0xFFFFFFFF3FFFFFFF, 0xFFFF0003FFFFFFFF, 0xFFFF0001FFFFFFFF,
        0xFFFFFFFFFFFF07FF
    ];

    internal const uint RefBlockValid = 0x80000002;

    internal const uint RefBlockInvalid = 0x80000003;

    internal const uint RefBlockIgnored = 0x80000004;
    
    internal static ReadOnlySpan<uint> RefBlocks =>
    [
        0x80000002, 0x00010000, 0x00010001, 0x00010002, 0x00010003, 0x00010004, 0x00010005, 0x00010006, 0x00010007,
        0x00010008, 0x00010009, 0x0001000A, 0x0001000B, 0x0001000C, 0x0001000D, 0x0001000E, 0x0001000F, 0x00010010,
        0x00010011, 0x00010012, 0x00010013, 0x00010014, 0x00010015, 0x00010016, 0x00010017, 0x00010018, 0x00010019,
        0x80000002, 0x80000002, 0x80000002, 0x80000002, 0x80000002, 0x80000002, 0x80000002, 0x80000002, 0x80000002,
        0x80000002, 0x80000002, 0x80000002, 0x80000002, 0x80000002, 0x80000002, 0x80000002, 0x80000002, 0x80000002,
        0x80000002, 0x80000002, 0x80000002, 0x80000002, 0x80000002, 0x80000002, 0x80000002, 0x80000002, 0x80000002,
        0x80000002, 0x80000002, 0x80000002, 0x80000002, 0x80000002, 0x80000002, 0x80000002, 0x80000002, 0x80000002,
        0x80000002, 0x80000003, 0x80000003, 0x80000003, 0x80000003, 0x80000003, 0x80000003, 0x80000003, 0x80000003,
        0x80000003, 0x80000003, 0x80000003, 0x80000003, 0x80000003, 0x80000003, 0x80000003, 0x80000003, 0x80000003,
        0x80000003, 0x80000003, 0x80000003, 0x80000003, 0x80000003, 0x80000003, 0x80000003, 0x80000003, 0x80000003,
        0x80000003, 0x80000003, 0x80000003, 0x80000003, 0x80000003, 0x80000003, 0x0001001A, 0x80000002, 0x80000002,
        0x80000002, 0x80000002, 0x80000002, 0x80000002, 0x80000002, 0x0002001B, 0x80000002, 0x00010000, 0x80000002,
        0x80000002, 0x80000004, 0x80000002, 0x0002001D, 0x80000002, 0x80000002, 0x0001001F, 0x00010020, 0x00020021,
        0x00010023, 0x80000002, 0x80000002, 0x00020024, 0x00010026, 0x0001000E, 0x80000002, 0x00030027, 0x0003002A,
        0x0003002D, 0x80000002, 0x00010030, 0x00010031, 0x00010032, 0x00010033, 0x00010034, 0x00010035, 0x00010036,
        0x00010037, 0x00010038, 0x00010039, 0x0001003A, 0x0001003B, 0x0001003C, 0x0001003D, 0x0001003E, 0x0001003F,
        0x00010040, 0x00010041, 0x00010042, 0x00010043, 0x00010044, 0x00010045, 0x00010046, 0x80000002, 0x00010047,
        0x00010048, 0x00010049, 0x0001004A, 0x0001004B, 0x0001004C, 0x0001004D, 0x80000002, 0x80000002, 0x80000002,
        0x80000002, 0x80000002, 0x80000002, 0x80000002, 0x80000002, 0x80000002, 0x80000002, 0x80000002, 0x80000002,
        0x80000002, 0x80000002, 0x80000002, 0x80000002, 0x80000002, 0x80000002, 0x80000002, 0x80000002, 0x80000002,
        0x80000002, 0x80000002, 0x80000002, 0x80000002, 0x80000002, 0x80000002, 0x80000002, 0x80000002, 0x80000002,
        0x80000002, 0x80000002, 0x80000002, 0x0001004E, 0x80000002, 0x0001004F, 0x80000002, 0x00010050, 0x80000002,
        0x00010051, 0x80000002, 0x00010052, 0x80000002, 0x00010053, 0x80000002, 0x00010054, 0x80000002, 0x00010055,
        0x80000002, 0x00010056, 0x80000002, 0x00010057, 0x80000002, 0x00010058, 0x80000002, 0x00010059, 0x80000002,
        0x0001005A, 0x80000002, 0x0001005B, 0x80000002, 0x0001005C, 0x80000002, 0x0001005D, 0x80000002, 0x0001005E,
        0x80000002, 0x0001005F, 0x80000002, 0x00010060, 0x80000002, 0x00010061, 0x80000002, 0x00010062, 0x80000002,
        0x00010063, 0x80000002, 0x00010064, 0x80000002, 0x00010065, 0x80000002, 0x00020066, 0x80000002, 0x00020068,
        0x00020068, 0x0001006A, 0x80000002, 0x0001006B, 0x80000002, 0x80000002, 0x0001006C, 0x80000002, 0x0001006D,
        0x80000002, 0x0001006E, 0x80000002, 0x0002006F, 0x0002006F, 0x00010071, 0x80000002, 0x00010072, 0x80000002,
        0x00010073, 0x80000002, 0x00010074, 0x80000002, 0x00020075, 0x00010077, 0x80000002, 0x00010078, 0x80000002,
        0x00010079, 0x80000002, 0x0001007A, 0x80000002, 0x0001007B, 0x80000002, 0x0001007C, 0x80000002, 0x0001007D,
        0x80000002, 0x0001007E, 0x80000002, 0x0001007F, 0x80000002, 0x00010080, 0x80000002, 0x00010081, 0x80000002,
        0x00010082, 0x80000002, 0x00010083, 0x80000002, 0x00010084, 0x80000002, 0x00010085, 0x80000002, 0x00010086,
        0x80000002, 0x00010087, 0x80000002, 0x00010088, 0x80000002, 0x00010089, 0x80000002, 0x0001008A, 0x80000002,
        0x0001008B, 0x80000002, 0x0001008C, 0x80000002, 0x0001008D, 0x80000002, 0x0001008E, 0x0001008F, 0x80000002,
        0x00010090, 0x80000002, 0x00010091, 0x80000002, 0x00010012, 0x80000002, 0x00010092, 0x00010093, 0x80000002,
        0x00010094, 0x80000002, 0x00010095, 0x00010096, 0x80000002, 0x00010097, 0x00010098, 0x00010099, 0x80000002,
        0x80000002, 0x0001009A, 0x0001009B, 0x0001009C, 0x0001009D, 0x80000002, 0x0001009E, 0x0001009F, 0x80000002,
        0x000100A0, 0x000100A1, 0x000100A2, 0x80000002, 0x80000002, 0x80000002, 0x000100A3, 0x000100A4, 0x80000002,
        0x000100A5, 0x000100A6, 0x80000002, 0x000100A7, 0x80000002, 0x000100A8, 0x80000002, 0x000100A9, 0x000100AA,
        0x80000002, 0x000100AB, 0x80000002, 0x80000002, 0x000100AC, 0x80000002, 0x000100AD, 0x000100AE, 0x80000002,
        0x000100AF, 0x000100B0, 0x000100B1, 0x80000002, 0x000100B2, 0x80000002, 0x000100B3, 0x000100B4, 0x80000002,
        0x80000002, 0x80000002, 0x000100B5, 0x80000002, 0x80000002, 0x80000002, 0x80000002, 0x80000002, 0x80000002,
        0x80000002, 0x000200B6, 0x000200B6, 0x000200B6, 0x000200B8, 0x000200B8, 0x000200B8, 0x000200BA, 0x000200BA,
        0x000200BA, 0x000100BC, 0x80000002, 0x000100BD, 0x80000002, 0x000100BE, 0x80000002, 0x000100BF, 0x80000002,
        0x000100C0, 0x80000002, 0x000100C1, 0x80000002, 0x000100C2, 0x80000002, 0x000100C3, 0x80000002, 0x80000002,
        0x000100C4, 0x80000002, 0x000100C5, 0x80000002, 0x000100C6, 0x80000002, 0x000100C7, 0x80000002, 0x000100C8,
        0x80000002, 0x000100C9, 0x80000002, 0x000100CA, 0x80000002, 0x000100CB, 0x80000002, 0x000100CC, 0x80000002,
        0x80000002, 0x000200CD, 0x000200CD, 0x000200CD, 0x000100CF, 0x80000002, 0x000100D0, 0x000100D1, 0x000100D2,
        0x80000002, 0x000100D3, 0x80000002, 0x000100D4, 0x80000002, 0x000100D5, 0x80000002, 0x000100D6, 0x80000002,
        0x000100D7, 0x80000002, 0x000100D8, 0x80000002, 0x000100D9, 0x80000002, 0x000100DA, 0x80000002, 0x000100DB,
        0x80000002, 0x000100DC, 0x80000002, 0x000100DD, 0x80000002, 0x000100DE, 0x80000002, 0x000100DF, 0x80000002,
        0x000100E0, 0x80000002, 0x000100E1, 0x80000002, 0x000100E2, 0x80000002, 0x000100E3, 0x80000002, 0x000100E4,
        0x80000002, 0x000100E5, 0x80000002, 0x000100E6, 0x80000002, 0x000100E7, 0x80000002, 0x000100E8, 0x80000002,
        0x000100E9, 0x80000002, 0x000100EA, 0x80000002, 0x000100EB, 0x80000002, 0x000100EC, 0x80000002, 0x000100ED,
        0x80000002, 0x000100EE, 0x80000002, 0x000100EF, 0x80000002, 0x80000002, 0x80000002, 0x80000002, 0x80000002,
        0x80000002, 0x80000002, 0x000100F0, 0x000100F1, 0x80000002, 0x000100F2, 0x000100F3, 0x80000002, 0x80000002,
        0x000100F4, 0x80000002, 0x000100F5, 0x000100F6, 0x000100F7, 0x000100F8, 0x80000002, 0x000100F9, 0x80000002,
        0x000100FA, 0x80000002, 0x000100FB, 0x80000002, 0x000100FC, 0x80000002, 0x80000002, 0x80000002, 0x80000002,
        0x80000002, 0x80000002, 0x80000002, 0x80000002, 0x80000002, 0x80000002, 0x80000002, 0x80000002, 0x80000002,
        0x80000002, 0x80000002, 0x80000002, 0x80000002, 0x80000002, 0x80000002, 0x80000002, 0x80000002, 0x80000002,
        0x80000002, 0x80000002, 0x80000002, 0x80000002, 0x80000002, 0x80000002, 0x80000002, 0x80000002, 0x80000002,
        0x80000002, 0x80000002, 0x80000002, 0x80000002, 0x80000002, 0x80000002, 0x80000002, 0x80000002, 0x80000002,
        0x80000002, 0x80000002, 0x80000002, 0x80000002, 0x80000002, 0x80000002, 0x80000002, 0x80000002, 0x80000002,
        0x80000002, 0x80000002, 0x80000002, 0x80000002, 0x80000002, 0x80000002, 0x80000002, 0x80000002, 0x80000002,
        0x80000002, 0x80000002, 0x80000002, 0x80000002, 0x80000002, 0x80000002, 0x80000002, 0x80000002, 0x80000002,
        0x80000002, 0x80000002, 0x80000002, 0x80000002, 0x80000002, 0x80000002, 0x80000002, 0x80000002, 0x80000002,
        0x80000002, 0x80000002, 0x80000002, 0x80000002, 0x80000002, 0x80000002, 0x80000002, 0x80000002, 0x80000002,
        0x80000002, 0x80000002, 0x80000002, 0x80000002, 0x80000002, 0x80000002, 0x80000002, 0x80000002, 0x80000002,
        0x80000002, 0x80000002, 0x80000002, 0x00010007, 0x000100FD, 0x00010009, 0x00010011, 0x000100FE, 0x000100FF,
        0x00010100, 0x00010016, 0x00010018, 0x80000002, 0x80000002, 0x80000002, 0x80000002, 0x80000002, 0x80000002,
        0x80000002, 0x80000002, 0x80000002, 0x80000002, 0x80000002, 0x80000002, 0x80000002, 0x80000002, 0x80000002,
        0x80000002, 0x80000002, 0x80000002, 0x80000002, 0x80000002, 0x80000002, 0x80000002, 0x80000002, 0x80000002,
        0x80000002, 0x80000002, 0x80000002, 0x80000002, 0x80000002, 0x80000002, 0x80000002, 0x00020101, 0x00020103,
        0x00020105, 0x00020107, 0x00020109, 0x0002010B, 0x80000002, 0x80000002, 0x0001009F, 0x0001000B, 0x00010012,
        0x00010017, 0x0001010D, 0x80000002, 0x80000002, 0x80000002, 0x80000002, 0x80000002, 0x80000002, 0x80000002,
        0x80000002, 0x80000002, 0x80000002, 0x80000002, 0x80000002, 0x80000002, 0x80000002, 0x80000002, 0x80000002,
        0x80000002, 0x80000002, 0x80000002, 0x80000002, 0x80000002, 0x80000002, 0x80000002, 0x80000002, 0x80000002,
        0x80000002, 0x80000002, 0x0001010E, 0x0001010F, 0x80000002, 0x00010110, 0x00020111, 0x00010113, 0x80000002,
        0x80000002, 0x80000002, 0x80000002, 0x80000002, 0x80000002, 0x80000002, 0x80000002, 0x80000002, 0x80000004,
        0x80000002, 0x80000002, 0x80000002, 0x80000002, 0x80000002, 0x80000002, 0x80000002, 0x80000002, 0x80000002,
        0x80000002, 0x80000002, 0x80000002, 0x80000002, 0x80000002, 0x80000002, 0x80000002, 0x80000002, 0x80000002,
        0x80000002, 0x80000002, 0x80000002, 0x80000002, 0x80000002, 0x80000002, 0x80000002, 0x80000002, 0x80000002,
        0x80000002, 0x80000002, 0x80000002, 0x80000002, 0x80000002, 0x00010114, 0x80000002, 0x00010115, 0x80000002,
        0x00010116, 0x80000002, 0x00010117, 0x80000002, 0x80000003, 0x80000003, 0x00020118, 0x80000002, 0x80000002,
        0x80000002, 0x0001011A, 0x0001011B, 0x80000003, 0x80000003, 0x80000003, 0x80000003, 0x00020021, 0x0003011C,
        0x0001011F, 0x00010120, 0x00010121, 0x00010122, 0x00010123, 0x80000003, 0x00010124, 0x80000003, 0x00010125,
        0x00010126, 0x80000002, 0x00010127, 0x00010128, 0x00010129, 0x0001012A, 0x0001012B, 0x0001012C, 0x0001012D,
        0x0001012E, 0x00010113, 0x0001012F, 0x00010130, 0x00010023, 0x00010131, 0x00010132, 0x00010133, 0x00010134,
        0x00010135, 0x80000003, 0x00010136, 0x00010137, 0x00010138, 0x00010139, 0x0001013A, 0x0001013B, 0x0001013C,
        0x0001013D, 0x0001013E, 0x80000002, 0x80000002, 0x80000002, 0x80000002, 0x80000002, 0x80000002, 0x80000002,
        0x80000002, 0x80000002, 0x80000002, 0x80000002, 0x80000002, 0x80000002, 0x80000002, 0x80000002, 0x80000002,
        0x80000002, 0x80000002, 0x80000002, 0x80000002, 0x80000002, 0x80000002, 0x80000002, 0x80000002, 0x80000002,
        0x80000002, 0x80000002, 0x80000002, 0x80000002, 0x80000002, 0x80000002, 0x80000002, 0x80000002, 0x80000002,
        0x80000002, 0x0001013F, 0x00010128, 0x0001012E, 0x00010138, 0x00010125, 0x0001013E, 0x00010139, 0x00010134,
        0x80000002, 0x00010140, 0x80000002, 0x00010141, 0x80000002, 0x00010142, 0x80000002, 0x00010143, 0x80000002,
        0x00010144, 0x80000002, 0x00010145, 0x80000002, 0x00010146, 0x80000002, 0x00010147, 0x80000002, 0x00010148,
        0x80000002, 0x00010149, 0x80000002, 0x0001014A, 0x80000002, 0x0001014B, 0x80000002, 0x0001012F, 0x00010135,
        0x00010136, 0x80000002, 0x0001012E, 0x0001012B, 0x80000002, 0x0001014C, 0x80000002, 0x00010136, 0x0001014D,
        0x80000002, 0x80000002, 0x0001014E, 0x0001014F, 0x00010150, 0x00010151, 0x00010152, 0x00010153, 0x00010154,
        0x00010155, 0x00010156, 0x00010157, 0x00010158, 0x00010159, 0x0001015A, 0x0001015B, 0x0001015C, 0x0001015D,
        0x0001015E, 0x0001015F, 0x00010160, 0x00010161, 0x00010162, 0x00010163, 0x00010164, 0x00010165, 0x00010166,
        0x00010167, 0x00010168, 0x00010169, 0x0001016A, 0x0001016B, 0x0001016C, 0x0001016D, 0x0001016E, 0x0001016F,
        0x00010170, 0x00010171, 0x00010172, 0x00010173, 0x00010174, 0x00010175, 0x00010176, 0x00010177, 0x00010178,
        0x00010179, 0x0001017A, 0x0001017B, 0x0001017C, 0x0001017D, 0x0001017E, 0x0001017F, 0x00010180, 0x80000002,
        0x80000002, 0x80000002, 0x80000002, 0x80000002, 0x80000002, 0x80000002, 0x80000002, 0x80000002, 0x80000002,
        0x80000002, 0x80000002, 0x80000002, 0x80000002, 0x80000002, 0x80000002, 0x80000002, 0x80000002, 0x80000002,
        0x80000002, 0x80000002, 0x80000002, 0x80000002, 0x80000002, 0x80000002, 0x80000002, 0x80000002, 0x80000002,
        0x80000002, 0x80000002, 0x80000002, 0x80000002, 0x80000002, 0x80000002, 0x80000002, 0x80000002, 0x80000002,
        0x80000002, 0x80000002, 0x80000002, 0x80000002, 0x80000002, 0x80000002, 0x80000002, 0x80000002, 0x80000002,
        0x80000002, 0x80000002, 0x00010181, 0x80000002, 0x00010182, 0x80000002, 0x00010183, 0x80000002, 0x00010184,
        0x80000002, 0x00010185, 0x80000002, 0x00010186, 0x80000002, 0x00010187, 0x80000002, 0x00010188, 0x80000002,
        0x00010189, 0x80000002, 0x0001018A, 0x80000002, 0x0001018B, 0x80000002, 0x0001018C, 0x80000002, 0x0001018D,
        0x80000002, 0x0001018E, 0x80000002, 0x0001018F, 0x80000002, 0x00010190, 0x80000002, 0x00010191, 0x80000002,
        0x80000002, 0x80000002, 0x80000002, 0x80000002, 0x80000002, 0x80000002, 0x80000002, 0x80000002, 0x00010192,
        0x80000002, 0x00010193, 0x80000002, 0x00010194, 0x80000002, 0x00010195, 0x80000002, 0x00010196, 0x80000002,
        0x00010197, 0x80000002, 0x00010198, 0x80000002, 0x00010199, 0x80000002, 0x0001019A, 0x80000002, 0x0001019B,
        0x80000002, 0x0001019C, 0x80000002, 0x0001019D, 0x80000002, 0x0001019E, 0x80000002, 0x0001019F, 0x80000002,
        0x000101A0, 0x80000002, 0x000101A1, 0x80000002, 0x000101A2, 0x80000002, 0x000101A3, 0x80000002, 0x000101A4,
        0x80000002, 0x000101A5, 0x80000002, 0x000101A6, 0x80000002, 0x000101A7, 0x80000002, 0x000101A8, 0x80000002,
        0x000101A9, 0x80000002, 0x000101AA, 0x80000002, 0x000101AB, 0x80000002, 0x000101AC, 0x80000002, 0x80000003,
        0x000101AD, 0x80000002, 0x000101AE, 0x80000002, 0x000101AF, 0x80000002, 0x000101B0, 0x80000002, 0x000101B1,
        0x80000002, 0x000101B2, 0x80000002, 0x000101B3, 0x80000002, 0x80000002, 0x000101B4, 0x80000002, 0x000101B5,
        0x80000002, 0x000101B6, 0x80000002, 0x000101B7, 0x80000002, 0x000101B8, 0x80000002, 0x000101B9, 0x80000002,
        0x000101BA, 0x80000002, 0x000101BB, 0x80000002, 0x000101BC, 0x80000002, 0x000101BD, 0x80000002, 0x000101BE,
        0x80000002, 0x000101BF, 0x80000002, 0x000101C0, 0x80000002, 0x000101C1, 0x80000002, 0x000101C2, 0x80000002,
        0x000101C3, 0x80000002, 0x000101C4, 0x80000002, 0x000101C5, 0x80000002, 0x000101C6, 0x80000002, 0x000101C7,
        0x80000002, 0x000101C8, 0x80000002, 0x000101C9, 0x80000002, 0x000101CA, 0x80000002, 0x000101CB, 0x80000002,
        0x000101CC, 0x80000002, 0x000101CD, 0x80000002, 0x000101CE, 0x80000002, 0x000101CF, 0x80000002, 0x000101D0,
        0x80000002, 0x000101D1, 0x80000002, 0x000101D2, 0x80000002, 0x000101D3, 0x80000002, 0x000101D4, 0x80000002,
        0x000101D5, 0x80000002, 0x000101D6, 0x80000002, 0x000101D7, 0x80000002, 0x000101D8, 0x80000002, 0x000101D9,
        0x80000002, 0x000101DA, 0x80000002, 0x000101DB, 0x80000002, 0x000101DC, 0x80000002, 0x000101DD, 0x80000002,
        0x000101DE, 0x80000002, 0x000101DF, 0x80000002, 0x000101E0, 0x80000002, 0x000101E1, 0x80000002, 0x000101E2,
        0x80000002, 0x000101E3, 0x80000002, 0x80000003, 0x000101E4, 0x000101E5, 0x000101E6, 0x000101E7, 0x000101E8,
        0x000101E9, 0x000101EA, 0x000101EB, 0x000101EC, 0x000101ED, 0x000101EE, 0x000101EF, 0x000101F0, 0x000101F1,
        0x000101F2, 0x000101F3, 0x000101F4, 0x000101F5, 0x000101F6, 0x000101F7, 0x000101F8, 0x000101F9, 0x000101FA,
        0x000101FB, 0x000101FC, 0x000101FD, 0x000101FE, 0x000101FF, 0x00010200, 0x00010201, 0x00010202, 0x00010203,
        0x00010204, 0x00010205, 0x00010206, 0x00010207, 0x00010208, 0x00010209, 0x80000003, 0x80000003, 0x80000002,
        0x80000002, 0x80000002, 0x80000002, 0x80000002, 0x80000002, 0x80000002, 0x80000002, 0x80000002, 0x80000002,
        0x80000002, 0x80000002, 0x80000002, 0x80000002, 0x80000002, 0x80000002, 0x80000002, 0x80000002, 0x80000002,
        0x80000002, 0x80000002, 0x80000002, 0x80000002, 0x80000002, 0x80000002, 0x80000002, 0x80000002, 0x80000002,
        0x80000002, 0x80000002, 0x80000002, 0x80000002, 0x80000002, 0x80000002, 0x80000002, 0x80000002, 0x80000002,
        0x80000002, 0x80000002, 0x80000002, 0x80000002, 0x80000002, 0x80000002, 0x80000002, 0x80000002, 0x80000002,
        0x0002020A, 0x80000002, 0x80000002, 0x80000002, 0x80000003, 0x80000003, 0x80000002, 0x80000002, 0x80000002,
        0x80000003, 0x80000002, 0x80000002, 0x80000002, 0x80000002, 0x80000002, 0x80000002, 0x80000002, 0x80000002,
        0x80000002, 0x80000002, 0x80000002, 0x80000002, 0x80000002, 0x80000002, 0x80000002, 0x80000002, 0x80000002,
        0x80000002, 0x80000002, 0x80000002, 0x80000002, 0x80000002, 0x80000002, 0x80000002, 0x80000002, 0x80000002,
        0x80000002, 0x80000002, 0x80000002, 0x80000002, 0x80000002, 0x80000002, 0x80000002, 0x80000002, 0x80000002,
        0x80000002, 0x80000002, 0x80000002, 0x80000002, 0x80000002, 0x80000002, 0x80000002, 0x80000002, 0x80000002,
        0x80000002, 0x80000002, 0x80000002, 0x80000002, 0x80000002, 0x80000002, 0x80000002, 0x80000002, 0x80000002,
        0x80000002, 0x80000002, 0x80000002, 0x80000002, 0x80000002, 0x80000002, 0x80000002, 0x80000002, 0x80000002,
        0x80000002, 0x80000002, 0x80000002, 0x80000002, 0x80000002, 0x80000002, 0x80000002, 0x80000002, 0x80000002,
        0x80000002, 0x80000002, 0x80000002, 0x80000002, 0x80000002, 0x80000002, 0x80000002, 0x80000002, 0x80000002,
        0x80000002, 0x80000002, 0x80000002, 0x80000002, 0x80000002, 0x80000002, 0x80000002, 0x80000002, 0x80000002,
        0x80000002, 0x80000002, 0x80000002, 0x80000002, 0x80000002, 0x80000002, 0x80000002, 0x80000002, 0x80000002,
        0x80000002, 0x80000002, 0x0002020C, 0x0002020E, 0x00020210, 0x00020212, 0x80000002, 0x80000002, 0x80000002,
        0x80000002, 0x80000002, 0x80000002, 0x80000002, 0x80000002, 0x80000002, 0x80000002, 0x80000002, 0x80000002,
        0x80000002, 0x80000002, 0x80000002, 0x80000002, 0x80000002, 0x80000002, 0x80000002, 0x80000002, 0x80000002,
        0x80000002, 0x80000002, 0x80000002, 0x80000002, 0x80000002, 0x80000002, 0x80000002, 0x80000002, 0x80000002,
        0x80000002, 0x00020214, 0x00020216, 0x00020218, 0x0002021A, 0x0002021C, 0x0002021E, 0x00020220, 0x00020222,
        0x80000002, 0x80000002, 0x80000002, 0x80000002, 0x80000002, 0x80000002, 0x80000002, 0x80000002, 0x80000002,
        0x80000002, 0x80000002, 0x80000002, 0x80000002, 0x80000002, 0x80000002, 0x80000002, 0x80000002, 0x80000002,
        0x80000002, 0x80000002, 0x80000002, 0x80000002, 0x80000002, 0x80000002, 0x80000002, 0x80000002, 0x80000002,
        0x80000002, 0x80000002, 0x80000002, 0x80000002, 0x80000002, 0x80000002, 0x80000002, 0x80000002, 0x80000002,
        0x80000002, 0x80000003, 0x80000003, 0x80000002, 0x80000002, 0x80000003, 0x80000003, 0x80000002, 0x80000002,
        0x80000002, 0x80000002, 0x80000003, 0x80000003, 0x80000003, 0x80000003, 0x80000003, 0x80000003, 0x80000003,
        0x80000003, 0x80000002, 0x80000003, 0x80000003, 0x80000003, 0x80000003, 0x00020224, 0x00020226, 0x80000003,
        0x00020228, 0x80000002, 0x80000002, 0x80000002, 0x80000002, 0x80000003, 0x80000003, 0x80000002, 0x80000002,
        0x80000002, 0x80000002, 0x80000002, 0x80000002, 0x80000002, 0x80000002, 0x80000002, 0x80000002, 0x80000002,
        0x80000002, 0x80000002, 0x80000002, 0x80000002, 0x80000002, 0x80000002, 0x80000002, 0x80000002, 0x80000002,
        0x80000002, 0x80000002, 0x80000002, 0x80000002, 0x80000002, 0x80000003, 0x80000003, 0x80000002, 0x80000002,
        0x80000002, 0x80000003, 0x80000002, 0x80000002, 0x80000002, 0x80000002, 0x80000002, 0x80000002, 0x80000003,
        0x80000003, 0x80000003, 0x80000003, 0x80000002, 0x80000002, 0x80000003, 0x80000003, 0x80000002, 0x80000002,
        0x80000002, 0x80000002, 0x80000002, 0x80000002, 0x80000002, 0x80000002, 0x80000002, 0x80000002, 0x80000002,
        0x80000002, 0x80000002, 0x80000002, 0x80000002, 0x80000002, 0x80000002, 0x80000002, 0x80000002, 0x80000002,
        0x80000002, 0x80000002, 0x80000003, 0x80000002, 0x80000002, 0x80000002, 0x80000002, 0x80000002, 0x80000002,
        0x80000002, 0x80000003, 0x80000002, 0x0002022A, 0x80000003, 0x80000002, 0x0002022C, 0x80000003, 0x80000002,
        0x80000002, 0x80000003, 0x80000003, 0x80000002, 0x80000003, 0x80000002, 0x80000002, 0x80000002, 0x80000002,
        0x80000002, 0x80000003, 0x80000003, 0x80000003, 0x80000003, 0x80000002, 0x80000002, 0x80000003, 0x80000003,
        0x80000002, 0x80000002, 0x80000002, 0x80000003, 0x80000003, 0x80000003, 0x80000002, 0x80000003, 0x80000003,
        0x80000003, 0x80000003, 0x80000003, 0x80000003, 0x80000003, 0x0002022E, 0x00020230, 0x00020232, 0x80000002,
        0x80000003, 0x00020234, 0x80000003, 0x80000003, 0x80000003, 0x80000003, 0x80000003, 0x80000003, 0x80000003,
        0x80000002, 0x80000002, 0x80000002, 0x80000002, 0x80000002, 0x80000002, 0x80000002, 0x80000002, 0x80000002,
        0x80000002, 0x80000002, 0x80000002, 0x80000002, 0x80000002, 0x80000002, 0x80000002, 0x80000002, 0x80000003,
        0x80000003, 0x80000003, 0x80000003, 0x80000003, 0x80000003, 0x80000003, 0x80000003, 0x80000003, 0x80000002,
        0x80000002, 0x80000002, 0x80000002, 0x80000002, 0x80000003, 0x80000003, 0x80000002, 0x80000002, 0x80000003,
        0x80000003, 0x80000002, 0x80000002, 0x80000002, 0x80000003, 0x80000003, 0x80000003, 0x80000003, 0x80000003,
        0x80000003, 0x80000003, 0x80000002, 0x80000002, 0x80000002, 0x80000003, 0x80000003, 0x80000003, 0x80000003,
        0x00020236, 0x00020238, 0x80000003, 0x80000002, 0x80000002, 0x80000002, 0x80000002, 0x80000002, 0x80000003,
        0x80000003, 0x80000002, 0x80000002, 0x80000002, 0x80000002, 0x80000002, 0x80000002, 0x80000002, 0x80000002,
        0x80000002, 0x80000002, 0x80000002, 0x80000002, 0x80000002, 0x80000002, 0x80000002, 0x80000002, 0x80000002,
        0x80000002, 0x80000003, 0x80000003, 0x80000003, 0x80000003, 0x80000003, 0x80000003, 0x80000003, 0x80000003,
        0x80000003, 0x80000002, 0x80000002, 0x80000002, 0x80000002, 0x80000002, 0x80000002, 0x80000002, 0x80000002,
        0x80000002, 0x80000002, 0x80000002, 0x80000002, 0x80000002, 0x80000002, 0x80000002, 0x80000002, 0x80000002,
        0x80000002, 0x80000002, 0x80000002, 0x80000002, 0x80000002, 0x80000002, 0x80000002, 0x80000002, 0x80000002,
        0x80000002, 0x80000002, 0x80000002, 0x80000002, 0x80000002, 0x80000002, 0x80000002, 0x80000002, 0x80000002,
        0x80000002, 0x80000002, 0x80000002, 0x80000002, 0x80000002, 0x80000002, 0x80000002, 0x80000002, 0x80000002,
        0x80000002, 0x80000002, 0x80000002, 0x80000002, 0x80000002, 0x80000002, 0x0002023A, 0x80000002, 0x80000002,
        0x80000002, 0x80000002, 0x80000002, 0x80000002, 0x80000002, 0x80000003, 0x80000003, 0x80000003, 0x80000003,
        0x80000002, 0x80000003, 0x80000002, 0x80000002, 0x80000003, 0x80000002, 0x80000003, 0x80000002, 0x80000002,
        0x80000002, 0x80000002, 0x80000002, 0x80000003, 0x80000002, 0x80000002, 0x80000002, 0x80000002, 0x80000002,
        0x80000002, 0x80000002, 0x80000002, 0x80000002, 0x80000002, 0x80000002, 0x80000002, 0x80000002, 0x80000002,
        0x80000002, 0x80000002, 0x80000002, 0x80000002, 0x80000002, 0x80000002, 0x80000002, 0x80000002, 0x80000002,
        0x80000002, 0x80000003, 0x80000002, 0x80000003, 0x80000002, 0x80000002, 0x80000002, 0x80000002, 0x80000002,
        0x80000002, 0x80000002, 0x80000002, 0x80000002, 0x80000002, 0x80000002, 0x80000002, 0x0002023C, 0x80000002,
        0x80000002, 0x80000002, 0x80000002, 0x80000002, 0x80000002, 0x80000002, 0x80000002, 0x80000002, 0x80000002,
        0x80000003, 0x80000003, 0x80000002, 0x80000002, 0x80000002, 0x80000002, 0x80000002, 0x80000003, 0x80000002,
        0x80000003, 0x80000002, 0x80000002, 0x80000002, 0x80000002, 0x80000002, 0x80000002, 0x80000002, 0x80000003,
        0x80000002, 0x80000002, 0x80000002, 0x80000002, 0x80000002, 0x80000002, 0x80000002, 0x80000002, 0x80000002,
        0x80000002, 0x80000003, 0x80000003, 0x0002023E, 0x00020240, 0x80000002, 0x80000002, 0x80000003, 0x80000003,
        0x80000003, 0x80000003, 0x80000003, 0x80000003, 0x80000003, 0x80000003, 0x80000003, 0x80000003, 0x80000003,
        0x80000003, 0x80000003, 0x80000003, 0x80000003, 0x80000003, 0x80000003, 0x80000003, 0x80000003, 0x80000003,
        0x80000003, 0x80000003, 0x80000003, 0x80000003, 0x80000003, 0x80000003, 0x80000003, 0x80000003, 0x80000003,
        0x80000003, 0x80000003, 0x80000003, 0x80000002, 0x80000002, 0x80000002, 0x80000002, 0x80000002, 0x80000002,
        0x80000002, 0x80000002, 0x80000002, 0x80000002, 0x80000002, 0x80000002, 0x00010242, 0x80000002, 0x80000002,
        0x80000002, 0x80000002, 0x80000002, 0x80000002, 0x80000002, 0x80000002, 0x80000002, 0x80000002, 0x80000002,
        0x80000002, 0x80000002, 0x80000002, 0x80000002, 0x80000002, 0x80000002, 0x80000002, 0x80000002, 0x80000002,
        0x80000002, 0x80000002, 0x80000002, 0x80000002, 0x80000002, 0x80000002, 0x80000002, 0x80000002, 0x80000002,
        0x80000002, 0x80000002, 0x80000002, 0x80000002, 0x80000002, 0x80000002, 0x80000002, 0x80000002, 0x80000002,
        0x80000002, 0x80000002, 0x80000002, 0x80000002, 0x80000002, 0x80000002, 0x80000002, 0x80000002, 0x80000002,
        0x80000002, 0x80000002, 0x80000002, 0x80000002, 0x80000002, 0x80000002, 0x80000002, 0x00020243, 0x80000002,
        0x80000002, 0x80000002, 0x80000002, 0x80000003, 0x80000002, 0x80000002, 0x80000002, 0x80000002, 0x00020245,
        0x80000002, 0x80000002, 0x80000002, 0x80000002, 0x00020247, 0x80000002, 0x80000002, 0x80000002, 0x80000002,
        0x00020249, 0x80000002, 0x80000002, 0x80000002, 0x80000002, 0x0002024B, 0x80000002, 0x80000002, 0x80000002,
        0x80000002, 0x80000002, 0x80000002, 0x80000002, 0x80000002, 0x80000002, 0x80000002, 0x80000002, 0x80000002,
        0x0002024D, 0x80000002, 0x80000002, 0x80000002, 0x80000003, 0x80000003, 0x80000003, 0x80000003, 0x80000002,
        0x80000002, 0x0002024F, 0x80000002, 0x00020251, 0x00020253, 0x00030255, 0x00020258, 0x0003025A, 0x80000002,
        0x80000002, 0x80000002, 0x80000002, 0x80000002, 0x80000002, 0x80000002, 0x0002025D, 0x80000002, 0x80000002,
        0x80000002, 0x80000002, 0x80000002, 0x80000002, 0x80000002, 0x80000002, 0x80000002, 0x80000002, 0x80000002,
        0x80000002, 0x80000002, 0x80000002, 0x80000002, 0x80000002, 0x80000002, 0x0002025F, 0x80000002, 0x80000002,
        0x80000002, 0x80000002, 0x80000003, 0x80000002, 0x80000002, 0x80000002, 0x80000002, 0x00020261, 0x80000002,
        0x80000002, 0x80000002, 0x80000002, 0x00020263, 0x80000002, 0x80000002, 0x80000002, 0x80000002, 0x00020265,
        0x80000002, 0x80000002, 0x80000002, 0x80000002, 0x00020267, 0x80000002, 0x80000002, 0x80000002, 0x80000002,
        0x80000002, 0x80000002, 0x80000002, 0x80000002, 0x80000002, 0x80000002, 0x80000002, 0x80000002, 0x00020269,
        0x80000002, 0x80000002, 0x80000002, 0x80000003, 0x80000002, 0x80000002, 0x80000003, 0x80000003, 0x80000003,
        0x80000003, 0x80000003, 0x80000003, 0x80000003, 0x0001026B, 0x80000003, 0x80000003, 0x80000003, 0x80000003,
        0x80000003, 0x0001026C, 0x80000003, 0x80000003, 0x80000002, 0x80000002, 0x80000002, 0x80000002, 0x80000002,
        0x80000002, 0x80000002, 0x80000002, 0x80000002, 0x80000002, 0x80000002, 0x80000002, 0x80000002, 0x80000002,
        0x80000002, 0x80000002, 0x80000002, 0x80000002, 0x80000002, 0x80000002, 0x80000002, 0x80000002, 0x80000002,
        0x80000002, 0x80000002, 0x80000002, 0x80000002, 0x80000002, 0x80000002, 0x80000002, 0x80000002, 0x80000002,
        0x80000002, 0x80000002, 0x80000002, 0x80000002, 0x80000002, 0x80000002, 0x80000002, 0x80000002, 0x80000002,
        0x80000002, 0x80000002, 0x80000002, 0x0001026D, 0x80000002, 0x80000002, 0x80000002, 0x80000002, 0x80000002,
        0x80000002, 0x80000002, 0x80000002, 0x80000002, 0x80000002, 0x80000002, 0x80000002, 0x80000002, 0x80000002,
        0x80000002, 0x80000002, 0x80000002, 0x80000002, 0x80000002, 0x80000002, 0x80000002, 0x80000002, 0x80000002,
        0x80000002, 0x80000002, 0x80000002, 0x80000002, 0x80000002, 0x80000002, 0x80000002, 0x80000002, 0x80000002,
        0x80000002, 0x80000002, 0x80000002, 0x80000002, 0x80000002, 0x80000002, 0x80000002, 0x80000002, 0x80000002,
        0x80000002, 0x80000002, 0x80000002, 0x80000002, 0x80000002, 0x80000002, 0x80000002, 0x80000002, 0x80000002,
        0x80000002, 0x80000002, 0x80000002, 0x80000002, 0x80000002, 0x80000002, 0x80000002, 0x80000003, 0x80000003,
        0x0001026E, 0x0001026F, 0x00010270, 0x00010271, 0x00010272, 0x00010273, 0x80000003, 0x80000003, 0x80000002,
        0x80000002, 0x80000002, 0x80000002, 0x80000002, 0x80000002, 0x80000003, 0x80000002, 0x80000002, 0x80000002,
        0x80000002, 0x80000004, 0x80000004, 0x80000004, 0x80000003, 0x80000004, 0x80000002, 0x80000002, 0x80000002,
        0x80000002, 0x80000002, 0x80000002, 0x80000002, 0x80000002, 0x80000002, 0x80000002, 0x80000003, 0x80000003,
        0x80000003, 0x80000003, 0x80000003, 0x80000003, 0x80000002, 0x80000002, 0x80000002, 0x80000002, 0x80000002,
        0x80000002, 0x80000002, 0x80000002, 0x80000002, 0x80000002, 0x80000002, 0x80000002, 0x80000002, 0x80000002,
        0x80000002, 0x80000002, 0x80000002, 0x80000002, 0x80000002, 0x80000002, 0x80000002, 0x80000002, 0x80000002,
        0x80000002, 0x80000002, 0x80000002, 0x80000002, 0x80000002, 0x80000002, 0x80000002, 0x80000002, 0x80000002,
        0x00010163, 0x00010165, 0x0001016F, 0x00010172, 0x00010173, 0x00010173, 0x0001017B, 0x00010182, 0x00010274,
        0x80000003, 0x80000003, 0x80000003, 0x80000003, 0x80000003, 0x80000003, 0x80000003, 0x00010275, 0x00010276,
        0x00010277, 0x00010278, 0x00010279, 0x0001027A, 0x0001027B, 0x0001027C, 0x0001027D, 0x0001027E, 0x0001027F,
        0x00010280, 0x0001026D, 0x00010281, 0x00010282, 0x00010283, 0x00010284, 0x00010285, 0x00010286, 0x00010287,
        0x00010288, 0x00010289, 0x0001028A, 0x0001028B, 0x0001028C, 0x0001028D, 0x0001028E, 0x0001028F, 0x00010290,
        0x00010291, 0x00010292, 0x00010293, 0x00010294, 0x00010295, 0x00010296, 0x00010297, 0x00010298, 0x00010299,
        0x0001029A, 0x0001029B, 0x0001029C, 0x0001029D, 0x0001029E, 0x80000003, 0x80000003, 0x0001029F, 0x000102A0,
        0x000102A1, 0x80000002, 0x80000002, 0x80000002, 0x80000002, 0x80000002, 0x80000002, 0x80000002, 0x80000002,
        0x80000002, 0x80000002, 0x80000002, 0x80000002, 0x80000002, 0x80000002, 0x80000002, 0x80000002, 0x80000002,
        0x80000002, 0x80000002, 0x80000002, 0x80000002, 0x80000002, 0x80000002, 0x80000002, 0x80000002, 0x80000002,
        0x80000002, 0x80000002, 0x80000002, 0x80000002, 0x80000002, 0x80000002, 0x80000002, 0x80000002, 0x80000002,
        0x80000002, 0x80000002, 0x80000002, 0x80000002, 0x80000002, 0x80000002, 0x80000002, 0x80000002, 0x80000002,
        0x00010000, 0x00010036, 0x00010001, 0x80000002, 0x00010003, 0x00010004, 0x0001009A, 0x00010006, 0x00010007,
        0x00010008, 0x00010009, 0x0001000A, 0x0001000B, 0x0001000C, 0x0001000D, 0x80000002, 0x0001000E, 0x000100E7,
        0x0001000F, 0x00010011, 0x00010013, 0x00010014, 0x00010016, 0x00010000, 0x000102A2, 0x000102A3, 0x000102A4,
        0x00010001, 0x00010003, 0x00010004, 0x0001009B, 0x0001009C, 0x000102A5, 0x00010006, 0x80000002, 0x0001000A,
        0x0001000C, 0x00010077, 0x0001000E, 0x00010095, 0x000102A6, 0x000102A7, 0x0001000F, 0x00010013, 0x00010014,
        0x000102A8, 0x000100A3, 0x00010015, 0x000102A9, 0x00010128, 0x00010129, 0x0001012A, 0x00010139, 0x0001013A,
        0x00010008, 0x00010011, 0x00010014, 0x00010015, 0x00010128, 0x00010129, 0x00010135, 0x00010139, 0x0001013A,
        0x80000002, 0x80000002, 0x80000002, 0x80000002, 0x80000002, 0x80000002, 0x80000002, 0x80000002, 0x80000002,
        0x80000002, 0x80000002, 0x80000002, 0x80000002, 0x0001016E, 0x80000002, 0x80000002, 0x80000002, 0x80000002,
        0x80000002, 0x80000002, 0x80000002, 0x80000002, 0x80000002, 0x80000002, 0x80000002, 0x80000002, 0x80000002,
        0x80000002, 0x80000002, 0x80000002, 0x80000002, 0x80000002, 0x80000002, 0x80000002, 0x80000002, 0x80000002,
        0x80000002, 0x80000002, 0x80000002, 0x80000002, 0x80000002, 0x80000002, 0x80000002, 0x80000002, 0x80000002,
        0x80000002, 0x80000002, 0x80000002, 0x000102AA, 0x00010002, 0x000102AB, 0x00010040, 0x000102A5, 0x00010005,
        0x000102AC, 0x000102AD, 0x000102AE, 0x000100A1, 0x000100A0, 0x000102AF, 0x000102B0, 0x000102B1, 0x000102B2,
        0x000102B3, 0x000102B4, 0x000102B5, 0x000102B6, 0x000100A4, 0x000102B7, 0x000102B8, 0x000100A5, 0x000102B9,
        0x000102BA, 0x000100AB, 0x000102BB, 0x000100F6, 0x000100AF, 0x000102BC, 0x000100B0, 0x000100F7, 0x00010019,
        0x000102BD, 0x000102BE, 0x000100B3, 0x0001012E, 0x000102BF, 0x80000002, 0x000102C0, 0x80000002, 0x000102C1,
        0x80000002, 0x000102C2, 0x80000002, 0x000102C3, 0x80000002, 0x000102C4, 0x80000002, 0x000102C5, 0x80000002,
        0x000102C6, 0x80000002, 0x000102C7, 0x80000002, 0x000102C8, 0x80000002, 0x000102C9, 0x80000002, 0x000102CA,
        0x80000002, 0x000102CB, 0x80000002, 0x000102CC, 0x80000002, 0x000102CD, 0x80000002, 0x000102CE, 0x80000002,
        0x000102CF, 0x80000002, 0x000102D0, 0x80000002, 0x000102D1, 0x80000002, 0x000102D2, 0x80000002, 0x000102D3,
        0x80000002, 0x000102D4, 0x80000002, 0x000102D5, 0x80000002, 0x000102D6, 0x80000002, 0x000102D7, 0x80000002,
        0x000102D8, 0x80000002, 0x000102D9, 0x80000002, 0x000102DA, 0x80000002, 0x000102DB, 0x80000002, 0x000102DC,
        0x80000002, 0x000102DD, 0x80000002, 0x000102DE, 0x80000002, 0x000102DF, 0x80000002, 0x000102E0, 0x80000002,
        0x000102E1, 0x80000002, 0x000102E2, 0x80000002, 0x000102E3, 0x80000002, 0x000102E4, 0x80000002, 0x000102E5,
        0x80000002, 0x000102E6, 0x80000002, 0x000102E7, 0x80000002, 0x000102E8, 0x80000002, 0x000102E9, 0x80000002,
        0x000102EA, 0x80000002, 0x000102EB, 0x80000002, 0x000102EC, 0x80000002, 0x000102ED, 0x80000002, 0x000102EE,
        0x80000002, 0x000102EF, 0x80000002, 0x000102F0, 0x80000002, 0x000102F1, 0x80000002, 0x000102F2, 0x80000002,
        0x000102F3, 0x80000002, 0x000102F4, 0x80000002, 0x000102F5, 0x80000002, 0x000102F6, 0x80000002, 0x000102F7,
        0x80000002, 0x000102F8, 0x80000002, 0x000102F9, 0x80000002, 0x000102FA, 0x80000002, 0x000102FB, 0x80000002,
        0x000102FC, 0x80000002, 0x000102FD, 0x80000002, 0x000102FE, 0x80000002, 0x000102FF, 0x80000002, 0x00010300,
        0x80000002, 0x00010301, 0x80000002, 0x00010302, 0x80000002, 0x00010303, 0x80000002, 0x00010304, 0x80000002,
        0x00010305, 0x80000002, 0x00010306, 0x80000002, 0x00010307, 0x80000002, 0x00010308, 0x80000002, 0x00010309,
        0x80000002, 0x80000002, 0x80000002, 0x80000002, 0x80000002, 0x0002030A, 0x000102EF, 0x80000002, 0x80000002,
        0x0001030C, 0x80000002, 0x0001030D, 0x80000002, 0x0001030E, 0x80000002, 0x0001030F, 0x80000002, 0x00010310,
        0x80000002, 0x00010311, 0x80000002, 0x00010312, 0x80000002, 0x00010313, 0x80000002, 0x00010314, 0x80000002,
        0x00010315, 0x80000002, 0x00010316, 0x80000002, 0x00010317, 0x80000002, 0x00010318, 0x80000002, 0x00010319,
        0x80000002, 0x0001031A, 0x80000002, 0x0001031B, 0x80000002, 0x0001031C, 0x80000002, 0x0001031D, 0x80000002,
        0x0001031E, 0x80000002, 0x0001031F, 0x80000002, 0x00010320, 0x80000002, 0x00010321, 0x80000002, 0x00010322,
        0x80000002, 0x00010323, 0x80000002, 0x00010324, 0x80000002, 0x00010325, 0x80000002, 0x00010326, 0x80000002,
        0x00010327, 0x80000002, 0x00010328, 0x80000002, 0x00010329, 0x80000002, 0x0001032A, 0x80000002, 0x0001032B,
        0x80000002, 0x0001032C, 0x80000002, 0x0001032D, 0x80000002, 0x0001032E, 0x80000002, 0x0001032F, 0x80000002,
        0x00010330, 0x80000002, 0x00010331, 0x80000002, 0x00010332, 0x80000002, 0x00010333, 0x80000002, 0x00010334,
        0x80000002, 0x00010335, 0x80000002, 0x00010336, 0x80000002, 0x00010337, 0x80000002, 0x00010338, 0x80000002,
        0x00010339, 0x80000002, 0x0001033A, 0x80000002, 0x0001033B, 0x80000002, 0x0001033C, 0x80000002, 0x80000002,
        0x80000002, 0x80000002, 0x80000002, 0x80000002, 0x80000002, 0x80000002, 0x80000002, 0x0001033D, 0x0001033E,
        0x0001033F, 0x00010340, 0x00010341, 0x00010342, 0x00010343, 0x00010344, 0x80000002, 0x80000002, 0x80000002,
        0x80000002, 0x80000002, 0x80000002, 0x80000003, 0x80000003, 0x00010345, 0x00010346, 0x00010347, 0x00010348,
        0x00010349, 0x0001034A, 0x80000003, 0x80000003, 0x80000002, 0x80000002, 0x80000002, 0x80000002, 0x80000002,
        0x80000002, 0x80000002, 0x80000002, 0x0001034B, 0x0001034C, 0x0001034D, 0x0001034E, 0x0001034F, 0x00010350,
        0x00010351, 0x00010352, 0x80000002, 0x80000002, 0x80000002, 0x80000002, 0x80000002, 0x80000002, 0x80000002,
        0x80000002, 0x00010353, 0x00010354, 0x00010355, 0x00010356, 0x00010357, 0x00010358, 0x00010359, 0x0001035A,
        0x80000002, 0x80000002, 0x80000002, 0x80000002, 0x80000002, 0x80000002, 0x80000003, 0x80000003, 0x0001035B,
        0x0001035C, 0x0001035D, 0x0001035E, 0x0001035F, 0x00010360, 0x80000003, 0x80000003, 0x80000002, 0x80000002,
        0x80000002, 0x80000002, 0x80000002, 0x80000002, 0x80000002, 0x80000002, 0x80000003, 0x00010361, 0x80000003,
        0x00010362, 0x80000003, 0x00010363, 0x80000003, 0x00010364, 0x80000002, 0x80000002, 0x80000002, 0x80000002,
        0x80000002, 0x80000002, 0x80000002, 0x80000002, 0x00010365, 0x00010366, 0x00010367, 0x00010368, 0x00010369,
        0x0001036A, 0x0001036B, 0x0001036C, 0x80000002, 0x0001011F, 0x80000002, 0x00010121, 0x80000002, 0x00010122,
        0x80000002, 0x00010123, 0x80000002, 0x00010124, 0x80000002, 0x00010125, 0x80000002, 0x00010126, 0x80000003,
        0x80000003, 0x0002036D, 0x0002036F, 0x00020371, 0x00020373, 0x00020375, 0x00020377, 0x00020379, 0x0002037B,
        0x0002036D, 0x0002036F, 0x00020371, 0x00020373, 0x00020375, 0x00020377, 0x00020379, 0x0002037B, 0x0002037D,
        0x0002037F, 0x00020381, 0x00020383, 0x00020385, 0x00020387, 0x00020389, 0x0002038B, 0x0002037D, 0x0002037F,
        0x00020381, 0x00020383, 0x00020385, 0x00020387, 0x00020389, 0x0002038B, 0x0002038D, 0x0002038F, 0x00020391,
        0x00020393, 0x00020395, 0x00020397, 0x00020399, 0x0002039B, 0x0002038D, 0x0002038F, 0x00020391, 0x00020393,
        0x00020395, 0x00020397, 0x00020399, 0x0002039B, 0x80000002, 0x80000002, 0x0002039D, 0x0002039F, 0x000203A1,
        0x80000003, 0x80000002, 0x000203A3, 0x000103A5, 0x000103A6, 0x000103A7, 0x0001011F, 0x0002039F, 0x000203A8,
        0x00010113, 0x000203A8, 0x000203AA, 0x000303AC, 0x000203AF, 0x000203B1, 0x000203B3, 0x80000003, 0x80000002,
        0x000203B5, 0x000103B7, 0x00010121, 0x000103B8, 0x00010122, 0x000203B1, 0x000303B9, 0x000303BC, 0x000303BF,
        0x80000002, 0x80000002, 0x80000002, 0x000103C2, 0x80000003, 0x80000003, 0x80000002, 0x80000002, 0x000103C3,
        0x000103C4, 0x000103C5, 0x00010123, 0x80000003, 0x000303C6, 0x000303C9, 0x000303CC, 0x80000002, 0x80000002,
        0x80000002, 0x000103CF, 0x80000002, 0x80000002, 0x80000002, 0x80000002, 0x000103D0, 0x000103D1, 0x000103D2,
        0x00010125, 0x000103D3, 0x000303D4, 0x0003011C, 0x000103D7, 0x80000003, 0x80000003, 0x000203D8, 0x000203DA,
        0x000203DC, 0x80000003, 0x80000002, 0x000203DE, 0x000103E0, 0x00010124, 0x000103E1, 0x00010126, 0x000203DA,
        0x00020021, 0x000203E2, 0x80000003, 0x0001001A, 0x0001001A, 0x0001001A, 0x0001001A, 0x0001001A, 0x0001001A,
        0x0001001A, 0x0001001A, 0x0001001A, 0x0001001A, 0x0001001A, 0x80000004, 0x80000002, 0x80000002, 0x80000003,
        0x80000003, 0x80000002, 0x000103E4, 0x80000002, 0x80000002, 0x80000002, 0x80000002, 0x80000002, 0x000203E5,
        0x80000002, 0x80000002, 0x80000002, 0x80000002, 0x80000002, 0x80000002, 0x80000002, 0x80000002, 0x80000002,
        0x80000002, 0x80000002, 0x80000002, 0x80000003, 0x80000003, 0x80000003, 0x80000002, 0x80000003, 0x80000003,
        0x80000003, 0x80000003, 0x80000003, 0x80000003, 0x80000003, 0x0001001A, 0x80000002, 0x80000002, 0x80000002,
        0x000203E7, 0x000303E9, 0x80000002, 0x000203EC, 0x000303EE, 0x80000002, 0x80000002, 0x80000002, 0x80000002,
        0x000203F1, 0x80000002, 0x000203F3, 0x80000002, 0x80000002, 0x80000002, 0x80000002, 0x80000002, 0x80000002,
        0x80000002, 0x80000002, 0x000203F5, 0x000203F7, 0x000203F9, 0x80000002, 0x80000002, 0x80000002, 0x80000002,
        0x80000002, 0x80000002, 0x80000002, 0x80000002, 0x80000002, 0x80000002, 0x80000002, 0x80000002, 0x80000002,
        0x000403FB, 0x80000002, 0x80000002, 0x80000002, 0x80000002, 0x80000002, 0x80000002, 0x80000002, 0x0001001A,
        0x80000004, 0x80000003, 0x80000003, 0x80000003, 0x80000004, 0x80000003, 0x80000003, 0x80000003, 0x80000003,
        0x80000003, 0x80000003, 0x80000003, 0x80000003, 0x80000003, 0x80000003, 0x80000003, 0x000103FF, 0x00010008,
        0x80000003, 0x80000003, 0x00010400, 0x00010401, 0x00010402, 0x00010403, 0x00010404, 0x00010405, 0x00010406,
        0x00010407, 0x00010408, 0x00010409, 0x0001040A, 0x0001000D, 0x000103FF, 0x00010026, 0x0001001F, 0x00010020,
        0x00010400, 0x00010401, 0x00010402, 0x00010403, 0x00010404, 0x00010405, 0x00010406, 0x00010407, 0x00010408,
        0x00010409, 0x0001040A, 0x80000003, 0x00010000, 0x00010004, 0x0001000E, 0x00010017, 0x0001009B, 0x00010007,
        0x0001000A, 0x0001000B, 0x0001000C, 0x0001000D, 0x0001000F, 0x00010012, 0x00010013, 0x80000003, 0x80000003,
        0x80000003, 0x80000002, 0x80000002, 0x80000002, 0x80000002, 0x80000002, 0x80000002, 0x80000002, 0x80000002,
        0x0002040B, 0x80000002, 0x80000002, 0x80000002, 0x80000002, 0x80000002, 0x80000002, 0x80000002, 0x80000002,
        0x80000002, 0x80000002, 0x80000002, 0x80000002, 0x80000002, 0x80000002, 0x80000002, 0x80000002, 0x80000002,
        0x80000002, 0x80000002, 0x80000002, 0x80000002, 0x80000002, 0x80000002, 0x0003040D, 0x00030410, 0x00010002,
        0x00020413, 0x80000002, 0x00030415, 0x00030418, 0x0001009C, 0x80000002, 0x0002041B, 0x00010006, 0x00010007,
        0x00010007, 0x00010007, 0x00010007, 0x00010061, 0x00010008, 0x00010008, 0x0001000B, 0x0001000B, 0x80000002,
        0x0001000D, 0x0002041D, 0x80000002, 0x80000002, 0x0001000F, 0x00010010, 0x00010011, 0x00010011, 0x00010011,
        0x80000002, 0x80000002, 0x0002041F, 0x00030421, 0x00020424, 0x80000002, 0x00010019, 0x80000002, 0x0001013C,
        0x80000002, 0x00010019, 0x80000002, 0x0001000A, 0x00010035, 0x00010001, 0x00010002, 0x80000002, 0x00010004,
        0x00010004, 0x00010005, 0x80000003, 0x0001000C, 0x0001000E, 0x00010426, 0x00010427, 0x00010428, 0x00010429,
        0x00010008, 0x80000002, 0x0003042A, 0x00010134, 0x00010129, 0x00010129, 0x00010134, 0x0001042D, 0x80000002,
        0x80000002, 0x80000002, 0x80000002, 0x00010003, 0x00010003, 0x00010004, 0x00010008, 0x00010009, 0x80000002,
        0x80000002, 0x80000002, 0x80000002, 0x80000002, 0x80000002, 0x0003042E, 0x00030431, 0x00040434, 0x00030438,
        0x0003043B, 0x0003043E, 0x00030441, 0x00030444, 0x00030447, 0x0003044A, 0x0003044D, 0x00030450, 0x00030453,
        0x00030456, 0x00030459, 0x0002045C, 0x00010008, 0x0002045E, 0x00030460, 0x00020463, 0x00010015, 0x00020465,
        0x00030467, 0x0004046A, 0x0002046E, 0x00010017, 0x00020470, 0x00030472, 0x0001000B, 0x00010002, 0x00010003,
        0x0001000C, 0x00010008, 0x0002045E, 0x00030460, 0x00020463, 0x00010015, 0x00020465, 0x00030467, 0x0004046A,
        0x0002046E, 0x00010017, 0x00020470, 0x00030472, 0x0001000B, 0x00010002, 0x00010003, 0x0001000C, 0x80000002,
        0x80000002, 0x80000002, 0x80000003, 0x80000002, 0x80000002, 0x80000002, 0x80000002, 0x80000002, 0x00030475,
        0x80000002, 0x80000002, 0x80000003, 0x80000003, 0x80000003, 0x80000003, 0x80000002, 0x80000002, 0x80000002,
        0x80000002, 0x80000002, 0x80000002, 0x80000002, 0x80000002, 0x80000002, 0x80000002, 0x80000002, 0x80000002,
        0x80000002, 0x80000002, 0x80000002, 0x80000002, 0x80000002, 0x80000002, 0x80000002, 0x80000002, 0x80000002,
        0x80000002, 0x80000002, 0x80000002, 0x80000002, 0x80000002, 0x80000002, 0x80000002, 0x80000002, 0x80000002,
        0x80000002, 0x80000002, 0x80000002, 0x80000002, 0x80000002, 0x80000002, 0x80000002, 0x80000002, 0x80000002,
        0x80000002, 0x80000002, 0x80000002, 0x80000002, 0x80000002, 0x80000002, 0x80000002, 0x80000002, 0x80000002,
        0x80000002, 0x80000002, 0x80000002, 0x80000002, 0x80000002, 0x80000002, 0x80000002, 0x80000002, 0x80000002,
        0x80000002, 0x80000002, 0x80000002, 0x80000002, 0x80000002, 0x80000002, 0x80000002, 0x80000002, 0x80000002,
        0x80000002, 0x80000002, 0x80000002, 0x80000002, 0x80000002, 0x80000002, 0x80000002, 0x80000002, 0x80000002,
        0x80000002, 0x80000002, 0x80000002, 0x80000002, 0x80000002, 0x80000002, 0x80000002, 0x80000002, 0x80000002,
        0x80000002, 0x80000002, 0x80000002, 0x80000002, 0x80000002, 0x80000002, 0x80000002, 0x80000002, 0x00020478,
        0x0003047A, 0x80000002, 0x0002047D, 0x0003047F, 0x80000002, 0x80000002, 0x80000002, 0x80000002, 0x80000002,
        0x80000002, 0x80000002, 0x80000002, 0x80000002, 0x80000002, 0x80000002, 0x80000002, 0x80000002, 0x80000002,
        0x80000002, 0x80000002, 0x80000002, 0x80000002, 0x80000002, 0x80000002, 0x80000002, 0x80000002, 0x80000002,
        0x80000002, 0x80000002, 0x80000002, 0x80000002, 0x80000002, 0x80000002, 0x80000002, 0x80000002, 0x80000002,
        0x80000002, 0x80000002, 0x80000002, 0x80000002, 0x80000002, 0x80000002, 0x80000002, 0x80000002, 0x80000002,
        0x80000002, 0x80000002, 0x80000002, 0x80000002, 0x80000002, 0x80000002, 0x80000002, 0x80000002, 0x80000002,
        0x80000002, 0x80000002, 0x80000002, 0x80000002, 0x80000002, 0x80000002, 0x00010482, 0x00010483, 0x80000002,
        0x80000002, 0x80000002, 0x80000002, 0x80000002, 0x80000002, 0x80000002, 0x80000002, 0x80000002, 0x80000002,
        0x80000002, 0x80000002, 0x80000002, 0x80000002, 0x80000002, 0x80000002, 0x80000002, 0x80000002, 0x80000002,
        0x80000002, 0x80000002, 0x80000002, 0x80000002, 0x80000002, 0x80000002, 0x80000002, 0x80000002, 0x80000002,
        0x80000002, 0x80000002, 0x80000002, 0x80000002, 0x80000003, 0x80000003, 0x80000003, 0x80000003, 0x80000003,
        0x80000003, 0x80000003, 0x80000003, 0x80000003, 0x80000003, 0x80000003, 0x80000003, 0x80000003, 0x80000003,
        0x80000003, 0x80000003, 0x80000003, 0x80000003, 0x80000003, 0x80000003, 0x80000003, 0x00010026, 0x0001001F,
        0x00010020, 0x00010400, 0x00010401, 0x00010402, 0x00010403, 0x00010404, 0x00010405, 0x00020484, 0x00020486,
        0x00020488, 0x0002048A, 0x0002048C, 0x0002048E, 0x00020490, 0x00020492, 0x00020494, 0x00020496, 0x00020498,
        0x0003049A, 0x0003049D, 0x000304A0, 0x000304A3, 0x000304A6, 0x000304A9, 0x000304AC, 0x000304AF, 0x000304B2,
        0x000404B5, 0x000404B9, 0x000404BD, 0x000404C1, 0x000404C5, 0x000404C9, 0x000404CD, 0x000404D1, 0x000404D5,
        0x000404D9, 0x000404DD, 0x80000003, 0x80000003, 0x80000003, 0x80000003, 0x80000003, 0x80000003, 0x80000003,
        0x80000003, 0x80000003, 0x80000003, 0x80000003, 0x80000003, 0x80000003, 0x80000003, 0x80000003, 0x80000003,
        0x80000003, 0x80000003, 0x80000003, 0x80000003, 0x000304E1, 0x000304E4, 0x000304E7, 0x000304EA, 0x000304ED,
        0x000304F0, 0x000304F3, 0x000304F6, 0x000304F9, 0x000304FC, 0x000304FF, 0x00030502, 0x00030505, 0x00030508,
        0x0003050B, 0x0003050E, 0x00030511, 0x00030514, 0x00030517, 0x0003051A, 0x0003051D, 0x00030520, 0x00030523,
        0x00030526, 0x00030529, 0x0003052C, 0x00010000, 0x00010001, 0x00010002, 0x00010003, 0x00010004, 0x00010005,
        0x00010006, 0x00010007, 0x00010008, 0x00010009, 0x0001000A, 0x0001000B, 0x0001000C, 0x0001000D, 0x0001000E,
        0x0001000F, 0x00010010, 0x00010011, 0x00010012, 0x00010013, 0x00010014, 0x00010015, 0x00010016, 0x00010017,
        0x00010018, 0x00010019, 0x00010000, 0x00010001, 0x00010002, 0x00010003, 0x00010004, 0x00010005, 0x00010006,
        0x00010007, 0x00010008, 0x00010009, 0x0001000A, 0x0001000B, 0x0001000C, 0x0001000D, 0x0001000E, 0x0001000F,
        0x00010010, 0x00010011, 0x00010012, 0x00010013, 0x00010014, 0x00010015, 0x00010016, 0x00010017, 0x00010018,
        0x00010019, 0x000103FF, 0x80000002, 0x80000002, 0x80000002, 0x80000002, 0x80000002, 0x80000002, 0x80000002,
        0x80000002, 0x80000002, 0x80000002, 0x80000002, 0x80000002, 0x80000002, 0x80000002, 0x80000002, 0x80000002,
        0x80000002, 0x80000002, 0x80000002, 0x80000002, 0x80000002, 0x80000002, 0x80000002, 0x80000002, 0x80000002,
        0x80000002, 0x80000002, 0x80000002, 0x80000002, 0x80000002, 0x80000002, 0x80000002, 0x80000002, 0x0004052F,
        0x80000002, 0x80000002, 0x80000002, 0x80000002, 0x80000002, 0x80000002, 0x80000002, 0x80000002, 0x80000002,
        0x80000002, 0x80000002, 0x80000002, 0x80000002, 0x80000002, 0x80000002, 0x80000002, 0x80000002, 0x80000002,
        0x80000002, 0x80000002, 0x80000002, 0x80000002, 0x80000002, 0x80000002, 0x80000002, 0x80000002, 0x80000002,
        0x80000002, 0x80000002, 0x80000002, 0x80000002, 0x80000002, 0x80000002, 0x80000002, 0x80000002, 0x80000002,
        0x80000002, 0x80000002, 0x80000002, 0x80000002, 0x80000002, 0x80000002, 0x80000002, 0x80000002, 0x80000002,
        0x80000002, 0x80000002, 0x80000002, 0x80000002, 0x80000002, 0x80000002, 0x80000002, 0x80000002, 0x80000002,
        0x80000002, 0x80000002, 0x80000002, 0x80000002, 0x80000002, 0x80000002, 0x80000002, 0x80000002, 0x80000002,
        0x80000002, 0x80000002, 0x80000002, 0x80000002, 0x80000002, 0x80000002, 0x80000002, 0x80000002, 0x80000002,
        0x80000002, 0x80000002, 0x80000002, 0x80000002, 0x80000002, 0x80000002, 0x80000002, 0x80000002, 0x80000002,
        0x80000002, 0x80000002, 0x80000002, 0x80000002, 0x80000002, 0x80000002, 0x80000002, 0x80000002, 0x80000002,
        0x80000002, 0x80000002, 0x80000002, 0x80000002, 0x80000002, 0x80000002, 0x80000002, 0x80000002, 0x80000002,
        0x80000002, 0x80000002, 0x80000002, 0x80000002, 0x00030533, 0x00020536, 0x00030538, 0x80000002, 0x80000002,
        0x80000002, 0x80000002, 0x80000002, 0x80000002, 0x80000002, 0x80000002, 0x80000002, 0x80000002, 0x80000002,
        0x80000002, 0x80000002, 0x80000002, 0x80000002, 0x80000002, 0x80000002, 0x80000002, 0x80000002, 0x80000002,
        0x80000002, 0x80000002, 0x80000002, 0x80000002, 0x80000002, 0x80000002, 0x80000002, 0x80000002, 0x80000002,
        0x80000002, 0x80000002, 0x80000002, 0x80000002, 0x80000002, 0x80000002, 0x80000002, 0x80000002, 0x0002053B,
        0x80000002, 0x80000002, 0x80000002, 0x80000002, 0x80000002, 0x80000002, 0x80000002, 0x80000002, 0x80000002,
        0x80000002, 0x80000002, 0x80000002, 0x80000002, 0x80000002, 0x80000002, 0x80000002, 0x80000002, 0x80000002,
        0x80000002, 0x80000002, 0x80000002, 0x80000002, 0x80000002, 0x80000002, 0x80000002, 0x80000002, 0x80000002,
        0x80000002, 0x80000002, 0x80000002, 0x80000002, 0x80000002, 0x80000002, 0x80000002, 0x80000002, 0x0001053D,
        0x0001053E, 0x0001053F, 0x00010540, 0x00010541, 0x00010542, 0x00010543, 0x00010544, 0x00010545, 0x00010546,
        0x00010547, 0x00010548, 0x00010549, 0x0001054A, 0x0001054B, 0x0001054C, 0x0001054D, 0x0001054E, 0x0001054F,
        0x00010550, 0x00010551, 0x00010552, 0x00010553, 0x00010554, 0x00010555, 0x00010556, 0x00010557, 0x00010558,
        0x00010559, 0x0001055A, 0x0001055B, 0x0001055C, 0x0001055D, 0x0001055E, 0x0001055F, 0x00010560, 0x00010561,
        0x00010562, 0x00010563, 0x00010564, 0x00010565, 0x00010566, 0x00010567, 0x00010568, 0x00010569, 0x0001056A,
        0x0001056B, 0x0001056C, 0x80000002, 0x80000002, 0x80000002, 0x80000002, 0x80000002, 0x80000002, 0x80000002,
        0x80000002, 0x80000002, 0x80000002, 0x80000002, 0x80000002, 0x80000002, 0x80000002, 0x80000002, 0x80000002,
        0x80000002, 0x80000002, 0x80000002, 0x80000002, 0x80000002, 0x80000002, 0x80000002, 0x80000002, 0x80000002,
        0x80000002, 0x80000002, 0x80000002, 0x80000002, 0x80000002, 0x80000002, 0x80000002, 0x80000002, 0x80000002,
        0x80000002, 0x80000002, 0x80000002, 0x80000002, 0x80000002, 0x80000002, 0x80000002, 0x80000002, 0x80000002,
        0x80000002, 0x80000002, 0x80000002, 0x80000002, 0x80000002, 0x0001056D, 0x80000002, 0x0001056E, 0x0001056F,
        0x00010570, 0x80000002, 0x80000002, 0x00010571, 0x80000002, 0x00010572, 0x80000002, 0x00010573, 0x80000002,
        0x000102A3, 0x000102B5, 0x000102A2, 0x000102AA, 0x80000002, 0x00010574, 0x80000002, 0x80000002, 0x00010575,
        0x80000002, 0x80000002, 0x80000002, 0x80000002, 0x80000002, 0x80000002, 0x00010009, 0x00010015, 0x00010576,
        0x00010577, 0x00010578, 0x80000002, 0x00010579, 0x80000002, 0x0001057A, 0x80000002, 0x0001057B, 0x80000002,
        0x0001057C, 0x80000002, 0x0001057D, 0x80000002, 0x0001057E, 0x80000002, 0x0001057F, 0x80000002, 0x00010580,
        0x80000002, 0x00010581, 0x80000002, 0x00010582, 0x80000002, 0x00010583, 0x80000002, 0x00010584, 0x80000002,
        0x00010585, 0x80000002, 0x00010586, 0x80000002, 0x00010587, 0x80000002, 0x00010588, 0x80000002, 0x00010589,
        0x80000002, 0x0001058A, 0x80000002, 0x0001058B, 0x80000002, 0x0001058C, 0x80000002, 0x0001058D, 0x80000002,
        0x0001058E, 0x80000002, 0x0001058F, 0x80000002, 0x00010590, 0x80000002, 0x00010591, 0x80000002, 0x00010592,
        0x80000002, 0x00010593, 0x80000002, 0x00010594, 0x80000002, 0x00010595, 0x80000002, 0x00010596, 0x80000002,
        0x00010597, 0x80000002, 0x00010598, 0x80000002, 0x00010599, 0x80000002, 0x0001059A, 0x80000002, 0x0001059B,
        0x80000002, 0x0001059C, 0x80000002, 0x0001059D, 0x80000002, 0x0001059E, 0x80000002, 0x0001059F, 0x80000002,
        0x000105A0, 0x80000002, 0x000105A1, 0x80000002, 0x000105A2, 0x80000002, 0x000105A3, 0x80000002, 0x000105A4,
        0x80000002, 0x000105A5, 0x80000002, 0x000105A6, 0x80000002, 0x000105A7, 0x80000002, 0x000105A8, 0x80000002,
        0x000105A9, 0x80000002, 0x80000002, 0x80000002, 0x80000002, 0x80000002, 0x80000002, 0x80000002, 0x80000002,
        0x000105AA, 0x80000002, 0x000105AB, 0x80000002, 0x80000002, 0x80000002, 0x80000002, 0x000105AC, 0x80000002,
        0x80000003, 0x80000003, 0x80000003, 0x80000003, 0x80000003, 0x80000002, 0x80000002, 0x80000002, 0x80000002,
        0x80000002, 0x80000002, 0x80000002, 0x80000002, 0x80000002, 0x80000002, 0x80000002, 0x80000002, 0x80000002,
        0x80000002, 0x80000002, 0x80000002, 0x80000002, 0x80000002, 0x80000002, 0x80000002, 0x80000002, 0x80000002,
        0x80000002, 0x80000002, 0x80000002, 0x80000002, 0x80000002, 0x80000002, 0x80000002, 0x80000002, 0x80000002,
        0x80000002, 0x80000002, 0x80000002, 0x80000002, 0x80000002, 0x80000002, 0x80000002, 0x80000002, 0x80000002,
        0x80000002, 0x80000002, 0x80000002, 0x80000002, 0x80000002, 0x80000002, 0x80000002, 0x80000003, 0x80000003,
        0x80000003, 0x80000003, 0x80000003, 0x80000003, 0x80000003, 0x000105AD, 0x80000002, 0x80000003, 0x80000003,
        0x80000003, 0x80000003, 0x80000003, 0x80000003, 0x80000003, 0x80000003, 0x80000003, 0x80000003, 0x80000003,
        0x80000003, 0x80000003, 0x80000003, 0x80000002, 0x80000002, 0x80000002, 0x80000002, 0x80000002, 0x80000002,
        0x80000002, 0x80000002, 0x80000002, 0x80000002, 0x80000002, 0x80000002, 0x80000002, 0x80000002, 0x80000002,
        0x80000002, 0x80000002, 0x80000002, 0x80000002, 0x80000002, 0x80000002, 0x80000002, 0x80000002, 0x80000002,
        0x80000002, 0x80000002, 0x80000002, 0x80000003, 0x80000002, 0x80000002, 0x80000002, 0x80000002, 0x000105AE,
        0x80000002, 0x80000002, 0x80000002, 0x80000002, 0x80000002, 0x80000002, 0x80000002, 0x80000002, 0x80000002,
        0x80000002, 0x80000002, 0x80000002, 0x80000002, 0x80000002, 0x80000002, 0x80000002, 0x80000002, 0x80000002,
        0x80000002, 0x80000002, 0x80000002, 0x80000002, 0x80000002, 0x80000002, 0x80000002, 0x80000002, 0x80000002,
        0x80000002, 0x80000002, 0x80000002, 0x80000002, 0x80000002, 0x80000002, 0x80000002, 0x80000002, 0x80000002,
        0x80000002, 0x80000002, 0x80000002, 0x80000002, 0x80000002, 0x80000002, 0x80000002, 0x80000002, 0x80000002,
        0x80000002, 0x80000002, 0x80000002, 0x80000002, 0x80000002, 0x80000002, 0x80000002, 0x80000002, 0x80000002,
        0x80000002, 0x80000002, 0x80000002, 0x80000002, 0x80000002, 0x80000002, 0x80000002, 0x80000002, 0x80000002,
        0x80000002, 0x80000002, 0x80000002, 0x80000002, 0x80000002, 0x80000002, 0x80000002, 0x80000002, 0x80000002,
        0x80000002, 0x80000002, 0x80000002, 0x80000002, 0x80000002, 0x80000002, 0x80000002, 0x80000002, 0x80000002,
        0x80000002, 0x80000002, 0x000105AF, 0x80000003, 0x80000003, 0x80000003, 0x80000003, 0x80000003, 0x80000003,
        0x80000003, 0x80000003, 0x80000003, 0x80000003, 0x80000003, 0x80000003, 0x000105B0, 0x000105B1, 0x000105B2,
        0x000105B3, 0x000105B4, 0x000105B5, 0x000105B6, 0x000105B7, 0x000105B8, 0x000105B9, 0x000105BA, 0x000105BB,
        0x000105BC, 0x000105BD, 0x000105BE, 0x000105BF, 0x000105C0, 0x000105C1, 0x000105C2, 0x000105C3, 0x000105C4,
        0x000105C5, 0x000105C6, 0x000105C7, 0x000105C8, 0x000105C9, 0x000105CA, 0x000105CB, 0x000105CC, 0x000105CD,
        0x000105CE, 0x000105CF, 0x000105D0, 0x000105D1, 0x000105D2, 0x000105D3, 0x000105D4, 0x000105D5, 0x000105D6,
        0x000105D7, 0x000105D8, 0x000105D9, 0x000105DA, 0x000105DB, 0x000105DC, 0x000105DD, 0x000105DE, 0x000105DF,
        0x000105E0, 0x000105E1, 0x000105E2, 0x000105E3, 0x000105E4, 0x000105E5, 0x000105E6, 0x000105E7, 0x000105E8,
        0x000105E9, 0x000105EA, 0x000105EB, 0x000105EC, 0x000105ED, 0x000105EE, 0x000105EF, 0x000105F0, 0x000105F1,
        0x000105F2, 0x000105F3, 0x000105F4, 0x000105F5, 0x000105F6, 0x000105F7, 0x000105F8, 0x000105F9, 0x000105FA,
        0x000105FB, 0x000105FC, 0x000105FD, 0x000105FE, 0x000105FF, 0x00010600, 0x00010601, 0x00010602, 0x00010603,
        0x00010604, 0x00010605, 0x00010606, 0x00010607, 0x00010608, 0x00010609, 0x0001060A, 0x0001060B, 0x0001060C,
        0x0001060D, 0x0001060E, 0x0001060F, 0x00010610, 0x00010611, 0x00010612, 0x00010613, 0x00010614, 0x00010615,
        0x00010616, 0x00010617, 0x00010618, 0x00010619, 0x0001061A, 0x0001061B, 0x0001061C, 0x0001061D, 0x0001061E,
        0x0001061F, 0x00010620, 0x00010621, 0x00010622, 0x00010623, 0x00010624, 0x00010625, 0x00010626, 0x00010627,
        0x00010628, 0x00010629, 0x0001062A, 0x0001062B, 0x0001062C, 0x0001062D, 0x0001062E, 0x0001062F, 0x00010630,
        0x00010631, 0x00010632, 0x00010633, 0x00010634, 0x00010635, 0x00010636, 0x00010637, 0x00010638, 0x00010639,
        0x0001063A, 0x0001063B, 0x0001063C, 0x0001063D, 0x0001063E, 0x0001063F, 0x00010640, 0x00010641, 0x00010642,
        0x00010643, 0x00010644, 0x00010645, 0x00010646, 0x00010647, 0x00010648, 0x00010649, 0x0001064A, 0x0001064B,
        0x0001064C, 0x0001064D, 0x0001064E, 0x0001064F, 0x00010650, 0x00010651, 0x00010652, 0x00010653, 0x00010654,
        0x00010655, 0x00010656, 0x00010657, 0x00010658, 0x00010659, 0x0001065A, 0x0001065B, 0x0001065C, 0x0001065D,
        0x0001065E, 0x0001065F, 0x00010660, 0x00010661, 0x00010662, 0x00010663, 0x00010664, 0x00010665, 0x00010666,
        0x00010667, 0x00010668, 0x00010669, 0x0001066A, 0x0001066B, 0x0001066C, 0x0001066D, 0x0001066E, 0x0001066F,
        0x00010670, 0x00010671, 0x00010672, 0x00010673, 0x00010674, 0x00010675, 0x00010676, 0x00010677, 0x00010678,
        0x00010679, 0x0001067A, 0x0001067B, 0x0001067C, 0x0001067D, 0x0001067E, 0x0001067F, 0x00010680, 0x00010681,
        0x00010682, 0x00010683, 0x00010684, 0x00010685, 0x80000003, 0x80000003, 0x80000003, 0x80000003, 0x80000003,
        0x80000003, 0x80000003, 0x80000003, 0x80000003, 0x80000003, 0x80000003, 0x80000003, 0x80000003, 0x80000003,
        0x80000003, 0x80000003, 0x80000003, 0x80000003, 0x80000003, 0x80000003, 0x80000003, 0x80000003, 0x80000003,
        0x80000003, 0x80000003, 0x80000003, 0x80000003, 0x80000003, 0x80000003, 0x80000003, 0x80000003, 0x80000003,
        0x80000003, 0x80000003, 0x80000003, 0x80000003, 0x80000003, 0x80000003, 0x80000003, 0x80000003, 0x80000003,
        0x80000003, 0x0001001A, 0x80000002, 0x00010686, 0x80000002, 0x80000002, 0x80000002, 0x80000002, 0x80000002,
        0x80000002, 0x80000002, 0x80000002, 0x80000002, 0x80000002, 0x80000002, 0x80000002, 0x80000002, 0x80000002,
        0x80000002, 0x80000002, 0x80000002, 0x80000002, 0x80000002, 0x80000002, 0x80000002, 0x80000002, 0x80000002,
        0x80000002, 0x80000002, 0x80000002, 0x80000002, 0x80000002, 0x80000002, 0x80000002, 0x80000002, 0x80000002,
        0x80000002, 0x80000002, 0x80000002, 0x80000002, 0x80000002, 0x80000002, 0x80000002, 0x80000002, 0x80000002,
        0x80000002, 0x80000002, 0x80000002, 0x80000002, 0x80000002, 0x80000002, 0x80000002, 0x80000002, 0x80000002,
        0x80000002, 0x00010687, 0x80000002, 0x000105C7, 0x00010688, 0x00010689, 0x80000002, 0x80000002, 0x80000002,
        0x80000002, 0x80000002, 0x80000002, 0x80000002, 0x80000002, 0x80000002, 0x80000002, 0x80000002, 0x80000002,
        0x80000002, 0x80000002, 0x80000002, 0x80000002, 0x80000002, 0x80000002, 0x80000002, 0x80000002, 0x80000002,
        0x80000002, 0x80000002, 0x80000002, 0x80000002, 0x80000002, 0x80000002, 0x80000002, 0x80000003, 0x80000003,
        0x80000002, 0x80000002, 0x0002068A, 0x0002068C, 0x80000002, 0x80000002, 0x0002068E, 0x80000002, 0x80000002,
        0x80000002, 0x80000002, 0x80000002, 0x80000002, 0x80000002, 0x80000002, 0x80000002, 0x80000002, 0x80000002,
        0x80000002, 0x80000002, 0x80000002, 0x80000002, 0x80000002, 0x80000002, 0x80000002, 0x80000002, 0x80000002,
        0x80000002, 0x80000002, 0x80000002, 0x80000002, 0x80000002, 0x80000002, 0x80000002, 0x80000002, 0x80000002,
        0x80000002, 0x80000002, 0x80000002, 0x80000002, 0x80000002, 0x80000002, 0x80000002, 0x80000002, 0x80000002,
        0x80000002, 0x80000002, 0x80000002, 0x80000002, 0x80000002, 0x80000002, 0x80000002, 0x80000002, 0x80000002,
        0x80000002, 0x80000002, 0x80000002, 0x80000002, 0x80000002, 0x80000002, 0x80000002, 0x80000002, 0x80000002,
        0x80000002, 0x80000002, 0x80000002, 0x80000002, 0x80000002, 0x80000002, 0x80000002, 0x80000002, 0x80000002,
        0x80000002, 0x80000002, 0x80000002, 0x80000002, 0x80000002, 0x80000002, 0x80000002, 0x80000002, 0x80000002,
        0x80000002, 0x80000002, 0x80000002, 0x80000002, 0x80000002, 0x80000002, 0x80000002, 0x80000002, 0x80000002,
        0x80000002, 0x80000002, 0x80000002, 0x80000002, 0x80000002, 0x80000002, 0x80000002, 0x80000002, 0x80000002,
        0x80000002, 0x80000002, 0x80000002, 0x00020690, 0x80000003, 0x80000003, 0x80000003, 0x80000003, 0x80000003,
        0x80000002, 0x80000002, 0x80000002, 0x80000002, 0x80000002, 0x80000002, 0x80000002, 0x80000002, 0x80000002,
        0x80000002, 0x80000002, 0x80000002, 0x80000002, 0x80000002, 0x80000002, 0x80000002, 0x80000002, 0x80000002,
        0x80000002, 0x80000002, 0x80000002, 0x80000002, 0x80000002, 0x80000002, 0x80000002, 0x80000002, 0x80000002,
        0x80000002, 0x80000002, 0x80000002, 0x80000002, 0x80000002, 0x80000002, 0x80000002, 0x80000002, 0x80000002,
        0x80000002, 0x80000002, 0x80000002, 0x80000002, 0x80000002, 0x80000002, 0x80000002, 0x80000003, 0x00010692,
        0x00010693, 0x00010694, 0x00010695, 0x00010696, 0x00010697, 0x00010698, 0x00010699, 0x0001069A, 0x0001069B,
        0x0001069C, 0x0001069D, 0x0001069E, 0x0001069F, 0x000106A0, 0x000106A1, 0x000106A2, 0x000106A3, 0x000106A4,
        0x000106A5, 0x000106A6, 0x000106A7, 0x000106A8, 0x000106A9, 0x000106AA, 0x000106AB, 0x000106AC, 0x000106AD,
        0x000106AE, 0x000106AF, 0x000106B0, 0x000106B1, 0x000106B2, 0x000106B3, 0x000106B4, 0x000106B5, 0x000106B6,
        0x000106B7, 0x000106B8, 0x000106B9, 0x000106BA, 0x000106BB, 0x000106BC, 0x000106BD, 0x000106BE, 0x000106BF,
        0x000106C0, 0x000106C1, 0x000106C2, 0x000106C3, 0x000106C4, 0x80000003, 0x000106C5, 0x000106C6, 0x000106C7,
        0x000106C8, 0x000106C9, 0x000106CA, 0x000106CB, 0x000106CC, 0x000106CD, 0x000106CE, 0x000106CF, 0x000106D0,
        0x000106D1, 0x000106D2, 0x000106D3, 0x000106D4, 0x000106D5, 0x000106D6, 0x000106D7, 0x000106D8, 0x000106D9,
        0x000106DA, 0x000106DB, 0x000106DC, 0x000106DD, 0x000106DE, 0x000106DF, 0x000106E0, 0x000106E1, 0x000106E2,
        0x000106E3, 0x000106E4, 0x000106E5, 0x000106E6, 0x000106E7, 0x000106E8, 0x000106E9, 0x000106EA, 0x000106EB,
        0x000106EC, 0x000106ED, 0x000106EE, 0x80000003, 0x80000002, 0x80000002, 0x000105B0, 0x000105B6, 0x000106EF,
        0x000106F0, 0x000106F1, 0x000106F2, 0x000106F3, 0x000106F4, 0x000105B4, 0x000106F5, 0x000106F6, 0x000106F7,
        0x000106F8, 0x000105B8, 0x80000002, 0x80000002, 0x80000002, 0x80000002, 0x80000002, 0x80000002, 0x80000002,
        0x80000002, 0x80000002, 0x80000002, 0x80000002, 0x80000002, 0x80000002, 0x80000002, 0x80000002, 0x80000002,
        0x80000002, 0x80000002, 0x80000002, 0x80000002, 0x80000002, 0x80000002, 0x80000002, 0x80000002, 0x80000002,
        0x80000002, 0x80000002, 0x80000002, 0x80000002, 0x80000002, 0x80000002, 0x80000002, 0x000306F9, 0x000306FC,
        0x000306FF, 0x00030702, 0x00030705, 0x00030708, 0x0003070B, 0x0003070E, 0x00030711, 0x00030714, 0x00030717,
        0x0003071A, 0x0003071D, 0x00030720, 0x00030723, 0x00030726, 0x00030729, 0x0003072C, 0x0003072F, 0x00030732,
        0x00030735, 0x00030738, 0x0003073B, 0x0003073E, 0x00030741, 0x00030744, 0x00030747, 0x0003074A, 0x0003074D,
        0x00040750, 0x00040754, 0x80000003, 0x00030758, 0x0003075B, 0x0003075E, 0x00030761, 0x00030764, 0x00030767,
        0x0003076A, 0x0003076D, 0x00030770, 0x00030773, 0x00030776, 0x00030779, 0x0003077C, 0x0003077F, 0x00030782,
        0x00030785, 0x00030788, 0x0003078B, 0x0003078E, 0x00030791, 0x00030794, 0x00030797, 0x0003079A, 0x0003079D,
        0x000307A0, 0x000307A3, 0x000307A6, 0x000307A9, 0x000307AC, 0x000307AF, 0x000307B2, 0x000307B5, 0x000307B8,
        0x000307BB, 0x000307BE, 0x000307C1, 0x000107C4, 0x000107C5, 0x000105F2, 0x000107C6, 0x80000002, 0x80000002,
        0x80000002, 0x80000002, 0x80000002, 0x80000002, 0x80000002, 0x80000002, 0x000307C7, 0x000207CA, 0x000207CC,
        0x000207CE, 0x000207D0, 0x000207D2, 0x000207D4, 0x000207D6, 0x000207D8, 0x000207DA, 0x000207DC, 0x000207DE,
        0x000207E0, 0x000207E2, 0x000207E4, 0x000207E6, 0x00010692, 0x00010695, 0x00010698, 0x0001069A, 0x000106A2,
        0x000106A3, 0x000106A6, 0x000106A8, 0x000106A9, 0x000106AB, 0x000106AC, 0x000106AD, 0x000106AE, 0x000106AF,
        0x000107E8, 0x000107E9, 0x000107EA, 0x000107EB, 0x000107EC, 0x000107ED, 0x000107EE, 0x000107EF, 0x000107F0,
        0x000107F1, 0x000107F2, 0x000107F3, 0x000107F4, 0x000107F5, 0x000207F6, 0x000207F8, 0x000107FA, 0x80000002,
        0x000105B0, 0x000105B6, 0x000106EF, 0x000106F0, 0x000107FB, 0x000107FC, 0x000107FD, 0x000105BB, 0x000107FE,
        0x000105C7, 0x000105F9, 0x00010605, 0x00010604, 0x000105FA, 0x00010656, 0x000105CF, 0x000105F7, 0x000107FF,
        0x00010800, 0x00010801, 0x00010802, 0x00010803, 0x00010804, 0x00010805, 0x00010806, 0x00010807, 0x00010808,
        0x000105D5, 0x00010809, 0x0001080A, 0x0001080B, 0x0001080C, 0x0001080D, 0x0001080E, 0x0001080F, 0x00010810,
        0x000106F1, 0x000106F2, 0x000106F3, 0x00010811, 0x00010812, 0x00010813, 0x00010814, 0x00010815, 0x00010816,
        0x00010817, 0x00010818, 0x00010819, 0x0001081A, 0x0002081B, 0x0002081D, 0x0002081F, 0x00020821, 0x00020823,
        0x00020825, 0x00020827, 0x00020829, 0x0002082B, 0x0002082D, 0x0002082F, 0x00020831, 0x00020833, 0x00020835,
        0x00020837, 0x00020839, 0x0002083B, 0x0002083D, 0x0002083F, 0x00020841, 0x00020843, 0x00020845, 0x00020847,
        0x00020849, 0x0003084B, 0x0003084E, 0x00030851, 0x00020854, 0x00030856, 0x00020859, 0x0003085B, 0x0001085E,
        0x0001085F, 0x00010860, 0x00010861, 0x00010862, 0x00010863, 0x00010864, 0x00010865, 0x00010866, 0x00010867,
        0x00010868, 0x00010869, 0x0001086A, 0x0001086B, 0x0001086C, 0x0001086D, 0x0001086E, 0x0001086F, 0x00010870,
        0x00010871, 0x00010872, 0x00010873, 0x00010874, 0x00010875, 0x00010876, 0x00010877, 0x00010878, 0x00010879,
        0x0001087A, 0x0001087B, 0x0001087C, 0x0001087D, 0x0001087E, 0x0001087F, 0x00010880, 0x00010881, 0x00010882,
        0x00010883, 0x00010884, 0x00010885, 0x00010886, 0x00010887, 0x00010888, 0x00010889, 0x0001088A, 0x0001088B,
        0x0001088C, 0x0002088D, 0x0004088F, 0x00040893, 0x00040897, 0x0003089B, 0x0004089E, 0x000308A2, 0x000308A5,
        0x000508A8, 0x000408AD, 0x000308B1, 0x000308B4, 0x000308B7, 0x000408BA, 0x000408BE, 0x000308C2, 0x000308C5,
        0x000208C8, 0x000308CA, 0x000408CD, 0x000408D1, 0x000208D5, 0x000508D7, 0x000608DC, 0x000508E2, 0x000308E7,
        0x000508EA, 0x000508EF, 0x000408F4, 0x000308F8, 0x000308FB, 0x000308FE, 0x00040901, 0x00050905, 0x0004090A,
        0x0003090E, 0x00030911, 0x00030914, 0x00020917, 0x00020919, 0x0002091B, 0x0002091D, 0x0003091F, 0x00030922,
        0x00050925, 0x0003092A, 0x0004092D, 0x00050931, 0x00030936, 0x00020939, 0x0002093B, 0x0005093D, 0x00040942,
        0x00050946, 0x0003094B, 0x0005094E, 0x00020953, 0x00030955, 0x00030958, 0x0003095B, 0x0003095E, 0x00030961,
        0x00040964, 0x00030968, 0x0002096B, 0x0003096D, 0x00030970, 0x00030973, 0x00040976, 0x0003097A, 0x0003097D,
        0x00030980, 0x00050983, 0x00040988, 0x0002098C, 0x0005098E, 0x00020993, 0x00040995, 0x00040999, 0x0003099D,
        0x000309A0, 0x000309A3, 0x000409A6, 0x000209AA, 0x000309AC, 0x000409AF, 0x000209B3, 0x000509B5, 0x000309BA,
        0x000209BD, 0x000209BF, 0x000209C1, 0x000209C3, 0x000209C5, 0x000209C7, 0x000209C9, 0x000209CB, 0x000209CD,
        0x000209CF, 0x000309D1, 0x000309D4, 0x000309D7, 0x000309DA, 0x000309DD, 0x000309E0, 0x000309E3, 0x000309E6,
        0x000309E9, 0x000309EC, 0x000309EF, 0x000309F2, 0x000309F5, 0x000309F8, 0x000309FB, 0x000309FE, 0x00020A01,
        0x00020A03, 0x00030A05, 0x00020A08, 0x00020A0A, 0x00020A0C, 0x00030A0E, 0x00030A11, 0x00020A14, 0x00020A16,
        0x00020A18, 0x00020A1A, 0x00020A1C, 0x00040A1E, 0x00020A22, 0x00020A24, 0x00020A26, 0x00020A28, 0x00020A2A,
        0x00020A2C, 0x00020A2E, 0x00020A30, 0x00030A32, 0x00040A35, 0x00020A39, 0x00020A3B, 0x00020A3D, 0x00020A3F,
        0x00020A41, 0x00020A43, 0x00020A45, 0x00030A47, 0x00030A4A, 0x00030A4D, 0x00030A50, 0x00020A53, 0x00020A55,
        0x00020A57, 0x00020A59, 0x00020A5B, 0x00020A5D, 0x00020A5F, 0x00020A61, 0x00020A63, 0x00020A65, 0x00030A67,
        0x00030A6A, 0x00020A6D, 0x00030A6F, 0x00030A72, 0x00030A75, 0x00020A78, 0x00030A7A, 0x00030A7D, 0x00040A80,
        0x00020A22, 0x00030A84, 0x00030A87, 0x00030A8A, 0x00030A8D, 0x00050A90, 0x00060A95, 0x00020A9B, 0x00020A9D,
        0x00020A9F, 0x00020AA1, 0x00020AA3, 0x00020AA5, 0x00020AA7, 0x00020AA9, 0x00020AAB, 0x00020AA9, 0x00020AAD,
        0x00020AAF, 0x00020AB1, 0x00020AB3, 0x00020AB5, 0x00020AB3, 0x00020AB7, 0x00020AB9, 0x80000003, 0x00020ABB,
        0x00020ABD, 0x00020ABF, 0x00040AC1, 0x80000003, 0x00020AC5, 0x00020AC7, 0x00020AC9, 0x00020ACB, 0x00020ACD,
        0x00020ACF, 0x00020A65, 0x00020AD1, 0x00020AD3, 0x00020AD5, 0x00030AD7, 0x00020ADA, 0x00020A2E, 0x00030ADC,
        0x00030ADF, 0x00020AE2, 0x80000003, 0x00030AE4, 0x00020AE7, 0x00020AE9, 0x00020AEB, 0x00020AED, 0x00030AEF,
        0x00030AF2, 0x00020AF5, 0x00020AF7, 0x00020AF9, 0x00020AFB, 0x00020AFD, 0x00020AFF, 0x00020B01, 0x00020B03,
        0x00020B05, 0x00030B07, 0x00030B0A, 0x00030B0D, 0x00030B10, 0x00030B13, 0x00030B16, 0x00030B19, 0x00030B1C,
        0x00030B1F, 0x00030B22, 0x00030B25, 0x00030B28, 0x00030B2B, 0x00030B2E, 0x00030B31, 0x00030B34, 0x00030B37,
        0x00030B3A, 0x00030B3D, 0x00030B40, 0x00030B43, 0x00030B46, 0x00030B49, 0x00010B4C, 0x80000002, 0x00010B4D,
        0x80000002, 0x00010B4E, 0x80000002, 0x00010B4F, 0x80000002, 0x00010B50, 0x80000002, 0x00010274, 0x80000002,
        0x00010B51, 0x80000002, 0x00010B52, 0x80000002, 0x00010B53, 0x80000002, 0x00010B54, 0x80000002, 0x00010B55,
        0x80000002, 0x00010B56, 0x80000002, 0x00010B57, 0x80000002, 0x00010B58, 0x80000002, 0x00010B59, 0x80000002,
        0x00010B5A, 0x80000002, 0x00010B5B, 0x80000002, 0x00010B5C, 0x80000002, 0x00010B5D, 0x80000002, 0x00010B5E,
        0x80000002, 0x00010B5F, 0x80000002, 0x00010B60, 0x80000002, 0x00010B61, 0x80000002, 0x80000002, 0x80000002,
        0x80000002, 0x80000002, 0x80000002, 0x80000002, 0x80000002, 0x80000002, 0x80000002, 0x80000002, 0x80000002,
        0x80000002, 0x80000002, 0x80000002, 0x80000002, 0x80000002, 0x80000002, 0x80000002, 0x00010B62, 0x80000002,
        0x00010B63, 0x80000002, 0x00010B64, 0x80000002, 0x00010B65, 0x80000002, 0x00010B66, 0x80000002, 0x00010B67,
        0x80000002, 0x00010B68, 0x80000002, 0x00010B69, 0x80000002, 0x00010B6A, 0x80000002, 0x00010B6B, 0x80000002,
        0x00010B6C, 0x80000002, 0x00010B6D, 0x80000002, 0x00010B6E, 0x80000002, 0x00010B6F, 0x80000002, 0x0001017B,
        0x0001017D, 0x80000002, 0x80000002, 0x80000002, 0x80000002, 0x80000002, 0x80000002, 0x80000002, 0x80000002,
        0x80000002, 0x80000002, 0x80000002, 0x80000002, 0x80000002, 0x80000002, 0x80000002, 0x80000002, 0x80000002,
        0x80000002, 0x80000002, 0x80000002, 0x80000002, 0x80000002, 0x80000002, 0x80000002, 0x80000002, 0x80000002,
        0x80000002, 0x80000002, 0x80000002, 0x80000002, 0x80000002, 0x80000002, 0x80000002, 0x80000002, 0x80000002,
        0x80000002, 0x80000002, 0x80000002, 0x80000002, 0x80000002, 0x80000002, 0x80000002, 0x80000002, 0x80000002,
        0x80000002, 0x80000002, 0x80000002, 0x80000002, 0x80000002, 0x80000002, 0x80000002, 0x80000002, 0x80000002,
        0x80000002, 0x80000002, 0x80000002, 0x80000002, 0x80000002, 0x80000002, 0x80000002, 0x80000002, 0x80000002,
        0x80000002, 0x80000002, 0x80000002, 0x80000002, 0x80000002, 0x80000002, 0x00010B70, 0x80000002, 0x00010B71,
        0x80000002, 0x00010B72, 0x80000002, 0x00010B73, 0x80000002, 0x00010B74, 0x80000002, 0x00010B75, 0x80000002,
        0x00010B76, 0x80000002, 0x80000002, 0x80000002, 0x00010B77, 0x80000002, 0x00010B78, 0x80000002, 0x00010B79,
        0x80000002, 0x00010B7A, 0x80000002, 0x00010B7B, 0x80000002, 0x00010B7C, 0x80000002, 0x00010B7D, 0x80000002,
        0x00010B7E, 0x80000002, 0x00010B7F, 0x80000002, 0x00010B80, 0x80000002, 0x00010B81, 0x80000002, 0x00010B82,
        0x80000002, 0x00010B83, 0x80000002, 0x00010B84, 0x80000002, 0x00010B85, 0x80000002, 0x00010B86, 0x80000002,
        0x00010B87, 0x80000002, 0x00010B88, 0x80000002, 0x00010B89, 0x80000002, 0x00010B8A, 0x80000002, 0x00010B8B,
        0x80000002, 0x00010B8C, 0x80000002, 0x00010B8D, 0x80000002, 0x00010B8E, 0x80000002, 0x00010B8F, 0x80000002,
        0x00010B90, 0x80000002, 0x00010B91, 0x80000002, 0x00010B92, 0x80000002, 0x00010B93, 0x80000002, 0x00010B94,
        0x80000002, 0x00010B95, 0x80000002, 0x00010B95, 0x80000002, 0x80000002, 0x80000002, 0x80000002, 0x80000002,
        0x80000002, 0x80000002, 0x80000002, 0x00010B96, 0x80000002, 0x00010B97, 0x80000002, 0x00010B98, 0x00010B99,
        0x80000002, 0x00010B9A, 0x80000002, 0x00010B9B, 0x80000002, 0x00010B9C, 0x80000002, 0x00010B9D, 0x80000002,
        0x80000002, 0x80000002, 0x80000002, 0x00010B9E, 0x80000002, 0x000102AE, 0x80000002, 0x80000002, 0x00010B9F,
        0x80000002, 0x00010BA0, 0x80000002, 0x80000002, 0x80000002, 0x00010BA1, 0x80000002, 0x00010BA2, 0x80000002,
        0x00010BA3, 0x80000002, 0x00010BA4, 0x80000002, 0x00010BA5, 0x80000002, 0x00010BA6, 0x80000002, 0x00010BA7,
        0x80000002, 0x00010BA8, 0x80000002, 0x00010BA9, 0x80000002, 0x00010BAA, 0x80000002, 0x000100FD, 0x000102A5,
        0x000102AD, 0x00010BAB, 0x000102AF, 0x80000002, 0x00010BAC, 0x00010BAD, 0x000102B1, 0x00010BAE, 0x00010BAF,
        0x80000002, 0x00010BB0, 0x80000002, 0x00010BB1, 0x80000002, 0x00010BB2, 0x80000002, 0x00010BB3, 0x80000002,
        0x00010BB4, 0x80000002, 0x00010BB5, 0x80000002, 0x00010BB6, 0x80000002, 0x00010BB7, 0x000102BA, 0x00010BB8,
        0x00010BB9, 0x80000002, 0x00010BBA, 0x80000002, 0x80000003, 0x80000003, 0x80000003, 0x80000003, 0x80000003,
        0x00010BBB, 0x80000002, 0x80000003, 0x80000002, 0x80000003, 0x80000002, 0x00010BBC, 0x80000002, 0x00010BBD,
        0x80000002, 0x80000003, 0x80000003, 0x80000003, 0x80000003, 0x80000003, 0x80000003, 0x80000003, 0x80000003,
        0x80000003, 0x80000003, 0x80000003, 0x80000003, 0x80000003, 0x80000003, 0x80000003, 0x80000003, 0x80000003,
        0x80000003, 0x80000003, 0x80000003, 0x80000003, 0x80000003, 0x80000003, 0x80000003, 0x00010002, 0x00010005,
        0x00010010, 0x00010BBE, 0x80000002, 0x80000002, 0x00010061, 0x0001007B, 0x80000002, 0x80000002, 0x80000002,
        0x80000002, 0x80000002, 0x80000002, 0x80000002, 0x80000002, 0x80000002, 0x80000002, 0x80000002, 0x80000002,
        0x80000002, 0x80000002, 0x80000002, 0x80000002, 0x80000002, 0x80000002, 0x80000002, 0x80000002, 0x80000002,
        0x80000002, 0x80000002, 0x80000002, 0x80000002, 0x80000002, 0x80000002, 0x80000002, 0x80000002, 0x80000002,
        0x80000002, 0x80000002, 0x80000002, 0x80000002, 0x00010B72, 0x00010BBF, 0x0001056E, 0x00010BC0, 0x80000002,
        0x80000002, 0x80000002, 0x80000002, 0x80000002, 0x80000002, 0x80000002, 0x80000002, 0x80000002, 0x00010BC1,
        0x80000002, 0x80000002, 0x80000003, 0x80000003, 0x80000003, 0x80000003, 0x00010BC2, 0x00010BC3, 0x00010BC4,
        0x00010BC5, 0x00010BC6, 0x00010BC7, 0x00010BC8, 0x00010BC9, 0x00010BCA, 0x00010BCB, 0x00010BCC, 0x00010BCD,
        0x00010BCE, 0x00010BCF, 0x00010BD0, 0x00010BD1, 0x00010BD2, 0x00010BD3, 0x00010BD4, 0x00010BD5, 0x00010BD6,
        0x00010BD7, 0x00010BD8, 0x00010BD9, 0x00010BDA, 0x00010BDB, 0x00010BDC, 0x00010BDD, 0x00010BDE, 0x00010BDF,
        0x00010BE0, 0x00010BE1, 0x00010BE2, 0x00010BE3, 0x00010BE4, 0x00010BE5, 0x00010BE6, 0x00010BE7, 0x00010BE8,
        0x00010BE9, 0x00010BEA, 0x00010BEB, 0x00010BEC, 0x00010BED, 0x00010BEE, 0x00010BEF, 0x00010BF0, 0x00010BF1,
        0x00010BF2, 0x00010BF3, 0x00010BF4, 0x00010BF5, 0x00010BF6, 0x00010BF7, 0x00010BF8, 0x00010BF9, 0x00010BFA,
        0x00010BFB, 0x00010BFC, 0x00010BFD, 0x00010BFE, 0x00010BFF, 0x00010C00, 0x00010C01, 0x00010C02, 0x00010C03,
        0x00010C04, 0x00010C05, 0x00010C06, 0x00010C07, 0x00010C08, 0x00010C09, 0x00010C0A, 0x00010C0B, 0x00010C0C,
        0x00010C0D, 0x00010C0E, 0x00010C0F, 0x00010C10, 0x00010C11, 0x00010C12, 0x00010C13, 0x0001064E, 0x00010C14,
        0x00010C15, 0x00010C16, 0x00010C17, 0x00010684, 0x00010684, 0x00010C18, 0x00010656, 0x00010C19, 0x00010C1A,
        0x00010C1B, 0x00010C1C, 0x00010C1D, 0x00010C1E, 0x00010C1F, 0x00010C20, 0x00010C21, 0x00010C22, 0x00010C23,
        0x00010C24, 0x00010C25, 0x00010C26, 0x00010C27, 0x00010C28, 0x00010C29, 0x00010C2A, 0x00010C2B, 0x00010C2C,
        0x00010C2D, 0x00010C2E, 0x00010C2F, 0x00010C30, 0x00010C31, 0x00010C32, 0x00010C33, 0x00010C34, 0x00010C35,
        0x00010C36, 0x00010C37, 0x00010C38, 0x00010C39, 0x00010C3A, 0x00010C3B, 0x00010C3C, 0x00010C3D, 0x00010C3E,
        0x00010C3F, 0x00010C40, 0x00010C41, 0x0001062C, 0x00010C42, 0x00010C43, 0x00010C44, 0x00010C45, 0x00010C46,
        0x00010C47, 0x00010C48, 0x00010C49, 0x00010C4A, 0x00010C4B, 0x00010C4C, 0x00010675, 0x00010C4D, 0x00010C4E,
        0x00010C4F, 0x00010C50, 0x00010C51, 0x00010C52, 0x00010C53, 0x00010C54, 0x00010C55, 0x00010C56, 0x00010C57,
        0x00010C58, 0x00010C59, 0x00010C5A, 0x00010C5B, 0x00010C5C, 0x00010C5D, 0x00010C5E, 0x00010C5F, 0x00010C60,
        0x00010C61, 0x00010C62, 0x00010C63, 0x00010C64, 0x00010C65, 0x00010C66, 0x00010C67, 0x00010C22, 0x00010C68,
        0x00010C69, 0x00010C6A, 0x00010C6B, 0x00010C6C, 0x00010C6D, 0x00010C6E, 0x00010C6F, 0x00010C70, 0x00010C71,
        0x00010C72, 0x00010C73, 0x00010C74, 0x00010C75, 0x00010C76, 0x00010C77, 0x00010C78, 0x00010C79, 0x00010C7A,
        0x00010C7B, 0x00010650, 0x00010C7C, 0x00010C7D, 0x00010C7E, 0x00010C7F, 0x00010C80, 0x00010C81, 0x00010C82,
        0x00010C83, 0x00010C84, 0x00010C85, 0x00010C86, 0x00010C87, 0x00010C88, 0x00010C89, 0x00010C8A, 0x000105D5,
        0x00010C8B, 0x00010C8C, 0x00010C8D, 0x00010C8E, 0x00010C8F, 0x00010C90, 0x00010C91, 0x00010C92, 0x000105C2,
        0x00010C93, 0x00010C94, 0x00010C95, 0x00010C96, 0x00010C97, 0x00010C98, 0x00010C99, 0x00010C9A, 0x00010C9B,
        0x00010C9C, 0x00010C9D, 0x00010C9E, 0x00010C9F, 0x00010CA0, 0x00010CA1, 0x00010CA2, 0x00010CA3, 0x00010CA4,
        0x00010CA5, 0x00010CA6, 0x00010CA7, 0x00010CA8, 0x00010C7A, 0x00010CA9, 0x00010CAA, 0x00010CAB, 0x00010CAC,
        0x00010CAD, 0x00010CAE, 0x00010CAF, 0x00010CB0, 0x00010C6A, 0x00010CB1, 0x00010CB2, 0x00010CB3, 0x00010CB4,
        0x00010CB5, 0x00010CB6, 0x00010CB7, 0x00010CB8, 0x00010CB9, 0x00010CBA, 0x00010CBB, 0x00010CBC, 0x00010CBD,
        0x00010CBE, 0x00010CBF, 0x00010CC0, 0x00010CC1, 0x00010CC2, 0x00010CC3, 0x00010CC4, 0x00010C22, 0x00010CC5,
        0x00010CC6, 0x00010CC7, 0x00010CC8, 0x00010683, 0x00010CC9, 0x00010CCA, 0x00010CCB, 0x00010CCC, 0x00010CCD,
        0x00010CCE, 0x00010CCF, 0x00010CD0, 0x00010CD1, 0x00010CD2, 0x00010CD3, 0x00010CD4, 0x000107FC, 0x00010CD5,
        0x00010CD6, 0x00010CD7, 0x00010CD8, 0x00010CD9, 0x00010CDA, 0x00010CDB, 0x00010CDC, 0x00010CDD, 0x00010C6C,
        0x00010CDE, 0x00010CDF, 0x00010CE0, 0x00010CE1, 0x00010CE2, 0x00010CE3, 0x00010CE4, 0x00010CE5, 0x00010CE6,
        0x00010CE7, 0x00010CE8, 0x00010CE9, 0x00010CEA, 0x00010655, 0x00010CEB, 0x00010CEC, 0x00010CED, 0x00010CEE,
        0x00010CEF, 0x00010CF0, 0x00010CF1, 0x00010CF2, 0x00010CF3, 0x00010CF4, 0x00010CF5, 0x00010CF6, 0x00010CF7,
        0x00010624, 0x00010CF8, 0x00010CF9, 0x00010CFA, 0x00010CFB, 0x00010CFC, 0x00010CFD, 0x00010CFE, 0x00010CFF,
        0x00010D00, 0x00010D01, 0x00010D02, 0x00010D03, 0x00010D04, 0x00010D05, 0x00010D06, 0x00010D07, 0x0001063F,
        0x00010D08, 0x00010642, 0x00010D09, 0x00010D0A, 0x00010D0B, 0x80000002, 0x80000002, 0x00010D0C, 0x80000002,
        0x00010D0D, 0x80000002, 0x80000002, 0x00010D0E, 0x00010D0F, 0x00010D10, 0x00010D11, 0x00010D12, 0x00010D13,
        0x00010D14, 0x00010D15, 0x00010D16, 0x0001062B, 0x80000002, 0x00010D17, 0x80000002, 0x00010D18, 0x80000002,
        0x80000002, 0x00010D19, 0x00010D1A, 0x80000002, 0x80000002, 0x80000002, 0x00010D1B, 0x00010D1C, 0x00010D1D,
        0x00010D1E, 0x00010D1F, 0x00010D20, 0x00010D21, 0x00010D22, 0x00010D23, 0x00010D24, 0x00010D25, 0x00010D26,
        0x00010D27, 0x00010D28, 0x00010D29, 0x00010D2A, 0x00010D2B, 0x00010D2C, 0x000105DC, 0x00010D2D, 0x00010D2E,
        0x00010D2F, 0x00010D30, 0x00010D31, 0x00010D32, 0x00010D33, 0x00010D34, 0x00010D35, 0x00010D36, 0x00010D37,
        0x00010D38, 0x00010D39, 0x00010D3A, 0x00010D3B, 0x00010801, 0x00010D3C, 0x00010D3D, 0x00010D3E, 0x00010D3F,
        0x00010805, 0x00010D40, 0x00010D41, 0x00010D42, 0x00010D43, 0x00010D44, 0x00010C9E, 0x00010D45, 0x00010D46,
        0x00010D47, 0x00010D48, 0x00010D49, 0x00010D4A, 0x00010D4A, 0x00010D4B, 0x00010D4C, 0x00010D4D, 0x00010D4E,
        0x00010D4F, 0x00010D50, 0x00010D51, 0x00010D52, 0x00010D19, 0x00010D53, 0x00010D54, 0x00010D55, 0x00010D56,
        0x00020D57, 0x00010D59, 0x80000003, 0x80000003, 0x00010D5A, 0x00010D5B, 0x00010D5C, 0x00010D5D, 0x00010D5E,
        0x00010D5F, 0x00010D60, 0x00010D61, 0x00010D27, 0x00010D62, 0x00010D63, 0x00010D64, 0x00010D0C, 0x00010D65,
        0x00010D66, 0x00010D67, 0x00010D68, 0x00010D69, 0x00010D6A, 0x00010D6B, 0x00010D6C, 0x00010D6D, 0x00010D6E,
        0x00010D6F, 0x00010D70, 0x00010D2F, 0x00010D71, 0x00010D30, 0x00010D72, 0x00010D73, 0x00010D74, 0x00010D75,
        0x00010D76, 0x00010D0D, 0x00010C37, 0x00010D77, 0x00010D78, 0x000105FD, 0x00010C7B, 0x00010CCE, 0x00010D79,
        0x00010D7A, 0x00010D37, 0x00010D7B, 0x00010D38, 0x00010D7C, 0x00010D7D, 0x00010D7E, 0x00010D0F, 0x00010D7F,
        0x00010D80, 0x00010D81, 0x00010D82, 0x00010D83, 0x00010D10, 0x00010D84, 0x00010D85, 0x00010D86, 0x00010D87,
        0x00010D88, 0x00010D89, 0x00010D44, 0x00010D8A, 0x00010D8B, 0x00010C9E, 0x00010D8C, 0x00010D48, 0x00010D8D,
        0x00010D8E, 0x00010D8F, 0x00010D90, 0x00010D91, 0x00010D4D, 0x00010D92, 0x00010D18, 0x00010D93, 0x00010D4E,
        0x00010C68, 0x00010D94, 0x00010D4F, 0x00010D95, 0x00010D51, 0x00010D96, 0x00010D97, 0x00010D98, 0x00010D99,
        0x00010D9A, 0x00010D53, 0x00010D15, 0x00010D9B, 0x00010D54, 0x00010D9C, 0x00010D55, 0x00010D9D, 0x00010684,
        0x00020D9E, 0x00020DA0, 0x00020DA2, 0x00010DA4, 0x00010DA5, 0x00010DA6, 0x00020DA7, 0x00020DA9, 0x00020DAB,
        0x00010DAD, 0x00010DAE, 0x80000003, 0x80000003, 0x80000003, 0x80000003, 0x80000003, 0x80000003, 0x80000003,
        0x80000003, 0x80000003, 0x80000003, 0x80000003, 0x80000003, 0x80000003, 0x80000003, 0x80000003, 0x80000003,
        0x80000003, 0x80000003, 0x80000003, 0x80000003, 0x80000003, 0x80000003, 0x80000003, 0x80000003, 0x80000003,
        0x80000003, 0x80000003, 0x80000003, 0x80000003, 0x80000003, 0x80000003, 0x80000003, 0x80000003, 0x80000003,
        0x80000003, 0x80000003, 0x80000003, 0x80000003, 0x00020DAF, 0x00020DB1, 0x00020DB3, 0x00030DB5, 0x00030DB8,
        0x00020DBB, 0x00020DBB, 0x80000003, 0x80000003, 0x80000003, 0x80000003, 0x80000003, 0x80000003, 0x80000003,
        0x80000003, 0x80000003, 0x80000003, 0x80000003, 0x80000003, 0x00020DBD, 0x00020DBF, 0x00020DC1, 0x00020DC3,
        0x00020DC5, 0x80000003, 0x80000003, 0x80000003, 0x80000003, 0x80000003, 0x00020DC7, 0x80000002, 0x00020DC9,
        0x00010DCB, 0x00010426, 0x00010429, 0x00010DCC, 0x00010DCD, 0x00010DCE, 0x00010DCF, 0x00010DD0, 0x00010DD1,
        0x00010406, 0x00020DD2, 0x00020DD4, 0x00030DD6, 0x00030DD9, 0x00020DDC, 0x00020DDE, 0x00020DE0, 0x00020DE2,
        0x00020DE4, 0x00020DE6, 0x00020DE8, 0x00020DEA, 0x00020DEC, 0x80000003, 0x00020DEE, 0x00020DF0, 0x00020DF2,
        0x00020DF4, 0x00020DF6, 0x80000003, 0x00020DF8, 0x80000003, 0x00020DFA, 0x00020DFC, 0x80000003, 0x00020DFE,
        0x00020E00, 0x80000003, 0x00020E02, 0x00020E04, 0x00020E06, 0x00020E08, 0x00020E0A, 0x00020E0C, 0x00020E0E,
        0x00020E10, 0x00020E12, 0x00020E14, 0x00010E16, 0x00010E16, 0x00010E17, 0x00010E17, 0x00010E17, 0x00010E17,
        0x00010E18, 0x00010E18, 0x00010E18, 0x00010E18, 0x00010E19, 0x00010E19, 0x00010E19, 0x00010E19, 0x00010E1A,
        0x00010E1A, 0x00010E1A, 0x00010E1A, 0x00010E1B, 0x00010E1B, 0x00010E1B, 0x00010E1B, 0x00010E1C, 0x00010E1C,
        0x00010E1C, 0x00010E1C, 0x00010E1D, 0x00010E1D, 0x00010E1D, 0x00010E1D, 0x00010E1E, 0x00010E1E, 0x00010E1E,
        0x00010E1E, 0x00010E1F, 0x00010E1F, 0x00010E1F, 0x00010E1F, 0x00010E20, 0x00010E20, 0x00010E20, 0x00010E20,
        0x00010E21, 0x00010E21, 0x00010E21, 0x00010E21, 0x00010E22, 0x00010E22, 0x00010E22, 0x00010E22, 0x00010E23,
        0x00010E23, 0x00010E24, 0x00010E24, 0x00010E25, 0x00010E25, 0x00010E26, 0x00010E26, 0x00010E27, 0x00010E27,
        0x00010E28, 0x00010E28, 0x00010E29, 0x00010E29, 0x00010E29, 0x00010E29, 0x00010E2A, 0x00010E2A, 0x00010E2A,
        0x00010E2A, 0x00010E2B, 0x00010E2B, 0x00010E2B, 0x00010E2B, 0x00010E2C, 0x00010E2C, 0x00010E2C, 0x00010E2C,
        0x00010E2D, 0x00010E2D, 0x00010E2E, 0x00010E2E, 0x00010E2E, 0x00010E2E, 0x00010E2F, 0x00010E2F, 0x00010E30,
        0x00010E30, 0x00010E30, 0x00010E30, 0x00010E31, 0x00010E31, 0x00010E31, 0x00010E31, 0x00010E32, 0x00010E32,
        0x00010E33, 0x00010E33, 0x80000002, 0x80000002, 0x80000002, 0x80000002, 0x80000002, 0x80000002, 0x80000002,
        0x80000002, 0x80000002, 0x80000002, 0x80000002, 0x80000002, 0x80000002, 0x80000002, 0x80000002, 0x80000002,
        0x80000002, 0x80000003, 0x80000003, 0x80000003, 0x80000003, 0x80000003, 0x80000003, 0x80000003, 0x80000003,
        0x80000003, 0x80000003, 0x80000003, 0x80000003, 0x80000003, 0x80000003, 0x80000003, 0x80000003, 0x00010E34,
        0x00010E34, 0x00010E34, 0x00010E34, 0x00010E35, 0x00010E35, 0x00010E36, 0x00010E36, 0x00010E37, 0x00010E37,
        0x00020210, 0x00010E38, 0x00010E38, 0x00010E39, 0x00010E39, 0x00010E3A, 0x00010E3A, 0x00010E3B, 0x00010E3B,
        0x00010E3B, 0x00010E3B, 0x00010E3C, 0x00010E3C, 0x00020E3D, 0x00020E3D, 0x00020E3F, 0x00020E3F, 0x00020E41,
        0x00020E41, 0x00020E43, 0x00020E43, 0x00020E45, 0x00020E45, 0x00020E47, 0x00020E47, 0x00020E49, 0x00020E49,
        0x00020E49, 0x00020E4B, 0x00020E4B, 0x00020E4B, 0x00010E4D, 0x00010E4D, 0x00010E4D, 0x00010E4D, 0x00020E4E,
        0x00020E50, 0x00020E52, 0x00020E4B, 0x00020E54, 0x00020E56, 0x00020E58, 0x00020E5A, 0x00020E5C, 0x00020E5E,
        0x00020E60, 0x00020E62, 0x00020E64, 0x00020E66, 0x00020E68, 0x00020E6A, 0x00020E6C, 0x00020E6E, 0x00020E70,
        0x00020E72, 0x00020E74, 0x00020E76, 0x00020E78, 0x00020E7A, 0x00020E7C, 0x00020E7E, 0x00020E80, 0x00020E82,
        0x00020E84, 0x00020E86, 0x00020E88, 0x00020E8A, 0x00020E8C, 0x00020E8E, 0x00020E90, 0x00020E92, 0x00020E94,
        0x00020E96, 0x00020E98, 0x00020E9A, 0x00020E9C, 0x00020E9E, 0x00020EA0, 0x00020EA2, 0x00020EA4, 0x00020EA6,
        0x00020EA8, 0x00020EAA, 0x00020EAC, 0x00020EAE, 0x00020EB0, 0x00020EB2, 0x00020EB4, 0x00020EB6, 0x00020EB8,
        0x00020EBA, 0x00020EBC, 0x00020EBE, 0x00020EC0, 0x00020EC2, 0x00020EC4, 0x00020EC6, 0x00020EC8, 0x00020ECA,
        0x00020ECC, 0x00020ECE, 0x00020ED0, 0x00020ED2, 0x00020ED4, 0x00020ED6, 0x00020ED8, 0x00020EDA, 0x00020EDC,
        0x00020EDE, 0x00020EE0, 0x00020EE2, 0x00020EE4, 0x00020EE6, 0x00020EE8, 0x00020EEA, 0x00020EEC, 0x00020EEE,
        0x00020EF0, 0x00020EF2, 0x00020EF4, 0x00020EF6, 0x00020EF8, 0x00020EFA, 0x00020EFC, 0x00020EFE, 0x00020F00,
        0x00020F02, 0x00020F04, 0x00020F06, 0x00030F08, 0x00030F0B, 0x00030F0E, 0x00030F11, 0x00030F14, 0x00030F17,
        0x00020F1A, 0x00020F1C, 0x00020E52, 0x00020F1E, 0x00020E4B, 0x00020E54, 0x00020F20, 0x00020F22, 0x00020E5C,
        0x00020F24, 0x00020E5E, 0x00020E60, 0x00020F26, 0x00020F28, 0x00020E68, 0x00020F2A, 0x00020E6A, 0x00020E6C,
        0x00020F2C, 0x00020F2E, 0x00020E70, 0x00020F30, 0x00020E72, 0x00020E74, 0x00020EAE, 0x00020EB0, 0x00020EB6,
        0x00020EB8, 0x00020EBA, 0x00020EC2, 0x00020EC4, 0x00020EC6, 0x00020EC8, 0x00020ED0, 0x00020ED2, 0x00020ED4,
        0x00020F32, 0x00020EDC, 0x00020F34, 0x00020F36, 0x00020EE8, 0x00020F38, 0x00020EEA, 0x00020EEC, 0x00020F06,
        0x00020F3A, 0x00020F3C, 0x00020EFC, 0x00020F3E, 0x00020EFE, 0x00020F00, 0x00020E4E, 0x00020E50, 0x00020F40,
        0x00020E52, 0x00020F42, 0x00020E56, 0x00020E58, 0x00020E5A, 0x00020E5C, 0x00020F44, 0x00020E62, 0x00020E64,
        0x00020E66, 0x00020E68, 0x00020F46, 0x00020E70, 0x00020E76, 0x00020E78, 0x00020E7A, 0x00020E7C, 0x00020E7E,
        0x00020E82, 0x00020E84, 0x00020E86, 0x00020E88, 0x00020E8A, 0x00020E8C, 0x00020F48, 0x00020E8E, 0x00020E90,
        0x00020E92, 0x00020E94, 0x00020E96, 0x00020E98, 0x00020E9C, 0x00020E9E, 0x00020EA0, 0x00020EA2, 0x00020EA4,
        0x00020EA6, 0x00020EA8, 0x00020EAA, 0x00020EAC, 0x00020EB2, 0x00020EB4, 0x00020EBC, 0x00020EBE, 0x00020EC0,
        0x00020EC2, 0x00020EC4, 0x00020ECA, 0x00020ECC, 0x00020ECE, 0x00020ED0, 0x00020F4A, 0x00020ED6, 0x00020ED8,
        0x00020EDA, 0x00020EDC, 0x00020EE2, 0x00020EE4, 0x00020EE6, 0x00020EE8, 0x00020F4C, 0x00020EEE, 0x00020EF0,
        0x00020F4E, 0x00020EF6, 0x00020EF8, 0x00020EFA, 0x00020EFC, 0x00020F50, 0x00020E52, 0x00020F42, 0x00020E5C,
        0x00020F44, 0x00020E68, 0x00020F46, 0x00020E70, 0x00020F52, 0x00020E8A, 0x00020F54, 0x00020F56, 0x00020F58,
        0x00020EC2, 0x00020EC4, 0x00020ED0, 0x00020EE8, 0x00020F4C, 0x00020EFC, 0x00020F50, 0x00030F5A, 0x00030F5D,
        0x00030F60, 0x00020F63, 0x00020F65, 0x00020F67, 0x00020F69, 0x00020F6B, 0x00020F6D, 0x00020F6F, 0x00020F71,
        0x00020F73, 0x00020F75, 0x00020F77, 0x00020F79, 0x00020F7B, 0x00020F7D, 0x00020F7F, 0x00020F81, 0x00020F83,
        0x00020F85, 0x00020F87, 0x00020F89, 0x00020F8B, 0x00020F8D, 0x00020F8F, 0x00020F56, 0x00020F91, 0x00020F93,
        0x00020F95, 0x00020F97, 0x00020F63, 0x00020F65, 0x00020F67, 0x00020F69, 0x00020F6B, 0x00020F6D, 0x00020F6F,
        0x00020F71, 0x00020F73, 0x00020F75, 0x00020F77, 0x00020F79, 0x00020F7B, 0x00020F7D, 0x00020F7F, 0x00020F81,
        0x00020F83, 0x00020F85, 0x00020F87, 0x00020F89, 0x00020F8B, 0x00020F8D, 0x00020F8F, 0x00020F56, 0x00020F91,
        0x00020F93, 0x00020F95, 0x00020F97, 0x00020F8B, 0x00020F8D, 0x00020F8F, 0x00020F56, 0x00020F54, 0x00020F58,
        0x00020E9A, 0x00020E84, 0x00020E86, 0x00020E88, 0x00020F8B, 0x00020F8D, 0x00020F8F, 0x00020E9A, 0x00020E9C,
        0x00020F99, 0x00020F99, 0x80000002, 0x80000002, 0x80000002, 0x80000002, 0x80000002, 0x80000002, 0x80000002,
        0x80000002, 0x80000002, 0x80000002, 0x80000002, 0x80000002, 0x80000002, 0x80000002, 0x80000002, 0x80000002,
        0x80000002, 0x80000002, 0x00030F9B, 0x00030F9E, 0x00030F9E, 0x00030FA1, 0x00030FA4, 0x00030FA7, 0x00030FAA,
        0x00030FAD, 0x00030FB0, 0x00030FB0, 0x00030FB3, 0x00030FB6, 0x00030FB9, 0x00030FBC, 0x00030FBF, 0x00030FC2,
        0x00030FC2, 0x00030FC5, 0x00030FC8, 0x00030FC8, 0x00030FCB, 0x00030FCB, 0x00030FCE, 0x00030FD1, 0x00030FD1,
        0x00030FD4, 0x00030FD7, 0x00030FD7, 0x00030FDA, 0x00030FDA, 0x00030FDD, 0x00030FE0, 0x00030FE0, 0x00030FE3,
        0x00030FE3, 0x00030FE6, 0x00030FE9, 0x00030FEC, 0x00030FEF, 0x00030FEF, 0x00030FF2, 0x00030FF5, 0x00030FF8,
        0x00030FFB, 0x00030FFE, 0x00030FFE, 0x00031001, 0x00031004, 0x00031007, 0x0003100A, 0x0003100D, 0x00031010,
        0x00031010, 0x00031013, 0x00031013, 0x00031016, 0x00031016, 0x00031019, 0x0003101C, 0x0003101F, 0x00031022,
        0x00031025, 0x00031028, 0x0003102B, 0x80000003, 0x80000003, 0x0003102E, 0x00031031, 0x00031034, 0x00031037,
        0x0003103A, 0x0003103D, 0x0003103D, 0x00031040, 0x00031043, 0x00031046, 0x00031049, 0x00031049, 0x0003104C,
        0x0003104F, 0x00031052, 0x00031055, 0x00031058, 0x0003105B, 0x0003105E, 0x00031061, 0x00031064, 0x00031067,
        0x0003106A, 0x0003106D, 0x00031070, 0x00031073, 0x00031076, 0x00031079, 0x0003107C, 0x0003107F, 0x00031082,
        0x00031085, 0x00031088, 0x0003108B, 0x00031001, 0x00031007, 0x0003108E, 0x00031091, 0x00031094, 0x00031097,
        0x0003109A, 0x0003109D, 0x0003109A, 0x00031094, 0x000310A0, 0x000310A3, 0x000310A6, 0x000310A9, 0x000310AC,
        0x0003109D, 0x00030FEC, 0x00030FCE, 0x000310AF, 0x000310B2, 0x80000003, 0x80000003, 0x80000003, 0x80000003,
        0x80000003, 0x80000003, 0x80000003, 0x80000002, 0x80000003, 0x80000003, 0x80000003, 0x80000003, 0x80000003,
        0x80000003, 0x80000003, 0x80000003, 0x80000003, 0x80000003, 0x80000003, 0x80000003, 0x80000003, 0x80000003,
        0x80000003, 0x80000003, 0x80000003, 0x80000003, 0x80000003, 0x80000003, 0x80000003, 0x80000003, 0x80000003,
        0x80000003, 0x80000003, 0x80000003, 0x80000003, 0x80000003, 0x80000003, 0x80000003, 0x80000003, 0x80000003,
        0x000310B5, 0x000310B8, 0x000410BB, 0x000410BF, 0x000410C3, 0x000410C7, 0x000410CB, 0x000410CF, 0x000410D3,
        0x000310D7, 0x001210DA, 0x000810EC, 0x000410F4, 0x80000002, 0x80000002, 0x80000002, 0x80000004, 0x80000004,
        0x80000004, 0x80000004, 0x80000004, 0x80000004, 0x80000004, 0x80000004, 0x80000004, 0x80000004, 0x80000004,
        0x80000004, 0x80000004, 0x80000004, 0x80000004, 0x80000004, 0x000110F8, 0x000110F9, 0x80000003, 0x000110FA,
        0x0001011A, 0x000110FB, 0x000110FC, 0x000110FD, 0x000110FE, 0x80000003, 0x80000003, 0x80000003, 0x80000003,
        0x80000003, 0x80000003, 0x80000003, 0x80000002, 0x80000002, 0x80000002, 0x80000002, 0x80000002, 0x80000002,
        0x80000002, 0x80000002, 0x80000002, 0x80000002, 0x80000002, 0x80000002, 0x80000002, 0x80000002, 0x80000002,
        0x80000002, 0x80000003, 0x000110FF, 0x00011100, 0x00011101, 0x00011101, 0x00010409, 0x0001040A, 0x00011102,
        0x00011103, 0x00011104, 0x00011105, 0x00011106, 0x00011107, 0x00011108, 0x00011109, 0x00010482, 0x00010483,
        0x0001110A, 0x0001110B, 0x0001110C, 0x0001110D, 0x80000002, 0x80000002, 0x0001110E, 0x0001110F, 0x000203F3,
        0x000203F3, 0x000203F3, 0x000203F3, 0x00011101, 0x00011101, 0x00011101, 0x000110F8, 0x000110F9, 0x80000003,
        0x80000003, 0x0001011A, 0x000110FA, 0x000110FC, 0x000110FB, 0x000110FF, 0x00010409, 0x0001040A, 0x00011102,
        0x00011103, 0x00011104, 0x00011105, 0x00011110, 0x00011111, 0x00011112, 0x00010406, 0x00011113, 0x00011114,
        0x00011115, 0x00010408, 0x80000003, 0x00021116, 0x00011118, 0x00011119, 0x0001111A, 0x80000003, 0x80000003,
        0x80000003, 0x80000003, 0x0002111B, 0x0002111D, 0x0002111F, 0x80000002, 0x00021121, 0x80000003, 0x00021123,
        0x00021125, 0x00021127, 0x00021129, 0x0002112B, 0x0002112D, 0x0002112F, 0x00021131, 0x00021133, 0x00021135,
        0x00011137, 0x00011138, 0x00011138, 0x00011139, 0x00011139, 0x0001113A, 0x0001113A, 0x0001113B, 0x0001113B,
        0x0001113C, 0x0001113C, 0x0001113C, 0x0001113C, 0x0001113D, 0x0001113D, 0x0001113E, 0x0001113E, 0x0001113E,
        0x0001113E, 0x0001113F, 0x0001113F, 0x00011140, 0x00011140, 0x00011140, 0x00011140, 0x00011141, 0x00011141,
        0x00011141, 0x00011141, 0x00011142, 0x00011142, 0x00011142, 0x00011142, 0x00011143, 0x00011143, 0x00011143,
        0x00011143, 0x00011144, 0x00011144, 0x00011144, 0x00011144, 0x00011145, 0x00011145, 0x00011146, 0x00011146,
        0x00011147, 0x00011147, 0x00011148, 0x00011148, 0x00011149, 0x00011149, 0x00011149, 0x00011149, 0x0001114A,
        0x0001114A, 0x0001114A, 0x0001114A, 0x0001114B, 0x0001114B, 0x0001114B, 0x0001114B, 0x0001114C, 0x0001114C,
        0x0001114C, 0x0001114C, 0x0001114D, 0x0001114D, 0x0001114D, 0x0001114D, 0x0001114E, 0x0001114E, 0x0001114E,
        0x0001114E, 0x0001114F, 0x0001114F, 0x0001114F, 0x0001114F, 0x00011150, 0x00011150, 0x00011150, 0x00011150,
        0x00011151, 0x00011151, 0x00011151, 0x00011151, 0x00011152, 0x00011152, 0x00011152, 0x00011152, 0x00011153,
        0x00011153, 0x00011153, 0x00011153, 0x00011154, 0x00011154, 0x00011154, 0x00011154, 0x00011155, 0x00011155,
        0x00011155, 0x00011155, 0x00011156, 0x00011156, 0x00011156, 0x00011156, 0x00011157, 0x00011157, 0x00011157,
        0x00011157, 0x00011158, 0x00011158, 0x00010E3C, 0x00010E3C, 0x00011159, 0x00011159, 0x00011159, 0x00011159,
        0x0002115A, 0x0002115A, 0x0002115C, 0x0002115C, 0x0002115E, 0x0002115E, 0x00021160, 0x00021160, 0x80000003,
        0x80000003, 0x80000004, 0x80000003, 0x000110FB, 0x00021162, 0x00011110, 0x00011118, 0x00011119, 0x00011111,
        0x00011164, 0x00010409, 0x0001040A, 0x00011112, 0x00010406, 0x000110F8, 0x00011113, 0x00010686, 0x00011165,
        0x000103FF, 0x00010026, 0x0001001F, 0x00010020, 0x00010400, 0x00010401, 0x00010402, 0x00010403, 0x00010404,
        0x00010405, 0x000110FA, 0x0001011A, 0x00011114, 0x00010408, 0x00011115, 0x000110FC, 0x0001111A, 0x00010000,
        0x00010001, 0x00010002, 0x00010003, 0x00010004, 0x00010005, 0x00010006, 0x00010007, 0x00010008, 0x00010009,
        0x0001000A, 0x0001000B, 0x0001000C, 0x0001000D, 0x0001000E, 0x0001000F, 0x00010010, 0x00010011, 0x00010012,
        0x00010013, 0x00010014, 0x00010015, 0x00010016, 0x00010017, 0x00010018, 0x00010019, 0x0001110E, 0x00021116,
        0x0001110F, 0x00011166, 0x00011101, 0x000103D7, 0x00010000, 0x00010001, 0x00010002, 0x00010003, 0x00010004,
        0x00010005, 0x00010006, 0x00010007, 0x00010008, 0x00010009, 0x0001000A, 0x0001000B, 0x0001000C, 0x0001000D,
        0x0001000E, 0x0001000F, 0x00010010, 0x00010011, 0x00010012, 0x00010013, 0x00010014, 0x00010015, 0x00010016,
        0x00010017, 0x00010018, 0x00010019, 0x00011102, 0x00011167, 0x00011103, 0x00011168, 0x00011169, 0x0001116A,
        0x00010686, 0x0001110A, 0x0001110B, 0x000110F9, 0x0001116B, 0x0001088C, 0x0001116C, 0x0001116D, 0x0001116E,
        0x0001116F, 0x00011170, 0x00011171, 0x00011172, 0x00011173, 0x00011174, 0x00011175, 0x0001085E, 0x0001085F,
        0x00010860, 0x00010861, 0x00010862, 0x00010863, 0x00010864, 0x00010865, 0x00010866, 0x00010867, 0x00010868,
        0x00010869, 0x0001086A, 0x0001086B, 0x0001086C, 0x0001086D, 0x0001086E, 0x0001086F, 0x00010870, 0x00010871,
        0x00010872, 0x00010873, 0x00010874, 0x00010875, 0x00010876, 0x00010877, 0x00010878, 0x00010879, 0x0001087A,
        0x0001087B, 0x0001087C, 0x0001087D, 0x0001087E, 0x0001087F, 0x00010880, 0x00010881, 0x00010882, 0x00010883,
        0x00010884, 0x00010885, 0x00010886, 0x00010887, 0x00010888, 0x00010889, 0x00011176, 0x00011177, 0x00011178,
        0x80000003, 0x00010692, 0x00010693, 0x00010694, 0x00010695, 0x00010696, 0x00010697, 0x00010698, 0x00010699,
        0x0001069A, 0x0001069B, 0x0001069C, 0x0001069D, 0x0001069E, 0x0001069F, 0x000106A0, 0x000106A1, 0x000106A2,
        0x000106A3, 0x000106A4, 0x000106A5, 0x000106A6, 0x000106A7, 0x000106A8, 0x000106A9, 0x000106AA, 0x000106AB,
        0x000106AC, 0x000106AD, 0x000106AE, 0x000106AF, 0x80000003, 0x80000003, 0x80000003, 0x000106B0, 0x000106B1,
        0x000106B2, 0x000106B3, 0x000106B4, 0x000106B5, 0x80000003, 0x80000003, 0x000106B6, 0x000106B7, 0x000106B8,
        0x000106B9, 0x000106BA, 0x000106BB, 0x80000003, 0x80000003, 0x000106BC, 0x000106BD, 0x000106BE, 0x000106BF,
        0x000106C0, 0x000106C1, 0x80000003, 0x80000003, 0x000106C2, 0x000106C3, 0x000106C4, 0x80000003, 0x80000003,
        0x80000003, 0x00011179, 0x0001117A, 0x0001117B, 0x0002001D, 0x0001117C, 0x0001117D, 0x0001117E, 0x80000003,
        0x0001117F, 0x00011180, 0x00011181, 0x00011182, 0x00011183, 0x00011184, 0x00011185, 0x80000003, 0x80000003,
        0x80000003, 0x80000003, 0x80000003, 0x80000003, 0x80000003, 0x80000003, 0x80000003, 0x80000003, 0x80000003,
        0x80000003, 0x80000003, 0x80000003, 0x80000003, 0x80000003, 0x80000003, 0x00021186, 0x00021188, 0x0002118A,
        0x0002118C, 0x0002118E, 0x00021190, 0x00021192, 0x00021194, 0x00021196, 0x00021198, 0x0002119A, 0x0002119C,
        0x0002119E, 0x000211A0, 0x000211A2, 0x000211A4, 0x000211A6, 0x000211A8, 0x000211AA, 0x000211AC, 0x000211AE,
        0x000211B0, 0x000211B2, 0x000211B4, 0x000211B6, 0x000211B8, 0x000211BA, 0x000211BC, 0x000211BE, 0x000211C0,
        0x000211C2, 0x000211C4, 0x000211C6, 0x000211C8, 0x000211CA, 0x000211CC, 0x000211CE, 0x000211D0, 0x000211D2,
        0x000211D4, 0x80000002, 0x80000002, 0x80000002, 0x80000002, 0x80000002, 0x80000002, 0x80000002, 0x80000002,
        0x80000002, 0x80000002, 0x80000002, 0x80000002, 0x80000002, 0x80000002, 0x80000002, 0x80000002, 0x80000002,
        0x80000002, 0x80000002, 0x80000002, 0x80000002, 0x80000002, 0x80000002, 0x80000002, 0x80000002, 0x80000002,
        0x80000002, 0x80000002, 0x80000002, 0x80000002, 0x80000002, 0x80000002, 0x80000002, 0x80000002, 0x80000002,
        0x80000002, 0x80000002, 0x80000002, 0x80000002, 0x80000002, 0x80000002, 0x80000002, 0x80000002, 0x80000002,
        0x80000002, 0x80000002, 0x80000002, 0x80000002, 0x80000002, 0x80000002, 0x80000002, 0x80000002, 0x80000002,
        0x80000002, 0x80000003, 0x80000003, 0x80000002, 0x80000002, 0x80000002, 0x80000002, 0x80000002, 0x80000002,
        0x80000002, 0x80000002, 0x80000002, 0x80000002, 0x80000003, 0x80000003, 0x80000003, 0x80000003, 0x80000003,
        0x80000003, 0x000211D6, 0x000211D8, 0x000211DA, 0x000211DC, 0x000211DE, 0x000211E0, 0x000211E2, 0x000211E4,
        0x000211E6, 0x000211E8, 0x000211EA, 0x000211EC, 0x000211EE, 0x000211F0, 0x000211F2, 0x000211F4, 0x000211F6,
        0x000211F8, 0x000211FA, 0x000211FC, 0x000211FE, 0x00021200, 0x00021202, 0x00021204, 0x00021206, 0x00021208,
        0x0002120A, 0x0002120C, 0x0002120E, 0x00021210, 0x00021212, 0x00021214, 0x00021216, 0x00021218, 0x0002121A,
        0x0002121C, 0x80000003, 0x80000003, 0x80000003, 0x80000003, 0x80000002, 0x80000002, 0x80000002, 0x80000002,
        0x80000002, 0x80000002, 0x80000002, 0x80000002, 0x80000002, 0x80000002, 0x80000002, 0x80000002, 0x80000002,
        0x80000002, 0x80000002, 0x80000002, 0x80000002, 0x80000002, 0x80000002, 0x80000002, 0x80000002, 0x80000002,
        0x80000002, 0x80000002, 0x80000002, 0x80000002, 0x80000002, 0x80000002, 0x80000002, 0x80000002, 0x80000002,
        0x80000002, 0x80000002, 0x80000002, 0x80000002, 0x80000002, 0x80000003, 0x80000003, 0x80000003, 0x80000003,
        0x80000002, 0x80000002, 0x80000002, 0x80000002, 0x80000002, 0x80000002, 0x80000002, 0x80000002, 0x80000002,
        0x80000002, 0x80000002, 0x80000002, 0x80000002, 0x80000002, 0x80000002, 0x80000002, 0x80000002, 0x80000002,
        0x80000002, 0x80000002, 0x80000002, 0x80000002, 0x80000002, 0x80000002, 0x80000002, 0x80000002, 0x80000002,
        0x80000002, 0x80000002, 0x80000002, 0x80000002, 0x80000002, 0x80000002, 0x80000002, 0x80000002, 0x80000002,
        0x80000003, 0x80000003, 0x80000003, 0x80000003, 0x80000003, 0x80000003, 0x80000003, 0x80000003, 0x80000003,
        0x80000003, 0x80000003, 0x80000002, 0x0002121E, 0x00021220, 0x00021222, 0x00021224, 0x00021226, 0x00021228,
        0x0002122A, 0x0002122C, 0x0002122E, 0x00021230, 0x00021232, 0x80000003, 0x00021234, 0x00021236, 0x00021238,
        0x0002123A, 0x0002123C, 0x0002123E, 0x00021240, 0x00021242, 0x00021244, 0x00021246, 0x00021248, 0x0002124A,
        0x0002124C, 0x0002124E, 0x00021250, 0x80000003, 0x00021252, 0x00021254, 0x00021256, 0x00021258, 0x0002125A,
        0x0002125C, 0x0002125E, 0x80000003, 0x00021260, 0x00021262, 0x80000003, 0x80000002, 0x80000002, 0x80000002,
        0x80000002, 0x80000002, 0x80000002, 0x80000002, 0x80000002, 0x80000002, 0x80000002, 0x80000002, 0x80000003,
        0x80000002, 0x80000002, 0x80000002, 0x80000002, 0x80000002, 0x80000002, 0x80000002, 0x80000002, 0x80000002,
        0x80000002, 0x80000002, 0x80000002, 0x80000002, 0x80000002, 0x80000002, 0x80000003, 0x80000002, 0x80000002,
        0x80000002, 0x80000002, 0x80000002, 0x80000002, 0x80000002, 0x80000003, 0x80000002, 0x80000002, 0x80000003,
        0x80000003, 0x80000003, 0x80000002, 0x00011264, 0x00011265, 0x00010036, 0x00011266, 0x00010092, 0x80000003,
        0x00011267, 0x00011268, 0x00011269, 0x0001126A, 0x00010097, 0x00010098, 0x0001126B, 0x0001126C, 0x0001126D,
        0x0001126E, 0x0001126F, 0x00011270, 0x0001009E, 0x00011271, 0x00010061, 0x00011272, 0x00011273, 0x00011274,
        0x00011275, 0x00011276, 0x00010BAB, 0x00021277, 0x00011279, 0x0001127A, 0x0002127B, 0x0001127D, 0x0002127E,
        0x00010047, 0x00011280, 0x00011281, 0x00010010, 0x00011282, 0x00021283, 0x00010570, 0x00011285, 0x000100A9,
        0x00011286, 0x00011287, 0x00011288, 0x00011289, 0x000100AD, 0x0001128A, 0x80000003, 0x0001128B, 0x0001128C,
        0x0001128D, 0x0001128E, 0x0001128F, 0x00011290, 0x00011291, 0x00021292, 0x00021294, 0x80000003, 0x80000003,
        0x80000003, 0x80000003, 0x80000003, 0x00021296, 0x00021298, 0x0002129A, 0x0002129C, 0x0002129E, 0x000212A0,
        0x000212A2, 0x000212A4, 0x000212A6, 0x000212A8, 0x000212AA, 0x000212AC, 0x000212AE, 0x000212B0, 0x000212B2,
        0x000212B4, 0x000212B6, 0x000212B8, 0x000212BA, 0x000212BC, 0x000212BE, 0x000212C0, 0x000212C2, 0x000212C4,
        0x000212C6, 0x000212C8, 0x000212CA, 0x000212CC, 0x000212CE, 0x000212D0, 0x000212D2, 0x000212D4, 0x000212D6,
        0x000212D8, 0x000212DA, 0x000212DC, 0x000212DE, 0x000212E0, 0x000212E2, 0x000212E4, 0x000212E6, 0x000212E8,
        0x000212EA, 0x000212EC, 0x000212EE, 0x000212F0, 0x000212F2, 0x000212F4, 0x000212F6, 0x000212F8, 0x000212FA,
        0x80000003, 0x80000003, 0x80000003, 0x80000003, 0x80000003, 0x80000003, 0x80000003, 0x80000003, 0x80000003,
        0x80000003, 0x80000003, 0x80000003, 0x80000003, 0x80000003, 0x80000003, 0x80000003, 0x80000003, 0x80000003,
        0x80000003, 0x80000003, 0x80000003, 0x80000003, 0x80000003, 0x80000003, 0x80000003, 0x80000003, 0x80000003,
        0x80000003, 0x80000003, 0x80000003, 0x80000003, 0x80000003, 0x80000003, 0x80000003, 0x80000003, 0x80000003,
        0x80000003, 0x80000003, 0x80000003, 0x80000003, 0x80000003, 0x80000003, 0x80000003, 0x80000003, 0x80000003,
        0x000212FC, 0x000212FE, 0x00021300, 0x00021302, 0x00021304, 0x00021306, 0x00021308, 0x0002130A, 0x0002130C,
        0x0002130E, 0x00021310, 0x00021312, 0x00021314, 0x00021316, 0x00021318, 0x0002131A, 0x0002131C, 0x0002131E,
        0x00021320, 0x00021322, 0x00021324, 0x00021326, 0x00021328, 0x0002132A, 0x0002132C, 0x0002132E, 0x00021330,
        0x00021332, 0x00021334, 0x00021336, 0x00021338, 0x0002133A, 0x0002133C, 0x0002133E, 0x00021340, 0x00021342,
        0x00021344, 0x00021346, 0x00021348, 0x0002134A, 0x0002134C, 0x0002134E, 0x00021350, 0x00021352, 0x00021354,
        0x00021356, 0x00021358, 0x0002135A, 0x0002135C, 0x0002135E, 0x00021360, 0x00021362, 0x00021364, 0x00021366,
        0x00021368, 0x0002136A, 0x0002136C, 0x0002136E, 0x00021370, 0x00021372, 0x00021374, 0x00021376, 0x00021378,
        0x0002137A, 0x80000002, 0x80000002, 0x80000002, 0x80000002, 0x80000002, 0x80000002, 0x80000002, 0x80000002,
        0x80000002, 0x80000002, 0x80000002, 0x80000002, 0x80000002, 0x80000002, 0x80000002, 0x80000002, 0x80000002,
        0x80000002, 0x80000002, 0x80000002, 0x80000002, 0x80000002, 0x80000002, 0x80000002, 0x80000002, 0x80000002,
        0x80000002, 0x80000002, 0x80000002, 0x80000002, 0x80000002, 0x80000002, 0x80000002, 0x80000002, 0x80000002,
        0x80000002, 0x80000002, 0x80000002, 0x80000002, 0x80000002, 0x80000002, 0x80000003, 0x80000003, 0x80000003,
        0x80000003, 0x80000003, 0x80000003, 0x80000003, 0x80000002, 0x80000002, 0x80000002, 0x80000002, 0x80000002,
        0x80000002, 0x80000002, 0x80000002, 0x80000002, 0x80000002, 0x80000003, 0x80000003, 0x80000002, 0x80000002,
        0x80000002, 0x80000002, 0x80000004, 0x80000004, 0x80000004, 0x80000004, 0x80000003, 0x80000003, 0x80000003,
        0x80000003, 0x80000003, 0x80000003, 0x80000003, 0x80000003, 0x80000003, 0x80000003, 0x80000003, 0x80000003,
        0x80000003, 0x80000003, 0x80000003, 0x80000003, 0x80000003, 0x80000003, 0x80000003, 0x80000003, 0x80000003,
        0x80000003, 0x80000003, 0x80000003, 0x80000003, 0x80000003, 0x80000003, 0x80000003, 0x80000002, 0x80000002,
        0x80000002, 0x80000002, 0x80000002, 0x80000002, 0x80000002, 0x80000002, 0x80000002, 0x80000002, 0x80000002,
        0x80000002, 0x80000002, 0x80000002, 0x80000002, 0x80000002, 0x80000002, 0x80000002, 0x80000002, 0x80000002,
        0x80000002, 0x80000002, 0x80000002, 0x80000002, 0x80000002, 0x80000002, 0x80000002, 0x80000002, 0x80000002,
        0x80000002, 0x0004137C, 0x00041380, 0x00061384, 0x0006138A, 0x00061390, 0x00061396, 0x0006139C, 0x80000002,
        0x80000002, 0x80000002, 0x80000002, 0x80000002, 0x80000002, 0x80000002, 0x80000002, 0x80000002, 0x80000002,
        0x80000002, 0x80000002, 0x80000002, 0x80000002, 0x80000003, 0x80000003, 0x80000003, 0x80000003, 0x80000003,
        0x80000003, 0x80000003, 0x80000003, 0x80000002, 0x80000002, 0x80000002, 0x80000002, 0x80000002, 0x80000002,
        0x80000002, 0x80000002, 0x80000002, 0x80000002, 0x80000002, 0x80000002, 0x80000002, 0x80000002, 0x80000002,
        0x80000002, 0x80000002, 0x80000002, 0x80000002, 0x80000002, 0x80000002, 0x80000002, 0x80000002, 0x80000002,
        0x80000002, 0x80000002, 0x80000002, 0x80000002, 0x80000002, 0x80000002, 0x80000002, 0x80000002, 0x80000002,
        0x80000002, 0x80000002, 0x80000002, 0x80000002, 0x80000002, 0x80000002, 0x80000002, 0x80000002, 0x80000002,
        0x80000002, 0x80000002, 0x80000002, 0x80000002, 0x80000002, 0x80000002, 0x80000002, 0x80000002, 0x80000002,
        0x80000002, 0x80000002, 0x80000002, 0x80000002, 0x80000002, 0x80000002, 0x80000002, 0x80000002, 0x80000002,
        0x80000002, 0x80000002, 0x80000002, 0x80000002, 0x000413A2, 0x000413A6, 0x000613AA, 0x000613B0, 0x000613B6,
        0x000613BC, 0x80000002, 0x80000002, 0x80000002, 0x80000002, 0x80000002, 0x80000002, 0x80000002, 0x80000002,
        0x80000002, 0x80000002, 0x80000002, 0x80000002, 0x80000002, 0x80000002, 0x80000002, 0x80000002, 0x80000002,
        0x80000002, 0x80000002, 0x80000002, 0x80000002, 0x80000002, 0x80000002, 0x80000002, 0x80000002, 0x80000002,
        0x80000002, 0x80000002, 0x80000002, 0x80000002, 0x80000002, 0x80000002, 0x80000002, 0x80000002, 0x80000002,
        0x80000002, 0x80000002, 0x80000002, 0x80000002, 0x80000002, 0x80000002, 0x80000002, 0x80000003, 0x80000003,
        0x80000003, 0x80000003, 0x80000003, 0x80000003, 0x80000003, 0x80000003, 0x80000003, 0x80000003, 0x80000003,
        0x80000003, 0x80000003, 0x80000003, 0x80000003, 0x80000003, 0x80000003, 0x80000003, 0x80000003, 0x80000003,
        0x80000003, 0x00010000, 0x00010001, 0x00010002, 0x00010003, 0x00010004, 0x00010005, 0x00010006, 0x00010007,
        0x00010008, 0x00010009, 0x0001000A, 0x0001000B, 0x0001000C, 0x0001000D, 0x0001000E, 0x0001000F, 0x00010010,
        0x00010011, 0x00010012, 0x00010013, 0x00010014, 0x00010015, 0x00010016, 0x00010017, 0x00010018, 0x00010019,
        0x00010000, 0x00010001, 0x00010002, 0x00010003, 0x00010004, 0x00010005, 0x00010006, 0x00010007, 0x00010008,
        0x00010009, 0x0001000A, 0x0001000B, 0x0001000C, 0x0001000D, 0x0001000E, 0x0001000F, 0x00010010, 0x00010011,
        0x00010012, 0x00010013, 0x00010014, 0x00010015, 0x00010016, 0x00010017, 0x00010018, 0x00010019, 0x00010000,
        0x00010001, 0x00010002, 0x00010003, 0x00010004, 0x00010005, 0x00010006, 0x00010007, 0x00010008, 0x00010009,
        0x0001000A, 0x0001000B, 0x0001000C, 0x0001000D, 0x0001000E, 0x0001000F, 0x00010010, 0x00010011, 0x00010012,
        0x00010013, 0x00010014, 0x00010015, 0x00010016, 0x00010017, 0x00010018, 0x00010019, 0x00010000, 0x00010001,
        0x00010002, 0x00010003, 0x00010004, 0x00010005, 0x00010006, 0x80000003, 0x00010008, 0x00010009, 0x0001000A,
        0x0001000B, 0x0001000C, 0x0001000D, 0x0001000E, 0x0001000F, 0x00010010, 0x00010011, 0x00010012, 0x00010013,
        0x00010014, 0x00010015, 0x00010016, 0x00010017, 0x00010018, 0x00010019, 0x00010000, 0x00010001, 0x00010002,
        0x00010003, 0x00010004, 0x00010005, 0x00010006, 0x00010007, 0x00010008, 0x00010009, 0x0001000A, 0x0001000B,
        0x0001000C, 0x0001000D, 0x0001000E, 0x0001000F, 0x00010010, 0x00010011, 0x00010012, 0x00010013, 0x00010014,
        0x00010015, 0x00010016, 0x00010017, 0x00010018, 0x00010019, 0x00010000, 0x00010001, 0x00010002, 0x00010003,
        0x00010004, 0x00010005, 0x00010006, 0x00010007, 0x00010008, 0x00010009, 0x0001000A, 0x0001000B, 0x0001000C,
        0x0001000D, 0x0001000E, 0x0001000F, 0x00010010, 0x00010011, 0x00010012, 0x00010013, 0x00010014, 0x00010015,
        0x00010016, 0x00010017, 0x00010018, 0x00010019, 0x00010000, 0x80000003, 0x00010002, 0x00010003, 0x80000003,
        0x80000003, 0x00010006, 0x80000003, 0x80000003, 0x00010009, 0x0001000A, 0x80000003, 0x80000003, 0x0001000D,
        0x0001000E, 0x0001000F, 0x00010010, 0x80000003, 0x00010012, 0x00010013, 0x00010014, 0x00010015, 0x00010016,
        0x00010017, 0x00010018, 0x00010019, 0x00010000, 0x00010001, 0x00010002, 0x00010003, 0x80000003, 0x00010005,
        0x80000003, 0x00010007, 0x00010008, 0x00010009, 0x0001000A, 0x0001000B, 0x0001000C, 0x0001000D, 0x80000003,
        0x0001000F, 0x00010010, 0x00010011, 0x00010012, 0x00010013, 0x00010014, 0x00010015, 0x00010016, 0x00010017,
        0x00010018, 0x00010019, 0x00010000, 0x00010001, 0x00010002, 0x00010003, 0x00010004, 0x00010005, 0x00010006,
        0x00010007, 0x00010008, 0x00010009, 0x0001000A, 0x0001000B, 0x0001000C, 0x0001000D, 0x0001000E, 0x0001000F,
        0x00010010, 0x00010011, 0x00010012, 0x00010013, 0x00010014, 0x00010015, 0x00010016, 0x00010017, 0x00010018,
        0x00010019, 0x00010000, 0x00010001, 0x00010002, 0x00010003, 0x00010004, 0x00010005, 0x00010006, 0x00010007,
        0x00010008, 0x00010009, 0x0001000A, 0x0001000B, 0x0001000C, 0x0001000D, 0x0001000E, 0x0001000F, 0x00010010,
        0x00010011, 0x00010012, 0x00010013, 0x00010014, 0x00010015, 0x00010016, 0x00010017, 0x00010018, 0x00010019,
        0x00010000, 0x00010001, 0x80000003, 0x00010003, 0x00010004, 0x00010005, 0x00010006, 0x80000003, 0x80000003,
        0x00010009, 0x0001000A, 0x0001000B, 0x0001000C, 0x0001000D, 0x0001000E, 0x0001000F, 0x00010010, 0x80000003,
        0x00010012, 0x00010013, 0x00010014, 0x00010015, 0x00010016, 0x00010017, 0x00010018, 0x80000003, 0x00010000,
        0x00010001, 0x00010002, 0x00010003, 0x00010004, 0x00010005, 0x00010006, 0x00010007, 0x00010008, 0x00010009,
        0x0001000A, 0x0001000B, 0x0001000C, 0x0001000D, 0x0001000E, 0x0001000F, 0x00010010, 0x00010011, 0x00010012,
        0x00010013, 0x00010014, 0x00010015, 0x00010016, 0x00010017, 0x00010018, 0x00010019, 0x00010000, 0x00010001,
        0x80000003, 0x00010003, 0x00010004, 0x00010005, 0x00010006, 0x80000003, 0x00010008, 0x00010009, 0x0001000A,
        0x0001000B, 0x0001000C, 0x80000003, 0x0001000E, 0x80000003, 0x80000003, 0x80000003, 0x00010012, 0x00010013,
        0x00010014, 0x00010015, 0x00010016, 0x00010017, 0x00010018, 0x80000003, 0x00010000, 0x00010001, 0x00010002,
        0x00010003, 0x00010004, 0x00010005, 0x00010006, 0x00010007, 0x00010008, 0x00010009, 0x0001000A, 0x0001000B,
        0x0001000C, 0x0001000D, 0x0001000E, 0x0001000F, 0x00010010, 0x00010011, 0x00010012, 0x00010013, 0x00010014,
        0x00010015, 0x00010016, 0x00010017, 0x00010018, 0x00010019, 0x00010000, 0x00010001, 0x00010002, 0x00010003,
        0x00010004, 0x00010005, 0x00010006, 0x00010007, 0x00010008, 0x00010009, 0x0001000A, 0x0001000B, 0x0001000C,
        0x0001000D, 0x0001000E, 0x0001000F, 0x00010010, 0x00010011, 0x00010012, 0x00010013, 0x00010014, 0x00010015,
        0x00010016, 0x00010017, 0x00010018, 0x00010019, 0x00010000, 0x00010001, 0x00010002, 0x00010003, 0x00010004,
        0x00010005, 0x00010006, 0x00010007, 0x00010008, 0x00010009, 0x0001000A, 0x0001000B, 0x0001000C, 0x0001000D,
        0x0001000E, 0x0001000F, 0x00010010, 0x00010011, 0x00010012, 0x00010013, 0x00010014, 0x00010015, 0x00010016,
        0x00010017, 0x00010018, 0x00010019, 0x00010000, 0x00010001, 0x00010002, 0x00010003, 0x00010004, 0x00010005,
        0x00010006, 0x00010007, 0x00010008, 0x00010009, 0x0001000A, 0x0001000B, 0x0001000C, 0x0001000D, 0x0001000E,
        0x0001000F, 0x00010010, 0x00010011, 0x00010012, 0x00010013, 0x00010014, 0x00010015, 0x00010016, 0x00010017,
        0x00010018, 0x00010019, 0x00010000, 0x00010001, 0x00010002, 0x00010003, 0x00010004, 0x00010005, 0x00010006,
        0x00010007, 0x00010008, 0x00010009, 0x0001000A, 0x0001000B, 0x0001000C, 0x0001000D, 0x0001000E, 0x0001000F,
        0x00010010, 0x00010011, 0x00010012, 0x00010013, 0x00010014, 0x00010015, 0x00010016, 0x00010017, 0x00010018,
        0x00010019, 0x00010000, 0x00010001, 0x00010002, 0x00010003, 0x00010004, 0x00010005, 0x00010006, 0x00010007,
        0x00010008, 0x00010009, 0x0001000A, 0x0001000B, 0x0001000C, 0x0001000D, 0x0001000E, 0x0001000F, 0x00010010,
        0x00010011, 0x00010012, 0x00010013, 0x00010014, 0x00010015, 0x00010016, 0x00010017, 0x00010018, 0x00010019,
        0x00010000, 0x00010001, 0x00010002, 0x00010003, 0x00010004, 0x00010005, 0x00010006, 0x00010007, 0x00010008,
        0x00010009, 0x0001000A, 0x0001000B, 0x0001000C, 0x0001000D, 0x0001000E, 0x0001000F, 0x00010010, 0x00010011,
        0x00010012, 0x00010013, 0x00010014, 0x00010015, 0x00010016, 0x00010017, 0x00010018, 0x00010019, 0x00010000,
        0x00010001, 0x00010002, 0x00010003, 0x00010004, 0x00010005, 0x00010006, 0x00010007, 0x00010008, 0x00010009,
        0x0001000A, 0x0001000B, 0x0001000C, 0x0001000D, 0x0001000E, 0x0001000F, 0x00010010, 0x00010011, 0x00010012,
        0x00010013, 0x00010014, 0x00010015, 0x00010016, 0x00010017, 0x00010018, 0x00010019, 0x00010000, 0x00010001,
        0x00010002, 0x00010003, 0x00010004, 0x00010005, 0x00010006, 0x00010007, 0x00010008, 0x00010009, 0x0001000A,
        0x0001000B, 0x0001000C, 0x0001000D, 0x0001000E, 0x0001000F, 0x00010010, 0x00010011, 0x00010012, 0x00010013,
        0x00010014, 0x00010015, 0x00010016, 0x00010017, 0x00010018, 0x00010019, 0x00010000, 0x00010001, 0x00010002,
        0x00010003, 0x00010004, 0x00010005, 0x00010006, 0x00010007, 0x00010008, 0x00010009, 0x0001000A, 0x0001000B,
        0x0001000C, 0x0001000D, 0x0001000E, 0x0001000F, 0x00010010, 0x00010011, 0x00010012, 0x00010013, 0x00010014,
        0x00010015, 0x00010016, 0x00010017, 0x00010018, 0x00010019, 0x00010000, 0x00010001, 0x00010002, 0x00010003,
        0x00010004, 0x00010005, 0x00010006, 0x00010007, 0x00010008, 0x00010009, 0x0001000A, 0x0001000B, 0x0001000C,
        0x0001000D, 0x0001000E, 0x0001000F, 0x00010010, 0x00010011, 0x00010012, 0x00010013, 0x00010014, 0x00010015,
        0x00010016, 0x00010017, 0x00010018, 0x00010019, 0x00010000, 0x00010001, 0x00010002, 0x00010003, 0x00010004,
        0x00010005, 0x00010006, 0x00010007, 0x00010008, 0x00010009, 0x0001000A, 0x0001000B, 0x0001000C, 0x0001000D,
        0x0001000E, 0x0001000F, 0x00010010, 0x00010011, 0x00010012, 0x00010013, 0x00010014, 0x00010015, 0x00010016,
        0x00010017, 0x00010018, 0x00010019, 0x00010000, 0x00010001, 0x00010002, 0x00010003, 0x00010004, 0x00010005,
        0x00010006, 0x00010007, 0x00010008, 0x00010009, 0x0001000A, 0x0001000B, 0x0001000C, 0x0001000D, 0x0001000E,
        0x0001000F, 0x00010010, 0x00010011, 0x00010012, 0x00010013, 0x00010014, 0x00010015, 0x00010016, 0x00010017,
        0x00010018, 0x00010019, 0x000113C2, 0x000113C3, 0x80000003, 0x80000003, 0x00010127, 0x00010128, 0x00010129,
        0x0001012A, 0x0001012B, 0x0001012C, 0x0001012D, 0x0001012E, 0x00010113, 0x0001012F, 0x00010130, 0x00010023,
        0x00010131, 0x00010132, 0x00010133, 0x00010134, 0x00010135, 0x0001012E, 0x00010136, 0x00010137, 0x00010138,
        0x00010139, 0x0001013A, 0x0001013B, 0x0001013C, 0x000113C4, 0x00010127, 0x00010128, 0x00010129, 0x0001012A,
        0x0001012B, 0x0001012C, 0x0001012D, 0x0001012E, 0x00010113, 0x0001012F, 0x00010130, 0x00010023, 0x00010131,
        0x00010132, 0x00010133, 0x00010134, 0x00010135, 0x00010136, 0x00010136, 0x00010137, 0x00010138, 0x00010139,
        0x0001013A, 0x0001013B, 0x0001013C, 0x000113C5, 0x0001012B, 0x0001012E, 0x0001012F, 0x00010139, 0x00010135,
        0x00010134, 0x00010127, 0x00010128, 0x00010129, 0x0001012A, 0x0001012B, 0x0001012C, 0x0001012D, 0x0001012E,
        0x00010113, 0x0001012F, 0x00010130, 0x00010023, 0x00010131, 0x00010132, 0x00010133, 0x00010134, 0x00010135,
        0x0001012E, 0x00010136, 0x00010137, 0x00010138, 0x00010139, 0x0001013A, 0x0001013B, 0x0001013C, 0x000113C4,
        0x00010127, 0x00010128, 0x00010129, 0x0001012A, 0x0001012B, 0x0001012C, 0x0001012D, 0x0001012E, 0x00010113,
        0x0001012F, 0x00010130, 0x00010023, 0x00010131, 0x00010132, 0x00010133, 0x00010134, 0x00010135, 0x00010136,
        0x00010136, 0x00010137, 0x00010138, 0x00010139, 0x0001013A, 0x0001013B, 0x0001013C, 0x000113C5, 0x0001012B,
        0x0001012E, 0x0001012F, 0x00010139, 0x00010135, 0x00010134, 0x00010127, 0x00010128, 0x00010129, 0x0001012A,
        0x0001012B, 0x0001012C, 0x0001012D, 0x0001012E, 0x00010113, 0x0001012F, 0x00010130, 0x00010023, 0x00010131,
        0x00010132, 0x00010133, 0x00010134, 0x00010135, 0x0001012E, 0x00010136, 0x00010137, 0x00010138, 0x00010139,
        0x0001013A, 0x0001013B, 0x0001013C, 0x000113C4, 0x00010127, 0x00010128, 0x00010129, 0x0001012A, 0x0001012B,
        0x0001012C, 0x0001012D, 0x0001012E, 0x00010113, 0x0001012F, 0x00010130, 0x00010023, 0x00010131, 0x00010132,
        0x00010133, 0x00010134, 0x00010135, 0x00010136, 0x00010136, 0x00010137, 0x00010138, 0x00010139, 0x0001013A,
        0x0001013B, 0x0001013C, 0x000113C5, 0x0001012B, 0x0001012E, 0x0001012F, 0x00010139, 0x00010135, 0x00010134,
        0x00010127, 0x00010128, 0x00010129, 0x0001012A, 0x0001012B, 0x0001012C, 0x0001012D, 0x0001012E, 0x00010113,
        0x0001012F, 0x00010130, 0x00010023, 0x00010131, 0x00010132, 0x00010133, 0x00010134, 0x00010135, 0x0001012E,
        0x00010136, 0x00010137, 0x00010138, 0x00010139, 0x0001013A, 0x0001013B, 0x0001013C, 0x000113C4, 0x00010127,
        0x00010128, 0x00010129, 0x0001012A, 0x0001012B, 0x0001012C, 0x0001012D, 0x0001012E, 0x00010113, 0x0001012F,
        0x00010130, 0x00010023, 0x00010131, 0x00010132, 0x00010133, 0x00010134, 0x00010135, 0x00010136, 0x00010136,
        0x00010137, 0x00010138, 0x00010139, 0x0001013A, 0x0001013B, 0x0001013C, 0x000113C5, 0x0001012B, 0x0001012E,
        0x0001012F, 0x00010139, 0x00010135, 0x00010134, 0x00010127, 0x00010128, 0x00010129, 0x0001012A, 0x0001012B,
        0x0001012C, 0x0001012D, 0x0001012E, 0x00010113, 0x0001012F, 0x00010130, 0x00010023, 0x00010131, 0x00010132,
        0x00010133, 0x00010134, 0x00010135, 0x0001012E, 0x00010136, 0x00010137, 0x00010138, 0x00010139, 0x0001013A,
        0x0001013B, 0x0001013C, 0x000113C4, 0x00010127, 0x00010128, 0x00010129, 0x0001012A, 0x0001012B, 0x0001012C,
        0x0001012D, 0x0001012E, 0x00010113, 0x0001012F, 0x00010130, 0x00010023, 0x00010131, 0x00010132, 0x00010133,
        0x00010134, 0x00010135, 0x00010136, 0x00010136, 0x00010137, 0x00010138, 0x00010139, 0x0001013A, 0x0001013B,
        0x0001013C, 0x000113C5, 0x0001012B, 0x0001012E, 0x0001012F, 0x00010139, 0x00010135, 0x00010134, 0x00010142,
        0x00010142, 0x80000003, 0x80000003, 0x000103FF, 0x00010026, 0x0001001F, 0x00010020, 0x00010400, 0x00010401,
        0x00010402, 0x00010403, 0x00010404, 0x00010405, 0x000103FF, 0x00010026, 0x0001001F, 0x00010020, 0x00010400,
        0x00010401, 0x00010402, 0x00010403, 0x00010404, 0x00010405, 0x000103FF, 0x00010026, 0x0001001F, 0x00010020,
        0x00010400, 0x00010401, 0x00010402, 0x00010403, 0x00010404, 0x00010405, 0x000103FF, 0x00010026, 0x0001001F,
        0x00010020, 0x00010400, 0x00010401, 0x00010402, 0x00010403, 0x00010404, 0x00010405, 0x000103FF, 0x00010026,
        0x0001001F, 0x00010020, 0x00010400, 0x00010401, 0x00010402, 0x00010403, 0x00010404, 0x00010405, 0x80000002,
        0x80000002, 0x80000002, 0x80000002, 0x80000002, 0x80000002, 0x80000002, 0x80000003, 0x80000002, 0x80000002,
        0x80000002, 0x80000002, 0x80000002, 0x80000002, 0x80000002, 0x80000002, 0x80000002, 0x80000002, 0x80000002,
        0x80000002, 0x80000002, 0x80000002, 0x80000002, 0x80000002, 0x80000002, 0x80000003, 0x80000003, 0x80000002,
        0x80000002, 0x80000002, 0x80000002, 0x80000002, 0x80000002, 0x80000002, 0x80000003, 0x80000002, 0x80000002,
        0x80000003, 0x80000002, 0x80000002, 0x80000002, 0x80000002, 0x80000002, 0x80000003, 0x80000003, 0x80000003,
        0x80000003, 0x80000003, 0x00010161, 0x00010162, 0x00010163, 0x00010164, 0x00010165, 0x00010166, 0x00010167,
        0x00010168, 0x00010169, 0x0001016B, 0x0001016C, 0x0001016D, 0x0001016F, 0x00010170, 0x00010171, 0x00010172,
        0x00010173, 0x00010174, 0x00010175, 0x00010176, 0x00010177, 0x00010178, 0x00010179, 0x0001017C, 0x0001017E,
        0x0001017F, 0x00010B66, 0x000101B8, 0x00010157, 0x00010159, 0x000101C0, 0x000101A4, 0x000113C6, 0x00010161,
        0x00010162, 0x00010163, 0x00010164, 0x00010165, 0x00010166, 0x00010167, 0x00010168, 0x00010169, 0x0001016B,
        0x0001016C, 0x0001016F, 0x00010170, 0x00010172, 0x00010174, 0x00010175, 0x00010176, 0x00010177, 0x00010178,
        0x00010179, 0x0001017B, 0x0001017C, 0x00010195, 0x00010157, 0x00010156, 0x00010160, 0x000101A2, 0x00010B53,
        0x000101A5, 0x80000003, 0x80000003, 0x80000003, 0x80000003, 0x80000003, 0x80000003, 0x80000003, 0x80000003,
        0x80000003, 0x80000003, 0x80000003, 0x80000003, 0x80000003, 0x80000003, 0x80000003, 0x80000003, 0x80000003,
        0x80000003, 0x000213C7, 0x000213C9, 0x000213CB, 0x000213CD, 0x000213CF, 0x000213D1, 0x000213D3, 0x000213D5,
        0x000213D7, 0x000213D9, 0x000213DB, 0x000213DD, 0x000213DF, 0x000213E1, 0x000213E3, 0x000213E5, 0x000213E7,
        0x000213E9, 0x000213EB, 0x000213ED, 0x000213EF, 0x000213F1, 0x000213F3, 0x000213F5, 0x000213F7, 0x000213F9,
        0x000213FB, 0x000213FD, 0x000213FF, 0x00021401, 0x00021403, 0x00021405, 0x00021407, 0x00021409, 0x80000002,
        0x80000002, 0x80000002, 0x80000002, 0x80000002, 0x80000002, 0x80000002, 0x80000002, 0x80000002, 0x80000002,
        0x80000002, 0x80000002, 0x80000002, 0x80000002, 0x80000002, 0x80000002, 0x80000002, 0x80000002, 0x80000002,
        0x80000002, 0x80000002, 0x80000002, 0x80000002, 0x80000002, 0x80000002, 0x80000002, 0x80000002, 0x80000002,
        0x80000002, 0x80000002, 0x0001113D, 0x0001113E, 0x00011142, 0x00011145, 0x80000003, 0x00011158, 0x00011148,
        0x00011143, 0x0001114D, 0x00011159, 0x00011153, 0x00011154, 0x00011155, 0x00011156, 0x00011149, 0x0001114F,
        0x00011151, 0x0001114B, 0x00011152, 0x00011147, 0x0001114A, 0x00011140, 0x00011141, 0x00011144, 0x00011146,
        0x0001114C, 0x0001114E, 0x00011150, 0x0001140B, 0x00010E2D, 0x0001140C, 0x0001140D, 0x80000003, 0x0001113E,
        0x00011142, 0x80000003, 0x00011157, 0x80000003, 0x80000003, 0x00011143, 0x80000003, 0x00011159, 0x00011153,
        0x00011154, 0x00011155, 0x00011156, 0x00011149, 0x0001114F, 0x00011151, 0x0001114B, 0x00011152, 0x80000003,
        0x0001114A, 0x00011140, 0x00011141, 0x00011144, 0x80000003, 0x0001114C, 0x80000003, 0x00011150, 0x80000003,
        0x80000003, 0x80000003, 0x80000003, 0x80000003, 0x80000003, 0x00011142, 0x80000003, 0x80000003, 0x80000003,
        0x80000003, 0x00011143, 0x80000003, 0x00011159, 0x80000003, 0x00011154, 0x80000003, 0x00011156, 0x00011149,
        0x0001114F, 0x80000003, 0x0001114B, 0x00011152, 0x80000003, 0x0001114A, 0x80000003, 0x80000003, 0x00011144,
        0x80000003, 0x0001114C, 0x80000003, 0x00011150, 0x80000003, 0x00010E2D, 0x80000003, 0x0001140D, 0x80000003,
        0x0001113E, 0x00011142, 0x80000003, 0x00011157, 0x80000003, 0x80000003, 0x00011143, 0x0001114D, 0x00011159,
        0x00011153, 0x80000003, 0x00011155, 0x00011156, 0x00011149, 0x0001114F, 0x00011151, 0x0001114B, 0x00011152,
        0x80000003, 0x0001114A, 0x00011140, 0x00011141, 0x00011144, 0x80000003, 0x0001114C, 0x0001114E, 0x00011150,
        0x0001140B, 0x80000003, 0x0001140C, 0x80000003, 0x0001113D, 0x0001113E, 0x00011142, 0x00011145, 0x00011157,
        0x00011158, 0x00011148, 0x00011143, 0x0001114D, 0x00011159, 0x80000003, 0x00011154, 0x00011155, 0x00011156,
        0x00011149, 0x0001114F, 0x00011151, 0x0001114B, 0x00011152, 0x00011147, 0x0001114A, 0x00011140, 0x00011141,
        0x00011144, 0x00011146, 0x0001114C, 0x0001114E, 0x00011150, 0x80000003, 0x80000003, 0x80000003, 0x80000003,
        0x80000003, 0x0001113E, 0x00011142, 0x00011145, 0x80000003, 0x00011158, 0x00011148, 0x00011143, 0x0001114D,
        0x00011159, 0x80000003, 0x00011154, 0x00011155, 0x00011156, 0x00011149, 0x0001114F, 0x00011151, 0x0001114B,
        0x00011152, 0x00011147, 0x0001114A, 0x00011140, 0x00011141, 0x00011144, 0x00011146, 0x0001114C, 0x0001114E,
        0x00011150, 0x80000003, 0x80000003, 0x80000003, 0x80000003, 0x80000003, 0x0002140E, 0x00021410, 0x00021412,
        0x00021414, 0x00021416, 0x00021418, 0x0002141A, 0x0002141C, 0x0002141E, 0x00021420, 0x80000002, 0x80000002,
        0x80000002, 0x80000002, 0x80000002, 0x000304E1, 0x000304E4, 0x000304E7, 0x000304EA, 0x000304ED, 0x000304F0,
        0x000304F3, 0x000304F6, 0x000304F9, 0x000304FC, 0x000304FF, 0x00030502, 0x00030505, 0x00030508, 0x0003050B,
        0x0003050E, 0x00030511, 0x00030514, 0x00030517, 0x0003051A, 0x0003051D, 0x00030520, 0x00030523, 0x00030526,
        0x00030529, 0x0003052C, 0x00031422, 0x00010002, 0x00010011, 0x00020ABF, 0x00021425, 0x80000002, 0x00010000,
        0x00010001, 0x00010002, 0x00010003, 0x00010004, 0x00010005, 0x00010006, 0x00010007, 0x00010008, 0x00010009,
        0x0001000A, 0x0001000B, 0x0001000C, 0x0001000D, 0x0001000E, 0x0001000F, 0x00010010, 0x00010011, 0x00010012,
        0x00010013, 0x00010014, 0x00010015, 0x00010016, 0x00010017, 0x00010018, 0x00010019, 0x00021427, 0x00020AA9,
        0x00021429, 0x0002142B, 0x0003142D, 0x00021430, 0x80000002, 0x80000002, 0x80000002, 0x80000002, 0x80000002,
        0x80000002, 0x80000002, 0x80000002, 0x80000002, 0x80000002, 0x80000002, 0x80000002, 0x80000002, 0x80000002,
        0x80000002, 0x80000002, 0x80000002, 0x80000002, 0x80000002, 0x80000002, 0x80000002, 0x80000002, 0x80000002,
        0x80000002, 0x80000002, 0x80000002, 0x00021432, 0x00021434, 0x00021436, 0x80000002, 0x80000002, 0x80000002,
        0x80000002, 0x80000002, 0x80000002, 0x80000002, 0x80000002, 0x80000002, 0x80000002, 0x80000002, 0x80000002,
        0x80000002, 0x80000002, 0x80000002, 0x80000002, 0x80000002, 0x80000002, 0x80000002, 0x80000002, 0x80000002,
        0x80000002, 0x80000002, 0x80000002, 0x80000002, 0x80000002, 0x80000002, 0x80000002, 0x80000002, 0x80000002,
        0x80000002, 0x80000002, 0x80000002, 0x80000002, 0x80000002, 0x00021438, 0x80000002, 0x80000002, 0x80000002,
        0x80000002, 0x80000002, 0x80000002, 0x80000002, 0x80000002, 0x80000002, 0x80000002, 0x80000002, 0x80000002,
        0x80000002, 0x80000002, 0x80000002, 0x80000002, 0x80000002, 0x80000002, 0x80000002, 0x80000002, 0x80000002,
        0x80000002, 0x80000002, 0x80000002, 0x80000002, 0x80000002, 0x80000002, 0x80000002, 0x80000002, 0x80000003,
        0x80000003, 0x80000003, 0x80000003, 0x80000003, 0x80000003, 0x80000003, 0x80000003, 0x80000003, 0x80000003,
        0x80000003, 0x80000003, 0x80000003, 0x80000003, 0x80000003, 0x80000003, 0x80000003, 0x80000003, 0x0002143A,
        0x0002143C, 0x00010868, 0x80000003, 0x80000003, 0x80000003, 0x80000003, 0x80000003, 0x80000003, 0x80000003,
        0x80000003, 0x80000003, 0x80000003, 0x80000003, 0x80000003, 0x80000003, 0x000105EF, 0x0001143E, 0x0001143F,
        0x00011440, 0x000105B6, 0x00011441, 0x00011442, 0x000106F7, 0x00011443, 0x00011444, 0x00011445, 0x00010CC4,
        0x00011446, 0x00011447, 0x00011448, 0x00011449, 0x0001144A, 0x0001144B, 0x00010613, 0x0001144C, 0x0001144D,
        0x0001144E, 0x0001144F, 0x00011450, 0x00011451, 0x000105B0, 0x000106EF, 0x00011452, 0x00010811, 0x000106F2,
        0x00010812, 0x00011453, 0x0001064B, 0x00011454, 0x00011455, 0x00011456, 0x00011457, 0x00011458, 0x00010800,
        0x000105F9, 0x00011459, 0x0001145A, 0x0001145B, 0x0001145C, 0x80000003, 0x80000003, 0x80000003, 0x80000003,
        0x0003145D, 0x00031460, 0x00031463, 0x00031466, 0x00031469, 0x0003146C, 0x0003146F, 0x00031472, 0x00031475,
        0x80000003, 0x80000003, 0x80000003, 0x80000003, 0x80000003, 0x80000003, 0x80000003, 0x00011478, 0x00011479,
        0x80000003, 0x80000003, 0x80000003, 0x80000003, 0x80000003, 0x80000003, 0x80000003, 0x80000003, 0x80000003,
        0x80000003, 0x80000003, 0x80000003, 0x80000003, 0x80000003, 0x80000002, 0x80000002, 0x80000002, 0x80000002,
        0x80000002, 0x80000002, 0x80000003, 0x80000003, 0x80000003, 0x80000003, 0x80000003, 0x80000003, 0x80000003,
        0x80000003, 0x80000003, 0x80000003, 0x80000003, 0x80000003, 0x80000003, 0x80000003, 0x80000003, 0x80000003,
        0x80000003, 0x80000003, 0x80000003, 0x80000003, 0x80000003, 0x80000003, 0x80000003, 0x80000003, 0x80000003,
        0x80000003, 0x80000002, 0x80000002, 0x80000002, 0x80000002, 0x80000002, 0x80000002, 0x80000002, 0x80000002,
        0x80000002, 0x80000002, 0x80000002, 0x80000003, 0x80000003, 0x80000003, 0x80000003, 0x80000003, 0x80000003,
        0x80000003, 0x80000003, 0x80000003, 0x80000003, 0x80000003, 0x80000003, 0x80000003, 0x80000003, 0x80000003,
        0x80000003, 0x80000003, 0x80000003, 0x80000003, 0x80000003, 0x80000003, 0x80000003, 0x80000003, 0x80000003,
        0x80000003, 0x80000003, 0x80000003, 0x80000003, 0x80000003, 0x80000003, 0x80000003, 0x80000003, 0x80000003,
        0x80000003, 0x80000003, 0x80000003, 0x80000003, 0x000103FF, 0x00010026, 0x0001001F, 0x00010020, 0x00010400,
        0x00010401, 0x00010402, 0x00010403, 0x00010404, 0x00010405, 0x80000003, 0x80000003, 0x80000003, 0x80000003,
        0x80000003, 0x80000003, 0x0001147A, 0x0001147B, 0x0001147C, 0x0002147D, 0x0001147F, 0x00010D21, 0x00011480,
        0x00011481, 0x00011482, 0x00011483, 0x00010D22, 0x00011484, 0x00011485, 0x00021486, 0x00010D23, 0x00011488,
        0x00011489, 0x0001148A, 0x0002148B, 0x0001148D, 0x0001148E, 0x00011448, 0x0002148F, 0x00011491, 0x00011492,
        0x00011493, 0x00011494, 0x00010D5B, 0x00021495, 0x000105C0, 0x00011497, 0x00011498, 0x00011499, 0x0001149A,
        0x0001145A, 0x0001149B, 0x0001149C, 0x00010D60, 0x00010D24, 0x00010D25, 0x00010D61, 0x0001149D, 0x0001149E,
        0x00010C6E, 0x0001149F, 0x00010D26, 0x000114A0, 0x000114A1, 0x000114A2, 0x000114A3, 0x000114A3, 0x000114A3,
        0x000214A4, 0x000114A6, 0x000114A7, 0x000114A8, 0x000214A9, 0x000114AB, 0x000114AC, 0x000114AD, 0x000114AE,
        0x000114AF, 0x000114B0, 0x000114B1, 0x000114B2, 0x000114B3, 0x000114B4, 0x000114B5, 0x000114B6, 0x000114B7,
        0x000114B7, 0x00010D63, 0x000114B8, 0x000114B9, 0x000114BA, 0x000114BB, 0x00010D28, 0x000114BC, 0x000114BD,
        0x000114BE, 0x00010D00, 0x000114BF, 0x000114C0, 0x000114C1, 0x000114C2, 0x000114C3, 0x000114C4, 0x000114C5,
        0x000114C6, 0x000214C7, 0x000114C9, 0x000114CA, 0x000114CB, 0x00011441, 0x000114CC, 0x000114CD, 0x000214CE,
        0x000214D0, 0x000114D2, 0x000114D3, 0x000114D4, 0x000114D5, 0x000114D6, 0x000114D7, 0x80000003, 0x000114D8,
        0x000114D9, 0x000114D9, 0x000214DA, 0x000114DC, 0x000114DD, 0x00010C6A, 0x000114DE, 0x000214DF, 0x000114E1,
        0x000114E2, 0x80000003, 0x000105DA, 0x000114E3, 0x000114E4, 0x000105DC, 0x000114E5, 0x000114E6, 0x000214E7,
        0x000114E9, 0x000214EA, 0x000114EC, 0x000114ED, 0x000114EE, 0x000114EF, 0x000114F0, 0x000114F1, 0x000114F2,
        0x000114F3, 0x000114F4, 0x000114F5, 0x000114F6, 0x000214F7, 0x000114F9, 0x000114FA, 0x000114FB, 0x000114FC,
        0x00010C36, 0x000214FD, 0x000105E6, 0x000214FF, 0x000214FF, 0x00011501, 0x00011502, 0x00011502, 0x00011503,
        0x00021504, 0x00021506, 0x00011508, 0x00011509, 0x0001150A, 0x0001150B, 0x0001150C, 0x0001150D, 0x0001150E,
        0x0001150F, 0x00011510, 0x00011511, 0x00010D2D, 0x00021512, 0x00011514, 0x00011515, 0x00011516, 0x00010D6F,
        0x00011516, 0x00011517, 0x00010D2F, 0x00011518, 0x00011519, 0x0001151A, 0x0001151B, 0x00010D30, 0x00010C1B,
        0x0001151C, 0x0001151D, 0x0001151E, 0x0001151F, 0x00011520, 0x00011521, 0x00021522, 0x00011524, 0x00011525,
        0x00011526, 0x00011527, 0x00011528, 0x00021529, 0x0001152B, 0x0001152C, 0x0001152D, 0x0001152E, 0x0001152F,
        0x00011530, 0x00011531, 0x00011532, 0x00011533, 0x00010D31, 0x00011534, 0x00021535, 0x00011537, 0x00011538,
        0x00011539, 0x0001153A, 0x00010D33, 0x0001153B, 0x0001153C, 0x0001153D, 0x0001153E, 0x0001153F, 0x00011540,
        0x00011541, 0x00011542, 0x00010C37, 0x00010D77, 0x00011543, 0x00011544, 0x00011545, 0x00021546, 0x00011548,
        0x00011549, 0x0001154A, 0x0001154B, 0x00010D34, 0x0002154C, 0x0001154E, 0x0001154F, 0x00011550, 0x00010DA4,
        0x00011551, 0x00011552, 0x00011553, 0x00011554, 0x00021555, 0x00011557, 0x00011558, 0x00011559, 0x0002155A,
        0x0001155C, 0x0001155D, 0x0001155E, 0x0001155F, 0x00010C7B, 0x00011560, 0x00021561, 0x00021563, 0x00021565,
        0x00011567, 0x00021568, 0x0001156A, 0x0001156B, 0x0001156C, 0x0001156D, 0x0001156E, 0x00010D35, 0x00010CCE,
        0x0001156F, 0x00011570, 0x00011571, 0x00021572, 0x00011574, 0x00011575, 0x00011576, 0x00011577, 0x00010D7A,
        0x00011578, 0x00021579, 0x0001157B, 0x0001157C, 0x0002157D, 0x0002157F, 0x00011581, 0x00011582, 0x00010D7B,
        0x00011583, 0x00011584, 0x00011585, 0x00011586, 0x00011587, 0x00011588, 0x00021589, 0x0001158B, 0x0002158C,
        0x0001158E, 0x80000003, 0x0001158F, 0x00010D7D, 0x00011590, 0x00021591, 0x00011593, 0x00011594, 0x00021595,
        0x00021597, 0x00011599, 0x0001159A, 0x0001159B, 0x0001159C, 0x0001159D, 0x0001159D, 0x0001159E, 0x0001159F,
        0x00010D7F, 0x000115A0, 0x000115A1, 0x000115A2, 0x000115A3, 0x000215A4, 0x000115A6, 0x000215A7, 0x00010C6D,
        0x000215A9, 0x000115AB, 0x000215AC, 0x000215AE, 0x000215B0, 0x000115B2, 0x000115B3, 0x00010D85, 0x000215B4,
        0x000215B6, 0x000215B8, 0x000215BA, 0x000115BC, 0x000115BD, 0x000115BD, 0x00010D86, 0x00010DA6, 0x000115BE,
        0x000115BF, 0x000115C0, 0x000215C1, 0x000115C3, 0x00010C48, 0x00010D88, 0x000115C4, 0x000215C5, 0x00010D3F,
        0x000215C7, 0x000215C9, 0x00010D14, 0x000115CB, 0x000115CC, 0x00010D42, 0x000115CD, 0x000115CE, 0x000215CF,
        0x000215D1, 0x000215D1, 0x80000003, 0x000115D3, 0x000215D4, 0x000115D6, 0x000115D7, 0x000115D8, 0x000215D9,
        0x000115DB, 0x000115DC, 0x000115DD, 0x000115DE, 0x000115DF, 0x000215E0, 0x000115E2, 0x000115E3, 0x000115E4,
        0x000115E5, 0x000115E6, 0x000115E7, 0x000215E8, 0x000215EA, 0x000115EC, 0x000215ED, 0x000115EF, 0x000215F0,
        0x000115F2, 0x000115F3, 0x00010D48, 0x000215F4, 0x000215F6, 0x000115F8, 0x000215F9, 0x000115FB, 0x000215FC,
        0x000115FE, 0x000115FF, 0x00011600, 0x00011601, 0x00011602, 0x00011603, 0x00021604, 0x00021606, 0x00021608,
        0x0002160A, 0x00011501, 0x0001160C, 0x0001160D, 0x0001160E, 0x0001160F, 0x00011610, 0x00011611, 0x00011612,
        0x00011613, 0x00011614, 0x00011615, 0x00011616, 0x00021617, 0x00010C7E, 0x00011619, 0x0001161A, 0x0001161B,
        0x0001161C, 0x0001161D, 0x0001161E, 0x00010D4B, 0x0001161F, 0x00011620, 0x00011621, 0x00011622, 0x00021623,
        0x00021625, 0x00021627, 0x00011629, 0x0001162A, 0x0001162B, 0x0001162C, 0x0002162D, 0x0001162F, 0x00021630,
        0x00011632, 0x00011633, 0x00021634, 0x00021636, 0x00011638, 0x00011639, 0x00010C43, 0x0001163A, 0x0001163B,
        0x0001163C, 0x0001163D, 0x0001163E, 0x0001163F, 0x00010D8F, 0x00011640, 0x00011641, 0x00011642, 0x80000003,
        0x00011643, 0x00011644, 0x00011645, 0x00011646, 0x00010640, 0x00021647, 0x00011649, 0x0001164A, 0x0001164B,
        0x0001164C, 0x0001164D, 0x0002164E, 0x00021650, 0x00011652, 0x00011653, 0x00011654, 0x00010D94, 0x00010D95,
        0x00010647, 0x00021655, 0x00011657, 0x00011658, 0x00011659, 0x0001165A, 0x0002165B, 0x0002165D, 0x0001165F,
        0x00011660, 0x00011661, 0x00021662, 0x00011664, 0x00010D96, 0x00021665, 0x00021667, 0x00011669, 0x0001166A,
        0x0001166B, 0x0002166C, 0x0001166E, 0x0001166F, 0x00011670, 0x00011671, 0x00011672, 0x00011673, 0x00011674,
        0x00021675, 0x00011677, 0x00011678, 0x00011679, 0x0002167A, 0x0001167C, 0x0001167D, 0x0001167E, 0x0001167F,
        0x00021680, 0x00021682, 0x00011684, 0x00011685, 0x00011686, 0x00021687, 0x00011689, 0x0002168A, 0x00010D9C,
        0x00010D9C, 0x0001168C, 0x0002168D, 0x0001168F, 0x00011690, 0x00011691, 0x00011692, 0x00011693, 0x00011694,
        0x00011695, 0x00021696, 0x00010D9D, 0x00011698, 0x00011699, 0x0001169A, 0x0001169B, 0x0001169C, 0x0002169D,
        0x0001169F, 0x000216A0, 0x000216A2, 0x000216A4, 0x00010677, 0x000116A6, 0x0001067B, 0x000116A7, 0x000116A8,
        0x000116A9, 0x000116AA, 0x00010680, 0x000216AB, 0x80000003, 0x80000003, 0x80000003, 0x80000003, 0x80000003,
        0x80000003, 0x80000003, 0x80000003, 0x80000003, 0x80000003, 0x80000003, 0x80000003, 0x80000003, 0x80000003,
        0x80000003, 0x80000003, 0x80000003, 0x80000003, 0x80000003, 0x80000003, 0x80000003, 0x80000003, 0x80000003,
        0x80000003, 0x80000003, 0x80000003, 0x80000003, 0x80000003, 0x80000003, 0x80000003, 0x80000003, 0x80000003,
        0x80000003, 0x80000003, 0x80000004, 0x80000004, 0x80000004, 0x80000004, 0x80000004, 0x80000004, 0x80000004,
        0x80000004, 0x80000004, 0x80000004, 0x80000004, 0x80000004, 0x80000004, 0x80000004, 0x80000004, 0x80000004,
        0x80000004, 0x80000004, 0x80000004, 0x80000004, 0x80000004, 0x80000004, 0x80000004, 0x80000004, 0x80000004,
        0x80000004, 0x80000004, 0x80000004, 0x80000004, 0x80000004, 0x80000004, 0x80000004, 0x80000004, 0x80000004,
        0x80000004, 0x80000004, 0x80000004, 0x80000004, 0x80000004, 0x80000004, 0x80000004, 0x80000004, 0x80000004,
        0x80000004, 0x80000004, 0x80000004, 0x80000004, 0x80000004, 0x80000004, 0x80000004, 0x80000004, 0x80000004,
        0x80000004, 0x80000004, 0x80000004, 0x80000004, 0x80000004, 0x80000004, 0x80000004, 0x80000004, 0x80000004,
        0x80000004, 0x80000004, 0x80000004, 0x80000004, 0x80000004, 0x80000004, 0x80000004, 0x80000004, 0x80000004,
        0x80000004, 0x80000004, 0x80000004, 0x80000004, 0x80000004, 0x80000004, 0x80000004, 0x80000004, 0x80000004,
        0x80000004, 0x80000004, 0x80000004, 0x80000004, 0x80000004, 0x80000004, 0x80000004, 0x80000004, 0x80000004,
        0x80000004, 0x80000004, 0x80000004, 0x80000004, 0x80000004, 0x80000004, 0x80000004, 0x80000004, 0x80000004,
        0x80000004, 0x80000004, 0x80000004, 0x80000004, 0x80000004, 0x80000004, 0x80000004, 0x80000004, 0x80000004,
        0x80000004, 0x80000004, 0x80000004, 0x80000004, 0x80000004, 0x80000004, 0x80000003, 0x80000003, 0x80000003,
        0x80000003, 0x80000003, 0x80000003, 0x80000003, 0x80000003, 0x80000003, 0x80000003, 0x80000003, 0x80000003,
        0x80000003, 0x80000003, 0x80000003, 0x80000003
    ];

    internal static readonly string Mappings =
       "\u0061\u0062\u0063\u0064\u0065\u0066\u0067\u0068\u0069\u006A\u006B\u006C\u006D\u006E\u006F\u0070\u0071\u0072" +
       "\u0073\u0074\u0075\u0076\u0077\u0078\u0079\u007A\u0020\u0020\u0308\u0020\u0304\u0032\u0033\u0020\u0301\u03BC" +
       "\u0020\u0327\u0031\u0031\u2044\u0034\u0031\u2044\u0032\u0033\u2044\u0034\u00E0\u00E1\u00E2\u00E3\u00E4\u00E5" +
       "\u00E6\u00E7\u00E8\u00E9\u00EA\u00EB\u00EC\u00ED\u00EE\u00EF\u00F0\u00F1\u00F2\u00F3\u00F4\u00F5\u00F6\u00F8" +
       "\u00F9\u00FA\u00FB\u00FC\u00FD\u00FE\u0101\u0103\u0105\u0107\u0109\u010B\u010D\u010F\u0111\u0113\u0115\u0117" +
       "\u0119\u011B\u011D\u011F\u0121\u0123\u0125\u0127\u0129\u012B\u012D\u012F\u0069\u0307\u0069\u006A\u0135\u0137" +
       "\u013A\u013C\u013E\u006C\u00B7\u0142\u0144\u0146\u0148\u02BC\u006E\u014B\u014D\u014F\u0151\u0153\u0155\u0157" +
       "\u0159\u015B\u015D\u015F\u0161\u0163\u0165\u0167\u0169\u016B\u016D\u016F\u0171\u0173\u0175\u0177\u00FF\u017A" +
       "\u017C\u017E\u0253\u0183\u0185\u0254\u0188\u0256\u0257\u018C\u01DD\u0259\u025B\u0192\u0260\u0263\u0269\u0268" +
       "\u0199\u026F\u0272\u0275\u01A1\u01A3\u01A5\u0280\u01A8\u0283\u01AD\u0288\u01B0\u028A\u028B\u01B4\u01B6\u0292" +
       "\u01B9\u01BD\u0064\u017E\u006C\u006A\u006E\u006A\u01CE\u01D0\u01D2\u01D4\u01D6\u01D8\u01DA\u01DC\u01DF\u01E1" +
       "\u01E3\u01E5\u01E7\u01E9\u01EB\u01ED\u01EF\u0064\u007A\u01F5\u0195\u01BF\u01F9\u01FB\u01FD\u01FF\u0201\u0203" +
       "\u0205\u0207\u0209\u020B\u020D\u020F\u0211\u0213\u0215\u0217\u0219\u021B\u021D\u021F\u019E\u0223\u0225\u0227" +
       "\u0229\u022B\u022D\u022F\u0231\u0233\u2C65\u023C\u019A\u2C66\u0242\u0180\u0289\u028C\u0247\u0249\u024B\u024D" +
       "\u024F\u0266\u0279\u027B\u0281\u0020\u0306\u0020\u0307\u0020\u030A\u0020\u0328\u0020\u0303\u0020\u030B\u0295" +
       "\u0300\u0301\u0313\u0308\u0301\u03B9\u0371\u0373\u02B9\u0377\u0020\u03B9\u003B\u03F3\u0020\u0308\u0301\u03AC" +
       "\u00B7\u03AD\u03AE\u03AF\u03CC\u03CD\u03CE\u03B1\u03B2\u03B3\u03B4\u03B5\u03B6\u03B7\u03B8\u03BA\u03BB\u03BD" +
       "\u03BE\u03BF\u03C0\u03C1\u03C3\u03C4\u03C5\u03C6\u03C7\u03C8\u03C9\u03CA\u03CB\u03D7\u03D9\u03DB\u03DD\u03DF" +
       "\u03E1\u03E3\u03E5\u03E7\u03E9\u03EB\u03ED\u03EF\u03F8\u03FB\u037B\u037C\u037D\u0450\u0451\u0452\u0453\u0454" +
       "\u0455\u0456\u0457\u0458\u0459\u045A\u045B\u045C\u045D\u045E\u045F\u0430\u0431\u0432\u0433\u0434\u0435\u0436" +
       "\u0437\u0438\u0439\u043A\u043B\u043C\u043D\u043E\u043F\u0440\u0441\u0442\u0443\u0444\u0445\u0446\u0447\u0448" +
       "\u0449\u044A\u044B\u044C\u044D\u044E\u044F\u0461\u0463\u0465\u0467\u0469\u046B\u046D\u046F\u0471\u0473\u0475" +
       "\u0477\u0479\u047B\u047D\u047F\u0481\u048B\u048D\u048F\u0491\u0493\u0495\u0497\u0499\u049B\u049D\u049F\u04A1" +
       "\u04A3\u04A5\u04A7\u04A9\u04AB\u04AD\u04AF\u04B1\u04B3\u04B5\u04B7\u04B9\u04BB\u04BD\u04BF\u04C2\u04C4\u04C6" +
       "\u04C8\u04CA\u04CC\u04CE\u04D1\u04D3\u04D5\u04D7\u04D9\u04DB\u04DD\u04DF\u04E1\u04E3\u04E5\u04E7\u04E9\u04EB" +
       "\u04ED\u04EF\u04F1\u04F3\u04F5\u04F7\u04F9\u04FB\u04FD\u04FF\u0501\u0503\u0505\u0507\u0509\u050B\u050D\u050F" +
       "\u0511\u0513\u0515\u0517\u0519\u051B\u051D\u051F\u0521\u0523\u0525\u0527\u0529\u052B\u052D\u052F\u0561\u0562" +
       "\u0563\u0564\u0565\u0566\u0567\u0568\u0569\u056A\u056B\u056C\u056D\u056E\u056F\u0570\u0571\u0572\u0573\u0574" +
       "\u0575\u0576\u0577\u0578\u0579\u057A\u057B\u057C\u057D\u057E\u057F\u0580\u0581\u0582\u0583\u0584\u0585\u0586" +
       "\u0565\u0582\u0627\u0674\u0648\u0674\u06C7\u0674\u064A\u0674\u0915\u093C\u0916\u093C\u0917\u093C\u091C\u093C" +
       "\u0921\u093C\u0922\u093C\u092B\u093C\u092F\u093C\u09A1\u09BC\u09A2\u09BC\u09AF\u09BC\u0A32\u0A3C\u0A38\u0A3C" +
       "\u0A16\u0A3C\u0A17\u0A3C\u0A1C\u0A3C\u0A2B\u0A3C\u0B21\u0B3C\u0B22\u0B3C\u0E4D\u0E32\u0ECD\u0EB2\u0EAB\u0E99" +
       "\u0EAB\u0EA1\u0F0B\u0F42\u0FB7\u0F4C\u0FB7\u0F51\u0FB7\u0F56\u0FB7\u0F5B\u0FB7\u0F40\u0FB5\u0F71\u0F72\u0F71" +
       "\u0F74\u0FB2\u0F80\u0FB2\u0F71\u0F80\u0FB3\u0F80\u0FB3\u0F71\u0F80\u0F71\u0F80\u0F92\u0FB7\u0F9C\u0FB7\u0FA1" +
       "\u0FB7\u0FA6\u0FB7\u0FAB\u0FB7\u0F90\u0FB5\u2D27\u2D2D\u10DC\u13F0\u13F1\u13F2\u13F3\u13F4\u13F5\uA64B\u10D0" +
       "\u10D1\u10D2\u10D3\u10D4\u10D5\u10D6\u10D7\u10D8\u10D9\u10DA\u10DB\u10DD\u10DE\u10DF\u10E0\u10E1\u10E2\u10E3" +
       "\u10E4\u10E5\u10E6\u10E7\u10E8\u10E9\u10EA\u10EB\u10EC\u10ED\u10EE\u10EF\u10F0\u10F1\u10F2\u10F3\u10F4\u10F5" +
       "\u10F6\u10F7\u10F8\u10F9\u10FA\u10FD\u10FE\u10FF\u0250\u0251\u1D02\u025C\u1D16\u1D17\u1D1D\u1D25\u0252\u0255" +
       "\u025F\u0261\u0265\u026A\u1D7B\u029D\u026D\u1D85\u029F\u0271\u0270\u0273\u0274\u0278\u0282\u01AB\u1D1C\u0290" +
       "\u0291\u1E01\u1E03\u1E05\u1E07\u1E09\u1E0B\u1E0D\u1E0F\u1E11\u1E13\u1E15\u1E17\u1E19\u1E1B\u1E1D\u1E1F\u1E21" +
       "\u1E23\u1E25\u1E27\u1E29\u1E2B\u1E2D\u1E2F\u1E31\u1E33\u1E35\u1E37\u1E39\u1E3B\u1E3D\u1E3F\u1E41\u1E43\u1E45" +
       "\u1E47\u1E49\u1E4B\u1E4D\u1E4F\u1E51\u1E53\u1E55\u1E57\u1E59\u1E5B\u1E5D\u1E5F\u1E61\u1E63\u1E65\u1E67\u1E69" +
       "\u1E6B\u1E6D\u1E6F\u1E71\u1E73\u1E75\u1E77\u1E79\u1E7B\u1E7D\u1E7F\u1E81\u1E83\u1E85\u1E87\u1E89\u1E8B\u1E8D" +
       "\u1E8F\u1E91\u1E93\u1E95\u0061\u02BE\u00DF\u1EA1\u1EA3\u1EA5\u1EA7\u1EA9\u1EAB\u1EAD\u1EAF\u1EB1\u1EB3\u1EB5" +
       "\u1EB7\u1EB9\u1EBB\u1EBD\u1EBF\u1EC1\u1EC3\u1EC5\u1EC7\u1EC9\u1ECB\u1ECD\u1ECF\u1ED1\u1ED3\u1ED5\u1ED7\u1ED9" +
       "\u1EDB\u1EDD\u1EDF\u1EE1\u1EE3\u1EE5\u1EE7\u1EE9\u1EEB\u1EED\u1EEF\u1EF1\u1EF3\u1EF5\u1EF7\u1EF9\u1EFB\u1EFD" +
       "\u1EFF\u1F00\u1F01\u1F02\u1F03\u1F04\u1F05\u1F06\u1F07\u1F10\u1F11\u1F12\u1F13\u1F14\u1F15\u1F20\u1F21\u1F22" +
       "\u1F23\u1F24\u1F25\u1F26\u1F27\u1F30\u1F31\u1F32\u1F33\u1F34\u1F35\u1F36\u1F37\u1F40\u1F41\u1F42\u1F43\u1F44" +
       "\u1F45\u1F51\u1F53\u1F55\u1F57\u1F60\u1F61\u1F62\u1F63\u1F64\u1F65\u1F66\u1F67\u1F00\u03B9\u1F01\u03B9\u1F02" +
       "\u03B9\u1F03\u03B9\u1F04\u03B9\u1F05\u03B9\u1F06\u03B9\u1F07\u03B9\u1F20\u03B9\u1F21\u03B9\u1F22\u03B9\u1F23" +
       "\u03B9\u1F24\u03B9\u1F25\u03B9\u1F26\u03B9\u1F27\u03B9\u1F60\u03B9\u1F61\u03B9\u1F62\u03B9\u1F63\u03B9\u1F64" +
       "\u03B9\u1F65\u03B9\u1F66\u03B9\u1F67\u03B9\u1F70\u03B9\u03B1\u03B9\u03AC\u03B9\u1FB6\u03B9\u1FB0\u1FB1\u1F70" +
       "\u0020\u0313\u0020\u0342\u0020\u0308\u0342\u1F74\u03B9\u03B7\u03B9\u03AE\u03B9\u1FC6\u03B9\u1F72\u1F74\u0020" +
       "\u0313\u0300\u0020\u0313\u0301\u0020\u0313\u0342\u0390\u1FD0\u1FD1\u1F76\u0020\u0314\u0300\u0020\u0314\u0301" +
       "\u0020\u0314\u0342\u03B0\u1FE0\u1FE1\u1F7A\u1FE5\u0020\u0308\u0300\u0060\u1F7C\u03B9\u03C9\u03B9\u03CE\u03B9" +
       "\u1FF6\u03B9\u1F78\u1F7C\u0020\u0314\u2010\u0020\u0333\u2032\u2032\u2032\u2032\u2032\u2035\u2035\u2035\u2035" +
       "\u2035\u0021\u0021\u0020\u0305\u003F\u003F\u003F\u0021\u0021\u003F\u2032\u2032\u2032\u2032\u0030\u0034\u0035" +
       "\u0036\u0037\u0038\u0039\u002B\u2212\u003D\u0028\u0029\u0072\u0073\u0061\u002F\u0063\u0061\u002F\u0073\u00B0" +
       "\u0063\u0063\u002F\u006F\u0063\u002F\u0075\u00B0\u0066\u006E\u006F\u0073\u006D\u0074\u0065\u006C\u0074\u006D" +
       "\u05D0\u05D1\u05D2\u05D3\u0066\u0061\u0078\u2211\u0031\u2044\u0037\u0031\u2044\u0039\u0031\u2044\u0031\u0030" +
       "\u0031\u2044\u0033\u0032\u2044\u0033\u0031\u2044\u0035\u0032\u2044\u0035\u0033\u2044\u0035\u0034\u2044\u0035" +
       "\u0031\u2044\u0036\u0035\u2044\u0036\u0031\u2044\u0038\u0033\u2044\u0038\u0035\u2044\u0038\u0037\u2044\u0038" +
       "\u0031\u2044\u0069\u0069\u0069\u0069\u0069\u0069\u0076\u0076\u0069\u0076\u0069\u0069\u0076\u0069\u0069\u0069" +
       "\u0069\u0078\u0078\u0069\u0078\u0069\u0069\u0030\u2044\u0033\u222B\u222B\u222B\u222B\u222B\u222E\u222E\u222E" +
       "\u222E\u222E\u3008\u3009\u0031\u0030\u0031\u0031\u0031\u0032\u0031\u0033\u0031\u0034\u0031\u0035\u0031\u0036" +
       "\u0031\u0037\u0031\u0038\u0031\u0039\u0032\u0030\u0028\u0031\u0029\u0028\u0032\u0029\u0028\u0033\u0029\u0028" +
       "\u0034\u0029\u0028\u0035\u0029\u0028\u0036\u0029\u0028\u0037\u0029\u0028\u0038\u0029\u0028\u0039\u0029\u0028" +
       "\u0031\u0030\u0029\u0028\u0031\u0031\u0029\u0028\u0031\u0032\u0029\u0028\u0031\u0033\u0029\u0028\u0031\u0034" +
       "\u0029\u0028\u0031\u0035\u0029\u0028\u0031\u0036\u0029\u0028\u0031\u0037\u0029\u0028\u0031\u0038\u0029\u0028" +
       "\u0031\u0039\u0029\u0028\u0032\u0030\u0029\u0028\u0061\u0029\u0028\u0062\u0029\u0028\u0063\u0029\u0028\u0064" +
       "\u0029\u0028\u0065\u0029\u0028\u0066\u0029\u0028\u0067\u0029\u0028\u0068\u0029\u0028\u0069\u0029\u0028\u006A" +
       "\u0029\u0028\u006B\u0029\u0028\u006C\u0029\u0028\u006D\u0029\u0028\u006E\u0029\u0028\u006F\u0029\u0028\u0070" +
       "\u0029\u0028\u0071\u0029\u0028\u0072\u0029\u0028\u0073\u0029\u0028\u0074\u0029\u0028\u0075\u0029\u0028\u0076" +
       "\u0029\u0028\u0077\u0029\u0028\u0078\u0029\u0028\u0079\u0029\u0028\u007A\u0029\u222B\u222B\u222B\u222B\u003A" +
       "\u003A\u003D\u003D\u003D\u003D\u003D\u003D\u2ADD\u0338\u2C30\u2C31\u2C32\u2C33\u2C34\u2C35\u2C36\u2C37\u2C38" +
       "\u2C39\u2C3A\u2C3B\u2C3C\u2C3D\u2C3E\u2C3F\u2C40\u2C41\u2C42\u2C43\u2C44\u2C45\u2C46\u2C47\u2C48\u2C49\u2C4A" +
       "\u2C4B\u2C4C\u2C4D\u2C4E\u2C4F\u2C50\u2C51\u2C52\u2C53\u2C54\u2C55\u2C56\u2C57\u2C58\u2C59\u2C5A\u2C5B\u2C5C" +
       "\u2C5D\u2C5E\u2C5F\u2C61\u026B\u1D7D\u027D\u2C68\u2C6A\u2C6C\u2C73\u2C76\u023F\u0240\u2C81\u2C83\u2C85\u2C87" +
       "\u2C89\u2C8B\u2C8D\u2C8F\u2C91\u2C93\u2C95\u2C97\u2C99\u2C9B\u2C9D\u2C9F\u2CA1\u2CA3\u2CA5\u2CA7\u2CA9\u2CAB" +
       "\u2CAD\u2CAF\u2CB1\u2CB3\u2CB5\u2CB7\u2CB9\u2CBB\u2CBD\u2CBF\u2CC1\u2CC3\u2CC5\u2CC7\u2CC9\u2CCB\u2CCD\u2CCF" +
       "\u2CD1\u2CD3\u2CD5\u2CD7\u2CD9\u2CDB\u2CDD\u2CDF\u2CE1\u2CE3\u2CEC\u2CEE\u2CF3\u2D61\u6BCD\u9F9F\u4E00\u4E28" +
       "\u4E36\u4E3F\u4E59\u4E85\u4E8C\u4EA0\u4EBA\u513F\u5165\u516B\u5182\u5196\u51AB\u51E0\u51F5\u5200\u529B\u52F9" +
       "\u5315\u531A\u5338\u5341\u535C\u5369\u5382\u53B6\u53C8\u53E3\u56D7\u571F\u58EB\u5902\u590A\u5915\u5927\u5973" +
       "\u5B50\u5B80\u5BF8\u5C0F\u5C22\u5C38\u5C6E\u5C71\u5DDB\u5DE5\u5DF1\u5DFE\u5E72\u5E7A\u5E7F\u5EF4\u5EFE\u5F0B" +
       "\u5F13\u5F50\u5F61\u5F73\u5FC3\u6208\u6236\u624B\u652F\u6534\u6587\u6597\u65A4\u65B9\u65E0\u65E5\u66F0\u6708" +
       "\u6728\u6B20\u6B62\u6B79\u6BB3\u6BCB\u6BD4\u6BDB\u6C0F\u6C14\u6C34\u706B\u722A\u7236\u723B\u723F\u7247\u7259" +
       "\u725B\u72AC\u7384\u7389\u74DC\u74E6\u7518\u751F\u7528\u7530\u758B\u7592\u7676\u767D\u76AE\u76BF\u76EE\u77DB" +
       "\u77E2\u77F3\u793A\u79B8\u79BE\u7A74\u7ACB\u7AF9\u7C73\u7CF8\u7F36\u7F51\u7F8A\u7FBD\u8001\u800C\u8012\u8033" +
       "\u807F\u8089\u81E3\u81EA\u81F3\u81FC\u820C\u821B\u821F\u826E\u8272\u8278\u864D\u866B\u8840\u884C\u8863\u897E" +
       "\u898B\u89D2\u8A00\u8C37\u8C46\u8C55\u8C78\u8C9D\u8D64\u8D70\u8DB3\u8EAB\u8ECA\u8F9B\u8FB0\u8FB5\u9091\u9149" +
       "\u91C6\u91CC\u91D1\u9577\u9580\u961C\u96B6\u96B9\u96E8\u9751\u975E\u9762\u9769\u97CB\u97ED\u97F3\u9801\u98A8" +
       "\u98DB\u98DF\u9996\u9999\u99AC\u9AA8\u9AD8\u9ADF\u9B25\u9B2F\u9B32\u9B3C\u9B5A\u9CE5\u9E75\u9E7F\u9EA5\u9EBB" +
       "\u9EC3\u9ECD\u9ED1\u9EF9\u9EFD\u9F0E\u9F13\u9F20\u9F3B\u9F4A\u9F52\u9F8D\u9F9C\u9FA0\u002E\u3012\u5344\u5345" +
       "\u0020\u3099\u0020\u309A\u3088\u308A\u30B3\u30C8\u1100\u1101\u11AA\u1102\u11AC\u11AD\u1103\u1104\u1105\u11B0" +
       "\u11B1\u11B2\u11B3\u11B4\u11B5\u111A\u1106\u1107\u1108\u1121\u1109\u110A\u110B\u110C\u110D\u110E\u110F\u1110" +
       "\u1111\u1112\u1161\u1162\u1163\u1164\u1165\u1166\u1167\u1168\u1169\u116A\u116B\u116C\u116D\u116E\u116F\u1170" +
       "\u1171\u1172\u1173\u1174\u1175\u1114\u1115\u11C7\u11C8\u11CC\u11CE\u11D3\u11D7\u11D9\u111C\u11DD\u11DF\u111D" +
       "\u111E\u1120\u1122\u1123\u1127\u1129\u112B\u112C\u112D\u112E\u112F\u1132\u1136\u1140\u1147\u114C\u11F1\u11F2" +
       "\u1157\u1158\u1159\u1184\u1185\u1188\u1191\u1192\u1194\u119E\u11A1\u4E09\u56DB\u4E0A\u4E2D\u4E0B\u7532\u4E19" +
       "\u4E01\u5929\u5730\u0028\u1100\u0029\u0028\u1102\u0029\u0028\u1103\u0029\u0028\u1105\u0029\u0028\u1106\u0029" +
       "\u0028\u1107\u0029\u0028\u1109\u0029\u0028\u110B\u0029\u0028\u110C\u0029\u0028\u110E\u0029\u0028\u110F\u0029" +
       "\u0028\u1110\u0029\u0028\u1111\u0029\u0028\u1112\u0029\u0028\uAC00\u0029\u0028\uB098\u0029\u0028\uB2E4\u0029" +
       "\u0028\uB77C\u0029\u0028\uB9C8\u0029\u0028\uBC14\u0029\u0028\uC0AC\u0029\u0028\uC544\u0029\u0028\uC790\u0029" +
       "\u0028\uCC28\u0029\u0028\uCE74\u0029\u0028\uD0C0\u0029\u0028\uD30C\u0029\u0028\uD558\u0029\u0028\uC8FC\u0029" +
       "\u0028\uC624\uC804\u0029\u0028\uC624\uD6C4\u0029\u0028\u4E00\u0029\u0028\u4E8C\u0029\u0028\u4E09\u0029\u0028" +
       "\u56DB\u0029\u0028\u4E94\u0029\u0028\u516D\u0029\u0028\u4E03\u0029\u0028\u516B\u0029\u0028\u4E5D\u0029\u0028" +
       "\u5341\u0029\u0028\u6708\u0029\u0028\u706B\u0029\u0028\u6C34\u0029\u0028\u6728\u0029\u0028\u91D1\u0029\u0028" +
       "\u571F\u0029\u0028\u65E5\u0029\u0028\u682A\u0029\u0028\u6709\u0029\u0028\u793E\u0029\u0028\u540D\u0029\u0028" +
       "\u7279\u0029\u0028\u8CA1\u0029\u0028\u795D\u0029\u0028\u52B4\u0029\u0028\u4EE3\u0029\u0028\u547C\u0029\u0028" +
       "\u5B66\u0029\u0028\u76E3\u0029\u0028\u4F01\u0029\u0028\u8CC7\u0029\u0028\u5354\u0029\u0028\u796D\u0029\u0028" +
       "\u4F11\u0029\u0028\u81EA\u0029\u0028\u81F3\u0029\u554F\u5E7C\u7B8F\u0070\u0074\u0065\u0032\u0031\u0032\u0032" +
       "\u0032\u0033\u0032\u0034\u0032\u0035\u0032\u0036\u0032\u0037\u0032\u0038\u0032\u0039\u0033\u0030\u0033\u0031" +
       "\u0033\u0032\u0033\u0033\u0033\u0034\u0033\u0035\uAC00\uB098\uB2E4\uB77C\uB9C8\uBC14\uC0AC\uC544\uC790\uCC28" +
       "\uCE74\uD0C0\uD30C\uD558\uCC38\uACE0\uC8FC\uC758\uC6B0\u4E94\u516D\u4E03\u4E5D\u682A\u6709\u793E\u540D\u7279" +
       "\u8CA1\u795D\u52B4\u79D8\u7537\u9069\u512A\u5370\u6CE8\u9805\u4F11\u5199\u6B63\u5DE6\u53F3\u533B\u5B97\u5B66" +
       "\u76E3\u4F01\u8CC7\u5354\u591C\u0033\u0036\u0033\u0037\u0033\u0038\u0033\u0039\u0034\u0030\u0034\u0031\u0034" +
       "\u0032\u0034\u0033\u0034\u0034\u0034\u0035\u0034\u0036\u0034\u0037\u0034\u0038\u0034\u0039\u0035\u0030\u0031" +
       "\u6708\u0032\u6708\u0033\u6708\u0034\u6708\u0035\u6708\u0036\u6708\u0037\u6708\u0038\u6708\u0039\u6708\u0031" +
       "\u0030\u6708\u0031\u0031\u6708\u0031\u0032\u6708\u0068\u0067\u0065\u0072\u0067\u0065\u0076\u006C\u0074\u0064" +
       "\u30A2\u30A4\u30A6\u30A8\u30AA\u30AB\u30AD\u30AF\u30B1\u30B3\u30B5\u30B7\u30B9\u30BB\u30BD\u30BF\u30C1\u30C4" +
       "\u30C6\u30C8\u30CA\u30CB\u30CC\u30CD\u30CE\u30CF\u30D2\u30D5\u30D8\u30DB\u30DE\u30DF\u30E0\u30E1\u30E2\u30E4" +
       "\u30E6\u30E8\u30E9\u30EA\u30EB\u30EC\u30ED\u30EF\u30F0\u30F1\u30F2\u4EE4\u548C\u30A2\u30D1\u30FC\u30C8\u30A2" +
       "\u30EB\u30D5\u30A1\u30A2\u30F3\u30DA\u30A2\u30A2\u30FC\u30EB\u30A4\u30CB\u30F3\u30B0\u30A4\u30F3\u30C1\u30A6" +
       "\u30A9\u30F3\u30A8\u30B9\u30AF\u30FC\u30C9\u30A8\u30FC\u30AB\u30FC\u30AA\u30F3\u30B9\u30AA\u30FC\u30E0\u30AB" +
       "\u30A4\u30EA\u30AB\u30E9\u30C3\u30C8\u30AB\u30ED\u30EA\u30FC\u30AC\u30ED\u30F3\u30AC\u30F3\u30DE\u30AE\u30AC" +
       "\u30AE\u30CB\u30FC\u30AD\u30E5\u30EA\u30FC\u30AE\u30EB\u30C0\u30FC\u30AD\u30ED\u30AD\u30ED\u30B0\u30E9\u30E0" +
       "\u30AD\u30ED\u30E1\u30FC\u30C8\u30EB\u30AD\u30ED\u30EF\u30C3\u30C8\u30B0\u30E9\u30E0\u30B0\u30E9\u30E0\u30C8" +
       "\u30F3\u30AF\u30EB\u30BC\u30A4\u30ED\u30AF\u30ED\u30FC\u30CD\u30B1\u30FC\u30B9\u30B3\u30EB\u30CA\u30B3\u30FC" +
       "\u30DD\u30B5\u30A4\u30AF\u30EB\u30B5\u30F3\u30C1\u30FC\u30E0\u30B7\u30EA\u30F3\u30B0\u30BB\u30F3\u30C1\u30BB" +
       "\u30F3\u30C8\u30C0\u30FC\u30B9\u30C7\u30B7\u30C9\u30EB\u30C8\u30F3\u30CA\u30CE\u30CE\u30C3\u30C8\u30CF\u30A4" +
       "\u30C4\u30D1\u30FC\u30BB\u30F3\u30C8\u30D1\u30FC\u30C4\u30D0\u30FC\u30EC\u30EB\u30D4\u30A2\u30B9\u30C8\u30EB" +
       "\u30D4\u30AF\u30EB\u30D4\u30B3\u30D3\u30EB\u30D5\u30A1\u30E9\u30C3\u30C9\u30D5\u30A3\u30FC\u30C8\u30D6\u30C3" +
       "\u30B7\u30A7\u30EB\u30D5\u30E9\u30F3\u30D8\u30AF\u30BF\u30FC\u30EB\u30DA\u30BD\u30DA\u30CB\u30D2\u30D8\u30EB" +
       "\u30C4\u30DA\u30F3\u30B9\u30DA\u30FC\u30B8\u30D9\u30FC\u30BF\u30DD\u30A4\u30F3\u30C8\u30DC\u30EB\u30C8\u30DB" +
       "\u30F3\u30DD\u30F3\u30C9\u30DB\u30FC\u30EB\u30DB\u30FC\u30F3\u30DE\u30A4\u30AF\u30ED\u30DE\u30A4\u30EB\u30DE" +
       "\u30C3\u30CF\u30DE\u30EB\u30AF\u30DE\u30F3\u30B7\u30E7\u30F3\u30DF\u30AF\u30ED\u30F3\u30DF\u30EA\u30DF\u30EA" +
       "\u30D0\u30FC\u30EB\u30E1\u30AC\u30E1\u30AC\u30C8\u30F3\u30E1\u30FC\u30C8\u30EB\u30E4\u30FC\u30C9\u30E4\u30FC" +
       "\u30EB\u30E6\u30A2\u30F3\u30EA\u30C3\u30C8\u30EB\u30EA\u30E9\u30EB\u30D4\u30FC\u30EB\u30FC\u30D6\u30EB\u30EC" +
       "\u30E0\u30EC\u30F3\u30C8\u30B2\u30F3\u30EF\u30C3\u30C8\u0030\u70B9\u0031\u70B9\u0032\u70B9\u0033\u70B9\u0034" +
       "\u70B9\u0035\u70B9\u0036\u70B9\u0037\u70B9\u0038\u70B9\u0039\u70B9\u0031\u0030\u70B9\u0031\u0031\u70B9\u0031" +
       "\u0032\u70B9\u0031\u0033\u70B9\u0031\u0034\u70B9\u0031\u0035\u70B9\u0031\u0036\u70B9\u0031\u0037\u70B9\u0031" +
       "\u0038\u70B9\u0031\u0039\u70B9\u0032\u0030\u70B9\u0032\u0031\u70B9\u0032\u0032\u70B9\u0032\u0033\u70B9\u0032" +
       "\u0034\u70B9\u0068\u0070\u0061\u0064\u0061\u0061\u0075\u0062\u0061\u0072\u006F\u0076\u0070\u0063\u0064\u006D" +
       "\u0064\u006D\u0032\u0064\u006D\u0033\u0069\u0075\u5E73\u6210\u662D\u548C\u5927\u6B63\u660E\u6CBB\u682A\u5F0F" +
       "\u4F1A\u793E\u0070\u0061\u006E\u0061\u03BC\u0061\u006D\u0061\u006B\u0061\u006B\u0062\u006D\u0062\u0067\u0062" +
       "\u0063\u0061\u006C\u006B\u0063\u0061\u006C\u0070\u0066\u006E\u0066\u03BC\u0066\u03BC\u0067\u006D\u0067\u006B" +
       "\u0067\u0068\u007A\u006B\u0068\u007A\u006D\u0068\u007A\u0067\u0068\u007A\u0074\u0068\u007A\u03BC\u006C\u006D" +
       "\u006C\u0064\u006C\u006B\u006C\u0066\u006D\u006E\u006D\u03BC\u006D\u006D\u006D\u0063\u006D\u006B\u006D\u006D" +
       "\u006D\u0032\u0063\u006D\u0032\u006D\u0032\u006B\u006D\u0032\u006D\u006D\u0033\u0063\u006D\u0033\u006D\u0033" +
       "\u006B\u006D\u0033\u006D\u2215\u0073\u006D\u2215\u0073\u0032\u006B\u0070\u0061\u006D\u0070\u0061\u0067\u0070" +
       "\u0061\u0072\u0061\u0064\u0072\u0061\u0064\u2215\u0073\u0072\u0061\u0064\u2215\u0073\u0032\u0070\u0073\u006E" +
       "\u0073\u03BC\u0073\u006D\u0073\u0070\u0076\u006E\u0076\u03BC\u0076\u006D\u0076\u006B\u0076\u0070\u0077\u006E" +
       "\u0077\u03BC\u0077\u006D\u0077\u006B\u0077\u006B\u03C9\u006D\u03C9\u0062\u0071\u0063\u0063\u0063\u0064\u0063" +
       "\u2215\u006B\u0067\u0064\u0062\u0067\u0079\u0068\u0061\u0068\u0070\u0069\u006E\u006B\u006B\u006B\u0074\u006C" +
       "\u006D\u006C\u006E\u006C\u006F\u0067\u006C\u0078\u006D\u0069\u006C\u006D\u006F\u006C\u0070\u0068\u0070\u0070" +
       "\u006D\u0070\u0072\u0073\u0072\u0073\u0076\u0077\u0062\u0076\u2215\u006D\u0061\u2215\u006D\u0031\u65E5\u0032" +
       "\u65E5\u0033\u65E5\u0034\u65E5\u0035\u65E5\u0036\u65E5\u0037\u65E5\u0038\u65E5\u0039\u65E5\u0031\u0030\u65E5" +
       "\u0031\u0031\u65E5\u0031\u0032\u65E5\u0031\u0033\u65E5\u0031\u0034\u65E5\u0031\u0035\u65E5\u0031\u0036\u65E5" +
       "\u0031\u0037\u65E5\u0031\u0038\u65E5\u0031\u0039\u65E5\u0032\u0030\u65E5\u0032\u0031\u65E5\u0032\u0032\u65E5" +
       "\u0032\u0033\u65E5\u0032\u0034\u65E5\u0032\u0035\u65E5\u0032\u0036\u65E5\u0032\u0037\u65E5\u0032\u0038\u65E5" +
       "\u0032\u0039\u65E5\u0033\u0030\u65E5\u0033\u0031\u65E5\u0067\u0061\u006C\uA641\uA643\uA645\uA647\uA649\uA64D" +
       "\uA64F\uA651\uA653\uA655\uA657\uA659\uA65B\uA65D\uA65F\uA661\uA663\uA665\uA667\uA669\uA66B\uA66D\uA681\uA683" +
       "\uA685\uA687\uA689\uA68B\uA68D\uA68F\uA691\uA693\uA695\uA697\uA699\uA69B\uA723\uA725\uA727\uA729\uA72B\uA72D" +
       "\uA72F\uA733\uA735\uA737\uA739\uA73B\uA73D\uA73F\uA741\uA743\uA745\uA747\uA749\uA74B\uA74D\uA74F\uA751\uA753" +
       "\uA755\uA757\uA759\uA75B\uA75D\uA75F\uA761\uA763\uA765\uA767\uA769\uA76B\uA76D\uA76F\uA77A\uA77C\u1D79\uA77F" +
       "\uA781\uA783\uA785\uA787\uA78C\uA791\uA793\uA797\uA799\uA79B\uA79D\uA79F\uA7A1\uA7A3\uA7A5\uA7A7\uA7A9\u026C" +
       "\u029E\u0287\uAB53\uA7B5\uA7B7\uA7B9\uA7BB\uA7BD\uA7BF\uA7C1\uA7C3\uA794\u1D8E\uA7C8\uA7CA\uA7D1\uA7D7\uA7D9" +
       "\uA7F6\uAB37\uAB52\u028D\u13A0\u13A1\u13A2\u13A3\u13A4\u13A5\u13A6\u13A7\u13A8\u13A9\u13AA\u13AB\u13AC\u13AD" +
       "\u13AE\u13AF\u13B0\u13B1\u13B2\u13B3\u13B4\u13B5\u13B6\u13B7\u13B8\u13B9\u13BA\u13BB\u13BC\u13BD\u13BE\u13BF" +
       "\u13C0\u13C1\u13C2\u13C3\u13C4\u13C5\u13C6\u13C7\u13C8\u13C9\u13CA\u13CB\u13CC\u13CD\u13CE\u13CF\u13D0\u13D1" +
       "\u13D2\u13D3\u13D4\u13D5\u13D6\u13D7\u13D8\u13D9\u13DA\u13DB\u13DC\u13DD\u13DE\u13DF\u13E0\u13E1\u13E2\u13E3" +
       "\u13E4\u13E5\u13E6\u13E7\u13E8\u13E9\u13EA\u13EB\u13EC\u13ED\u13EE\u13EF\u8C48\u66F4\u8CC8\u6ED1\u4E32\u53E5" +
       "\u5951\u5587\u5948\u61F6\u7669\u7F85\u863F\u87BA\u88F8\u908F\u6A02\u6D1B\u70D9\u73DE\u843D\u916A\u99F1\u4E82" +
       "\u5375\u6B04\u721B\u862D\u9E1E\u5D50\u6FEB\u85CD\u8964\u62C9\u81D8\u881F\u5ECA\u6717\u6D6A\u72FC\u90CE\u4F86" +
       "\u51B7\u52DE\u64C4\u6AD3\u7210\u76E7\u8606\u865C\u8DEF\u9732\u9B6F\u9DFA\u788C\u797F\u7DA0\u83C9\u9304\u8AD6" +
       "\u58DF\u5F04\u7C60\u807E\u7262\u78CA\u8CC2\u96F7\u58D8\u5C62\u6A13\u6DDA\u6F0F\u7D2F\u7E37\u964B\u52D2\u808B" +
       "\u51DC\u51CC\u7A1C\u7DBE\u83F1\u9675\u8B80\u62CF\u8AFE\u4E39\u5BE7\u6012\u7387\u7570\u5317\u78FB\u4FBF\u5FA9" +
       "\u4E0D\u6CCC\u6578\u7D22\u53C3\u585E\u7701\u8449\u8AAA\u6BBA\u6C88\u62FE\u82E5\u63A0\u7565\u4EAE\u5169\u51C9" +
       "\u6881\u7CE7\u826F\u8AD2\u91CF\u52F5\u5442\u5EEC\u65C5\u6FFE\u792A\u95AD\u9A6A\u9E97\u9ECE\u66C6\u6B77\u8F62" +
       "\u5E74\u6190\u6200\u649A\u6F23\u7149\u7489\u79CA\u7DF4\u806F\u8F26\u84EE\u9023\u934A\u5217\u52A3\u54BD\u70C8" +
       "\u88C2\u5EC9\u5FF5\u637B\u6BAE\u7C3E\u7375\u4EE4\u56F9\u5DBA\u601C\u73B2\u7469\u7F9A\u8046\u9234\u96F6\u9748" +
       "\u9818\u4F8B\u79AE\u91B4\u96B8\u60E1\u4E86\u50DA\u5BEE\u5C3F\u6599\u71CE\u7642\u84FC\u907C\u6688\u962E\u5289" +
       "\u677B\u67F3\u6D41\u6E9C\u7409\u7559\u786B\u7D10\u985E\u622E\u9678\u502B\u5D19\u6DEA\u8F2A\u5F8B\u6144\u6817" +
       "\u9686\u5229\u540F\u5C65\u6613\u674E\u68A8\u6CE5\u7406\u75E2\u7F79\u88CF\u88E1\u96E2\u533F\u6EBA\u541D\u71D0" +
       "\u7498\u85FA\u96A3\u9C57\u9E9F\u6797\u6DCB\u81E8\u7B20\u7C92\u72C0\u7099\u8B58\u4EC0\u8336\u523A\u5207\u5EA6" +
       "\u62D3\u7CD6\u5B85\u6D1E\u66B4\u8F3B\u964D\u5ED3\u5140\u55C0\u585A\u6674\u51DE\u732A\u76CA\u793C\u795E\u7965" +
       "\u798F\u9756\u7CBE\u8612\u8AF8\u9038\u90FD\u98EF\u98FC\u9928\u9DB4\u90DE\u96B7\u4FAE\u50E7\u514D\u52C9\u52E4" +
       "\u5351\u559D\u5606\u5668\u5840\u58A8\u5C64\u6094\u6168\u618E\u61F2\u654F\u65E2\u6691\u6885\u6D77\u6E1A\u6F22" +
       "\u716E\u722B\u7422\u7891\u7949\u7948\u7950\u7956\u798D\u798E\u7A40\u7A81\u7BC0\u7E09\u7E41\u7F72\u8005\u81ED" +
       "\u8279\u8457\u8910\u8996\u8B01\u8B39\u8CD3\u8D08\u8FB6\u96E3\u97FF\u983B\u6075\uD850\uDEEE\u8218\u4E26\u51B5" +
       "\u5168\u4F80\u5145\u5180\u52C7\u52FA\u5555\u5599\u55E2\u58B3\u5944\u5954\u5A62\u5B28\u5ED2\u5ED9\u5F69\u5FAD" +
       "\u60D8\u614E\u6108\u6160\u6234\u63C4\u641C\u6452\u6556\u671B\u6756\u6EDB\u6ECB\u701E\u77A7\u7235\u72AF\u7471" +
       "\u7506\u753B\u761D\u761F\u76DB\u76F4\u774A\u7740\u78CC\u7AB1\u7C7B\u7D5B\u7F3E\u8352\u83EF\u8779\u8941\u8986" +
       "\u8ABF\u8ACB\u8AED\u8B8A\u8F38\u9072\u9199\u9276\u967C\u97DB\u980B\u9B12\uD84A\uDC4A\uD84A\uDC44\uD84C\uDFD5" +
       "\u3B9D\u4018\u4039\uD854\uDE49\uD857\uDCD0\uD85F\uDED3\u9F43\u9F8E\u0066\u0066\u0066\u0069\u0066\u006C\u0066" +
       "\u0066\u0069\u0066\u0066\u006C\u0073\u0074\u0574\u0576\u0574\u0565\u0574\u056B\u057E\u0576\u0574\u056D\u05D9" +
       "\u05B4\u05F2\u05B7\u05E2\u05D4\u05DB\u05DC\u05DD\u05E8\u05EA\u05E9\u05C1\u05E9\u05C2\u05E9\u05BC\u05C1\u05E9" +
       "\u05BC\u05C2\u05D0\u05B7\u05D0\u05B8\u05D0\u05BC\u05D1\u05BC\u05D2\u05BC\u05D3\u05BC\u05D4\u05BC\u05D5\u05BC" +
       "\u05D6\u05BC\u05D8\u05BC\u05D9\u05BC\u05DA\u05BC\u05DB\u05BC\u05DC\u05BC\u05DE\u05BC\u05E0\u05BC\u05E1\u05BC" +
       "\u05E3\u05BC\u05E4\u05BC\u05E6\u05BC\u05E7\u05BC\u05E8\u05BC\u05E9\u05BC\u05EA\u05BC\u05D5\u05B9\u05D1\u05BF" +
       "\u05DB\u05BF\u05E4\u05BF\u05D0\u05DC\u0671\u067B\u067E\u0680\u067A\u067F\u0679\u06A4\u06A6\u0684\u0683\u0686" +
       "\u0687\u068D\u068C\u068E\u0688\u0698\u0691\u06A9\u06AF\u06B3\u06B1\u06BA\u06BB\u06C0\u06C1\u06BE\u06D2\u06D3" +
       "\u06AD\u06C7\u06C6\u06C8\u06CB\u06C5\u06C9\u06D0\u0649\u0626\u0627\u0626\u06D5\u0626\u0648\u0626\u06C7\u0626" +
       "\u06C6\u0626\u06C8\u0626\u06D0\u0626\u0649\u06CC\u0626\u062C\u0626\u062D\u0626\u0645\u0626\u064A\u0628\u062C" +
       "\u0628\u062D\u0628\u062E\u0628\u0645\u0628\u0649\u0628\u064A\u062A\u062C\u062A\u062D\u062A\u062E\u062A\u0645" +
       "\u062A\u0649\u062A\u064A\u062B\u062C\u062B\u0645\u062B\u0649\u062B\u064A\u062C\u062D\u062C\u0645\u062D\u062C" +
       "\u062D\u0645\u062E\u062C\u062E\u062D\u062E\u0645\u0633\u062C\u0633\u062D\u0633\u062E\u0633\u0645\u0635\u062D" +
       "\u0635\u0645\u0636\u062C\u0636\u062D\u0636\u062E\u0636\u0645\u0637\u062D\u0637\u0645\u0638\u0645\u0639\u062C" +
       "\u0639\u0645\u063A\u062C\u063A\u0645\u0641\u062C\u0641\u062D\u0641\u062E\u0641\u0645\u0641\u0649\u0641\u064A" +
       "\u0642\u062D\u0642\u0645\u0642\u0649\u0642\u064A\u0643\u0627\u0643\u062C\u0643\u062D\u0643\u062E\u0643\u0644" +
       "\u0643\u0645\u0643\u0649\u0643\u064A\u0644\u062C\u0644\u062D\u0644\u062E\u0644\u0645\u0644\u0649\u0644\u064A" +
       "\u0645\u062C\u0645\u062D\u0645\u062E\u0645\u0645\u0645\u0649\u0645\u064A\u0646\u062C\u0646\u062D\u0646\u062E" +
       "\u0646\u0645\u0646\u0649\u0646\u064A\u0647\u062C\u0647\u0645\u0647\u0649\u0647\u064A\u064A\u062C\u064A\u062D" +
       "\u064A\u062E\u064A\u0645\u064A\u0649\u064A\u064A\u0630\u0670\u0631\u0670\u0649\u0670\u0020\u064C\u0651\u0020" +
       "\u064D\u0651\u0020\u064E\u0651\u0020\u064F\u0651\u0020\u0650\u0651\u0020\u0651\u0670\u0626\u0631\u0626\u0632" +
       "\u0626\u0646\u0628\u0631\u0628\u0632\u0628\u0646\u062A\u0631\u062A\u0632\u062A\u0646\u062B\u0631\u062B\u0632" +
       "\u062B\u0646\u0645\u0627\u0646\u0631\u0646\u0632\u0646\u0646\u064A\u0631\u064A\u0632\u064A\u0646\u0626\u062E" +
       "\u0626\u0647\u0628\u0647\u062A\u0647\u0635\u062E\u0644\u0647\u0646\u0647\u0647\u0670\u064A\u0647\u062B\u0647" +
       "\u0633\u0647\u0634\u0645\u0634\u0647\u0640\u064E\u0651\u0640\u064F\u0651\u0640\u0650\u0651\u0637\u0649\u0637" +
       "\u064A\u0639\u0649\u0639\u064A\u063A\u0649\u063A\u064A\u0633\u0649\u0633\u064A\u0634\u0649\u0634\u064A\u062D" +
       "\u0649\u062D\u064A\u062C\u0649\u062C\u064A\u062E\u0649\u062E\u064A\u0635\u0649\u0635\u064A\u0636\u0649\u0636" +
       "\u064A\u0634\u062C\u0634\u062D\u0634\u062E\u0634\u0631\u0633\u0631\u0635\u0631\u0636\u0631\u0627\u064B\u062A" +
       "\u062C\u0645\u062A\u062D\u062C\u062A\u062D\u0645\u062A\u062E\u0645\u062A\u0645\u062C\u062A\u0645\u062D\u062A" +
       "\u0645\u062E\u062C\u0645\u062D\u062D\u0645\u064A\u062D\u0645\u0649\u0633\u062D\u062C\u0633\u062C\u062D\u0633" +
       "\u062C\u0649\u0633\u0645\u062D\u0633\u0645\u062C\u0633\u0645\u0645\u0635\u062D\u062D\u0635\u0645\u0645\u0634" +
       "\u062D\u0645\u0634\u062C\u064A\u0634\u0645\u062E\u0634\u0645\u0645\u0636\u062D\u0649\u0636\u062E\u0645\u0637" +
       "\u0645\u062D\u0637\u0645\u0645\u0637\u0645\u064A\u0639\u062C\u0645\u0639\u0645\u0645\u0639\u0645\u0649\u063A" +
       "\u0645\u0645\u063A\u0645\u064A\u063A\u0645\u0649\u0641\u062E\u0645\u0642\u0645\u062D\u0642\u0645\u0645\u0644" +
       "\u062D\u0645\u0644\u062D\u064A\u0644\u062D\u0649\u0644\u062C\u062C\u0644\u062E\u0645\u0644\u0645\u062D\u0645" +
       "\u062D\u062C\u0645\u062D\u0645\u0645\u062D\u064A\u0645\u062C\u062D\u0645\u062C\u0645\u0645\u062E\u062C\u0645" +
       "\u062E\u0645\u0645\u062C\u062E\u0647\u0645\u062C\u0647\u0645\u0645\u0646\u062D\u0645\u0646\u062D\u0649\u0646" +
       "\u062C\u0645\u0646\u062C\u0649\u0646\u0645\u064A\u0646\u0645\u0649\u064A\u0645\u0645\u0628\u062E\u064A\u062A" +
       "\u062C\u064A\u062A\u062C\u0649\u062A\u062E\u064A\u062A\u062E\u0649\u062A\u0645\u064A\u062A\u0645\u0649\u062C" +
       "\u0645\u064A\u062C\u062D\u0649\u062C\u0645\u0649\u0633\u062E\u0649\u0635\u062D\u064A\u0634\u062D\u064A\u0636" +
       "\u062D\u064A\u0644\u062C\u064A\u0644\u0645\u064A\u064A\u062D\u064A\u064A\u062C\u064A\u064A\u0645\u064A\u0645" +
       "\u0645\u064A\u0642\u0645\u064A\u0646\u062D\u064A\u0639\u0645\u064A\u0643\u0645\u064A\u0646\u062C\u062D\u0645" +
       "\u062E\u064A\u0644\u062C\u0645\u0643\u0645\u0645\u062C\u062D\u064A\u062D\u062C\u064A\u0645\u062C\u064A\u0641" +
       "\u0645\u064A\u0628\u062D\u064A\u0633\u062E\u064A\u0646\u062C\u064A\u0635\u0644\u06D2\u0642\u0644\u06D2\u0627" +
       "\u0644\u0644\u0647\u0627\u0643\u0628\u0631\u0645\u062D\u0645\u062F\u0635\u0644\u0639\u0645\u0631\u0633\u0648" +
       "\u0644\u0639\u0644\u064A\u0647\u0648\u0633\u0644\u0645\u0635\u0644\u0649\u0635\u0644\u0649\u0020\u0627\u0644" +
       "\u0644\u0647\u0020\u0639\u0644\u064A\u0647\u0020\u0648\u0633\u0644\u0645\u062C\u0644\u0020\u062C\u0644\u0627" +
       "\u0644\u0647\u0631\u06CC\u0627\u0644\u002C\u3001\u003A\u0021\u003F\u3016\u3017\u2014\u2013\u005F\u007B\u007D" +
       "\u3014\u3015\u3010\u3011\u300A\u300B\u300C\u300D\u300E\u300F\u005B\u005D\u0023\u0026\u002A\u002D\u003C\u003E" +
       "\u005C\u005C\u0024\u0025\u0040\u0020\u064B\u0640\u064B\u0020\u064C\u0020\u064D\u0020\u064E\u0640\u064E\u0020" +
       "\u064F\u0640\u064F\u0020\u0650\u0640\u0650\u0020\u0651\u0640\u0651\u0020\u0652\u0640\u0652\u0621\u0622\u0623" +
       "\u0624\u0625\u0626\u0627\u0628\u0629\u062A\u062B\u062C\u062D\u062E\u062F\u0630\u0631\u0632\u0633\u0634\u0635" +
       "\u0636\u0637\u0638\u0639\u063A\u0641\u0642\u0643\u0644\u0645\u0646\u0647\u0648\u064A\u0644\u0622\u0644\u0623" +
       "\u0644\u0625\u0644\u0627\u005C\u0022\u0027\u002F\u005E\u007C\u007E\u2985\u2986\u30FB\u30A1\u30A3\u30A5\u30A7" +
       "\u30A9\u30E3\u30E5\u30E7\u30C3\u30FC\u30F3\u3099\u309A\u00A2\u00A3\u00AC\u00A6\u00A5\u20A9\u2502\u2190\u2191" +
       "\u2192\u2193\u25A0\u25CB\uD801\uDC28\uD801\uDC29\uD801\uDC2A\uD801\uDC2B\uD801\uDC2C\uD801\uDC2D\uD801\uDC2E" +
       "\uD801\uDC2F\uD801\uDC30\uD801\uDC31\uD801\uDC32\uD801\uDC33\uD801\uDC34\uD801\uDC35\uD801\uDC36\uD801\uDC37" +
       "\uD801\uDC38\uD801\uDC39\uD801\uDC3A\uD801\uDC3B\uD801\uDC3C\uD801\uDC3D\uD801\uDC3E\uD801\uDC3F\uD801\uDC40" +
       "\uD801\uDC41\uD801\uDC42\uD801\uDC43\uD801\uDC44\uD801\uDC45\uD801\uDC46\uD801\uDC47\uD801\uDC48\uD801\uDC49" +
       "\uD801\uDC4A\uD801\uDC4B\uD801\uDC4C\uD801\uDC4D\uD801\uDC4E\uD801\uDC4F\uD801\uDCD8\uD801\uDCD9\uD801\uDCDA" +
       "\uD801\uDCDB\uD801\uDCDC\uD801\uDCDD\uD801\uDCDE\uD801\uDCDF\uD801\uDCE0\uD801\uDCE1\uD801\uDCE2\uD801\uDCE3" +
       "\uD801\uDCE4\uD801\uDCE5\uD801\uDCE6\uD801\uDCE7\uD801\uDCE8\uD801\uDCE9\uD801\uDCEA\uD801\uDCEB\uD801\uDCEC" +
       "\uD801\uDCED\uD801\uDCEE\uD801\uDCEF\uD801\uDCF0\uD801\uDCF1\uD801\uDCF2\uD801\uDCF3\uD801\uDCF4\uD801\uDCF5" +
       "\uD801\uDCF6\uD801\uDCF7\uD801\uDCF8\uD801\uDCF9\uD801\uDCFA\uD801\uDCFB\uD801\uDD97\uD801\uDD98\uD801\uDD99" +
       "\uD801\uDD9A\uD801\uDD9B\uD801\uDD9C\uD801\uDD9D\uD801\uDD9E\uD801\uDD9F\uD801\uDDA0\uD801\uDDA1\uD801\uDDA3" +
       "\uD801\uDDA4\uD801\uDDA5\uD801\uDDA6\uD801\uDDA7\uD801\uDDA8\uD801\uDDA9\uD801\uDDAA\uD801\uDDAB\uD801\uDDAC" +
       "\uD801\uDDAD\uD801\uDDAE\uD801\uDDAF\uD801\uDDB0\uD801\uDDB1\uD801\uDDB3\uD801\uDDB4\uD801\uDDB5\uD801\uDDB6" +
       "\uD801\uDDB7\uD801\uDDB8\uD801\uDDB9\uD801\uDDBB\uD801\uDDBC\u02D0\u02D1\u0299\u02A3\uAB66\u02A5\u02A4\u1D91" +
       "\u0258\u025E\u02A9\u0264\u0262\u029B\u029C\u0267\u0284\u02AA\u02AB\uD837\uDF04\uA78E\u026E\uD837\uDF05\u028E" +
       "\uD837\uDF06\u0276\u0277\u027A\uD837\uDF08\u027E\u02A8\u02A6\uAB67\u02A7\u2C71\u028F\u02A1\u02A2\u0298\u01C0" +
       "\u01C1\u01C2\uD837\uDF0A\uD837\uDF1E\uD803\uDCC0\uD803\uDCC1\uD803\uDCC2\uD803\uDCC3\uD803\uDCC4\uD803\uDCC5" +
       "\uD803\uDCC6\uD803\uDCC7\uD803\uDCC8\uD803\uDCC9\uD803\uDCCA\uD803\uDCCB\uD803\uDCCC\uD803\uDCCD\uD803\uDCCE" +
       "\uD803\uDCCF\uD803\uDCD0\uD803\uDCD1\uD803\uDCD2\uD803\uDCD3\uD803\uDCD4\uD803\uDCD5\uD803\uDCD6\uD803\uDCD7" +
       "\uD803\uDCD8\uD803\uDCD9\uD803\uDCDA\uD803\uDCDB\uD803\uDCDC\uD803\uDCDD\uD803\uDCDE\uD803\uDCDF\uD803\uDCE0" +
       "\uD803\uDCE1\uD803\uDCE2\uD803\uDCE3\uD803\uDCE4\uD803\uDCE5\uD803\uDCE6\uD803\uDCE7\uD803\uDCE8\uD803\uDCE9" +
       "\uD803\uDCEA\uD803\uDCEB\uD803\uDCEC\uD803\uDCED\uD803\uDCEE\uD803\uDCEF\uD803\uDCF0\uD803\uDCF1\uD803\uDCF2" +
       "\uD806\uDCC0\uD806\uDCC1\uD806\uDCC2\uD806\uDCC3\uD806\uDCC4\uD806\uDCC5\uD806\uDCC6\uD806\uDCC7\uD806\uDCC8" +
       "\uD806\uDCC9\uD806\uDCCA\uD806\uDCCB\uD806\uDCCC\uD806\uDCCD\uD806\uDCCE\uD806\uDCCF\uD806\uDCD0\uD806\uDCD1" +
       "\uD806\uDCD2\uD806\uDCD3\uD806\uDCD4\uD806\uDCD5\uD806\uDCD6\uD806\uDCD7\uD806\uDCD8\uD806\uDCD9\uD806\uDCDA" +
       "\uD806\uDCDB\uD806\uDCDC\uD806\uDCDD\uD806\uDCDE\uD806\uDCDF\uD81B\uDE60\uD81B\uDE61\uD81B\uDE62\uD81B\uDE63" +
       "\uD81B\uDE64\uD81B\uDE65\uD81B\uDE66\uD81B\uDE67\uD81B\uDE68\uD81B\uDE69\uD81B\uDE6A\uD81B\uDE6B\uD81B\uDE6C" +
       "\uD81B\uDE6D\uD81B\uDE6E\uD81B\uDE6F\uD81B\uDE70\uD81B\uDE71\uD81B\uDE72\uD81B\uDE73\uD81B\uDE74\uD81B\uDE75" +
       "\uD81B\uDE76\uD81B\uDE77\uD81B\uDE78\uD81B\uDE79\uD81B\uDE7A\uD81B\uDE7B\uD81B\uDE7C\uD81B\uDE7D\uD81B\uDE7E" +
       "\uD81B\uDE7F\uD834\uDD57\uD834\uDD65\uD834\uDD58\uD834\uDD65\uD834\uDD58\uD834\uDD65\uD834\uDD6E\uD834\uDD58" +
       "\uD834\uDD65\uD834\uDD6F\uD834\uDD58\uD834\uDD65\uD834\uDD70\uD834\uDD58\uD834\uDD65\uD834\uDD71\uD834\uDD58" +
       "\uD834\uDD65\uD834\uDD72\uD834\uDDB9\uD834\uDD65\uD834\uDDBA\uD834\uDD65\uD834\uDDB9\uD834\uDD65\uD834\uDD6E" +
       "\uD834\uDDBA\uD834\uDD65\uD834\uDD6E\uD834\uDDB9\uD834\uDD65\uD834\uDD6F\uD834\uDDBA\uD834\uDD65\uD834\uDD6F" +
       "\u0131\u0237\u2207\u2202\u04CF\uD83A\uDD22\uD83A\uDD23\uD83A\uDD24\uD83A\uDD25\uD83A\uDD26\uD83A\uDD27\uD83A" +
       "\uDD28\uD83A\uDD29\uD83A\uDD2A\uD83A\uDD2B\uD83A\uDD2C\uD83A\uDD2D\uD83A\uDD2E\uD83A\uDD2F\uD83A\uDD30\uD83A" +
       "\uDD31\uD83A\uDD32\uD83A\uDD33\uD83A\uDD34\uD83A\uDD35\uD83A\uDD36\uD83A\uDD37\uD83A\uDD38\uD83A\uDD39\uD83A" +
       "\uDD3A\uD83A\uDD3B\uD83A\uDD3C\uD83A\uDD3D\uD83A\uDD3E\uD83A\uDD3F\uD83A\uDD40\uD83A\uDD41\uD83A\uDD42\uD83A" +
       "\uDD43\u066E\u06A1\u066F\u0030\u002C\u0031\u002C\u0032\u002C\u0033\u002C\u0034\u002C\u0035\u002C\u0036\u002C" +
       "\u0037\u002C\u0038\u002C\u0039\u002C\u3014\u0073\u3015\u0077\u007A\u0068\u0076\u0073\u0064\u0073\u0073\u0070" +
       "\u0070\u0076\u0077\u0063\u006D\u0063\u006D\u0064\u006D\u0072\u0064\u006A\u307B\u304B\u30B3\u30B3\u5B57\u53CC" +
       "\u30C7\u591A\u89E3\u4EA4\u6620\u7121\u524D\u5F8C\u518D\u65B0\u521D\u7D42\u8CA9\u58F0\u5439\u6F14\u6295\u6355" +
       "\u904A\u6307\u6253\u7981\u7A7A\u5408\u6E80\u7533\u5272\u55B6\u914D\u3014\u672C\u3015\u3014\u4E09\u3015\u3014" +
       "\u4E8C\u3015\u3014\u5B89\u3015\u3014\u70B9\u3015\u3014\u6253\u3015\u3014\u76D7\u3015\u3014\u52DD\u3015\u3014" +
       "\u6557\u3015\u5F97\u53EF\u4E3D\u4E38\u4E41\uD840\uDD22\u4F60\u4FBB\u5002\u507A\u5099\u50CF\u349E\uD841\uDE3A" +
       "\u5154\u5164\u5177\uD841\uDD1C\u34B9\u5167\uD841\uDD4B\u5197\u51A4\u4ECC\u51AC\uD864\uDDDF\u5203\u34DF\u523B" +
       "\u5246\u5277\u3515\u5305\u5306\u5349\u535A\u5373\u537D\u537F\uD842\uDE2C\u7070\u53CA\u53DF\uD842\uDF63\u53EB" +
       "\u53F1\u5406\u549E\u5438\u5448\u5468\u54A2\u54F6\u5510\u5553\u5563\u5584\u55AB\u55B3\u55C2\u5716\u5717\u5651" +
       "\u5674\u58EE\u57CE\u57F4\u580D\u578B\u5832\u5831\u58AC\uD845\uDCE4\u58F2\u58F7\u5906\u5922\u5962\uD845\uDEA8" +
       "\uD845\uDEEA\u59EC\u5A1B\u5A27\u59D8\u5A66\u36EE\u5B08\u5B3E\uD846\uDDC8\u5BC3\u5BD8\u5BF3\uD846\uDF18\u5BFF" +
       "\u5C06\u3781\u5C60\u5CC0\u5C8D\uD847\uDDE4\u5D43\uD847\uDDE6\u5D6E\u5D6B\u5D7C\u5DE1\u5DE2\u382F\u5DFD\u5E28" +
       "\u5E3D\u5E69\u3862\uD848\uDD83\u387C\u5EB0\u5EB3\u5EB6\uD868\uDF92\uD848\uDF31\u8201\u5F22\u38C7\uD84C\uDEB8" +
       "\uD858\uDDDA\u5F62\u5F6B\u38E3\u5F9A\u5FCD\u5FD7\u5FF9\u6081\u393A\u391C\uD849\uDED4\u60C7\u6148\u614C\u617A" +
       "\u61B2\u61A4\u61AF\u61DE\u6210\u621B\u625D\u62B1\u62D4\u6350\uD84A\uDF0C\u633D\u62FC\u6368\u6383\u63E4\uD84A" +
       "\uDFF1\u6422\u63C5\u63A9\u3A2E\u6469\u647E\u649D\u6477\u3A6C\u656C\uD84C\uDC0A\u65E3\u66F8\u6649\u3B19\u3B08" +
       "\u3AE4\u5192\u5195\u6700\u669C\u80AD\u43D9\u6721\u675E\u6753\uD84C\uDFC3\u3B49\u67FA\u6785\u6852\uD84D\uDC6D" +
       "\u688E\u681F\u6914\u6942\u69A3\u69EA\u6AA8\uD84D\uDEA3\u6ADB\u3C18\u6B21\uD84E\uDCA7\u6B54\u3C4E\u6B72\u6B9F" +
       "\u6BBB\uD84E\uDE8D\uD847\uDD0B\uD84E\uDEFA\u6C4E\uD84F\uDCBC\u6CBF\u6CCD\u6C67\u6D16\u6D3E\u6D69\u6D78\u6D85" +
       "\uD84F\uDD1E\u6D34\u6E2F\u6E6E\u3D33\u6EC7\uD84F\uDED1\u6DF9\u6F6E\uD84F\uDF5E\uD84F\uDF8E\u6FC6\u7039\u701B" +
       "\u3D96\u704A\u707D\u7077\u70AD\uD841\uDD25\u7145\uD850\uDE63\u719C\u7228\u7250\uD851\uDE08\u7280\u7295\uD851" +
       "\uDF35\uD852\uDC14\u737A\u738B\u3EAC\u73A5\u3EB8\u7447\u745C\u7485\u74CA\u3F1B\u7524\uD853\uDC36\u753E\uD853" +
       "\uDC92\uD848\uDD9F\u7610\uD853\uDFA1\uD853\uDFB8\uD854\uDC44\u3FFC\u4008\uD854\uDCF3\uD854\uDCF2\uD854\uDD19" +
       "\uD854\uDD33\u771E\u771F\u778B\u4046\u4096\uD855\uDC1D\u784E\u40E3\uD855\uDE26\uD855\uDE9A\uD855\uDEC5\u79EB" +
       "\u412F\u7A4A\u7A4F\uD856\uDD7C\uD856\uDEA7\u4202\uD856\uDFAB\u7BC6\u7BC9\u4227\uD857\uDC80\u7CD2\u42A0\u7CE8" +
       "\u7CE3\u7D00\uD857\uDF86\u7D63\u4301\u7DC7\u7E02\u7E45\u4334\uD858\uDE28\uD858\uDE47\u4359\uD858\uDED9\u7F7A" +
       "\uD858\uDF3E\u7F95\u7FFA\uD859\uDCDA\uD859\uDD23\u8060\uD859\uDDA8\u8070\uD84C\uDF5F\u43D5\u80B2\u8103\u440B" +
       "\u813E\u5AB5\uD859\uDFA7\uD859\uDFB5\uD84C\uDF93\uD84C\uDF9C\u8204\u8F9E\u446B\u8291\u828B\u829D\u52B3\u82B1" +
       "\u82B3\u82BD\u82E6\uD85A\uDF3C\u831D\u8363\u83AD\u8323\u83BD\u83E7\u8353\u83CA\u83CC\u83DC\uD85B\uDC36\uD85B" +
       "\uDD6B\uD85B\uDCD5\u452B\u84F1\u84F3\u8516\uD85C\uDFCA\u8564\uD85B\uDF2C\u455D\u4561\uD85B\uDFB1\uD85C\uDCD2" +
       "\u456B\u8650\u8667\u8669\u86A9\u8688\u870E\u86E2\u8728\u876B\u8786\u87E1\u8801\u45F9\u8860\uD85D\uDE67\u88D7" +
       "\u88DE\u4635\u88FA\u34BB\uD85E\uDCAE\uD85E\uDD66\u46BE\u46C7\u8AA0\uD85F\uDCA8\u8CAB\u8CC1\u8D1B\u8D77\uD85F" +
       "\uDF2F\uD842\uDC04\u8DCB\u8DBC\u8DF0\uD842\uDCDE\u8ED4\uD861\uDDD2\uD861\uDDED\u9094\u90F1\u9111\uD861\uDF2E" +
       "\u911B\u9238\u92D7\u92D8\u927C\u93F9\u9415\uD862\uDFFA\u958B\u4995\u95B7\uD863\uDD77\u49E6\u96C3\u5DB2\u9723" +
       "\uD864\uDD45\uD864\uDE1A\u4A6E\u4A76\u97E0\uD865\uDC0A\u4AB2\uD865\uDC96\u9829\uD865\uDDB6\u98E2\u4B33\u9929" +
       "\u99A7\u99C2\u99FE\u4BCE\uD866\uDF30\u9C40\u9CFD\u4CCE\u4CED\u9D67\uD868\uDCCE\u4CF8\uD868\uDD05\uD868\uDE0E" +
       "\uD868\uDE91\u4D56\u9EFE\u9F05\u9F0F\u9F16\uD869\uDE00";
}
